TINH,C3,C5,C17,C19,C30C,C31,C36,C39,C44A,C46A,C51,TTNT,Cal_weigh,HDKT,Region
1,1,59,8,1,1701,5,2,2,5500,48,4,1,165.5840101,1,2
1,1,59,8,1,1701,5,2,2,5500,48,4,1,165.5840101,1,2
1,1,15,3,1,2599,3,6,2,3600,48,4,2,87.54300894,1,2
1,1,21,3,2,3100,3,6,2,5000,63,4,2,87.54300894,1,2
1,2,26,5,1,2930,11,1,1,7000,48,4,2,83.42355685,1,2
1,1,23,4,1,2599,11,2,1,7500,48,4,2,87.54300894,1,2
1,2,37,4,1,3100,11,1,1,4700,48,4,2,83.42355685,1,2
1,1,19,5,2,2930,5,6,2,5000,48,4,2,87.54300894,1,2
1,2,41,4,2,2630,11,2,2,6000,48,4,2,83.42355685,1,2
1,1,48,5,1,1075,10,1,1,8500,48,4,2,114.7982484,1,2
1,2,44,6,1,1030,5,1,1,8000,48,4,2,113.6676939,1,2
1,2,45,7,1,1030,5,1,1,8000,48,4,2,113.6676939,1,2
1,2,22,5,2,2610,11,3,1,6000,56,4,2,136.5259555,1,2
1,2,38,4,4,2391,5,1,1,4000,48,4,2,122.6759144,1,2
1,2,41,4,2,1520,5,2,1,4300,55,4,2,122.6759144,1,2
1,2,42,4,2,1520,5,2,1,4400,55,4,2,122.6759144,1,2
1,1,21,5,2,2930,11,2,1,9400,60,4,2,128.7336464,1,2
1,2,42,4,2,1520,5,2,1,4700,55,4,2,122.6759144,1,2
1,2,43,5,3,1321,10,2,1,6000,40,4,1,184.7386571,1,2
1,2,44,5,3,1329,10,2,1,6500,40,4,1,184.7386571,1,2
1,1,44,5,3,1010,5,2,1,15000,40,4,1,173.2087848,1,2
1,2,30,4,2,2640,5,2,1,6000,48,4,2,136.2969399,1,2
1,2,30,4,2,2610,5,2,2,6000,48,4,2,136.2969399,1,2
1,2,36,4,2,1410,3,6,2,6000,48,4,2,136.2969399,1,2
1,2,36,4,2,1410,5,2,1,6000,48,4,2,136.2969399,1,2
1,2,35,4,2,1410,3,6,2,6000,48,4,2,136.2969399,1,2
1,2,36,4,2,1410,3,6,2,6000,48,4,2,136.2969399,1,2
1,1,37,4,2,3100,3,6,2,5500,50,4,2,137.652568,1,2
1,1,37,4,2,3100,3,6,2,5500,50,4,2,137.652568,1,2
1,2,34,4,2,2640,5,2,1,6000,48,4,2,136.2969399,1,2
1,2,34,4,2,2610,5,2,1,6000,48,4,2,136.2969399,1,2
1,1,35,4,2,3100,3,6,2,5800,55,4,2,137.652568,1,2
1,1,36,4,2,3100,3,6,2,5800,55,4,2,137.652568,1,2
1,2,32,4,2,1410,5,2,1,6000,48,4,2,136.2969399,1,2
1,2,32,4,2,1410,5,2,1,6000,48,4,2,136.2969399,1,2
1,2,19,5,2,2640,5,2,1,5000,48,4,2,135.7467545,1,2
1,2,19,5,2,2640,5,2,1,5000,48,4,2,135.7467545,1,2
1,1,28,5,2,3100,3,6,2,6000,55,4,2,137.652568,1,2
1,1,30,4,2,3100,3,6,2,5500,52,4,2,137.652568,1,2
1,2,30,4,2,2640,5,2,1,7000,48,4,2,136.2969399,1,2
1,2,42,3,1,1073,5,2,1,6000,48,4,2,136.2969399,1,2
1,1,24,5,2,3100,3,6,2,5000,50,4,2,143.0272777,1,2
1,1,54,3,1,2512,5,3,2,5000,52,4,2,137.652568,1,2
1,2,33,4,1,3100,3,6,2,4000,60,4,2,138.1882867,1,2
1,2,26,5,2,2511,3,6,2,4000,40,4,2,138.2059782,1,2
1,1,21,4,2,1410,5,2,2,5000,48,4,2,145.0305842,1,2
1,2,20,4,2,1410,5,2,2,4000,40,4,2,137.6480866,1,2
22,2,45,5,1,2391,5,1,1,5000,40,4,1,136.2908664,1,2
22,1,48,5,1,210,1,7,2,5500,56,4,1,99.1444366,1,2
22,2,44,5,1,210,1,7,2,5000,48,4,1,94.91685336,1,2
22,2,31,5,2,1520,5,2,1,4800,48,4,1,154.0679359,1,2
22,2,30,4,2,1071,3,4,2,4000,50,4,1,139.2650103,1,2
22,2,46,4,2,2220,5,4,1,6000,48,4,1,139.2650103,1,2
22,2,36,5,2,2733,5,2,1,3000,48,4,1,144.339077,1,2
22,2,28,4,2,1610,5,3,2,3500,48,4,2,89.92154381,1,2
22,2,41,5,2,1520,5,2,1,4600,48,4,1,141.2939488,1,2
22,2,38,5,2,1520,5,2,1,4300,48,4,1,141.2939488,1,2
22,2,21,4,2,1520,5,2,1,4300,48,4,1,162.9940764,1,2
22,2,22,5,2,1520,5,2,1,4100,48,4,1,162.9940764,1,2
22,2,48,6,1,161,5,1,1,6000,50,4,1,113.0097555,1,2
22,1,42,2,1,222,1,6,2,4000,50,4,1,177.117405,1,2
22,1,21,5,1,2733,11,1,1,4000,48,4,1,186.5896982,1,2
22,1,18,5,5,2733,11,1,1,3000,48,4,1,186.5896982,1,2
22,1,24,3,1,3290,5,2,1,5000,48,4,1,186.5896982,1,2
22,2,22,5,2,2733,11,3,1,3800,48,4,1,195.6070405,1,2
22,1,52,4,1,1610,5,1,2,6000,48,4,2,96.62731419,1,2
22,1,43,3,1,1709,5,5,1,5000,56,4,2,96.62731419,1,2
22,2,37,3,1,2733,11,3,1,4000,56,4,2,95.64731733,1,2
22,1,35,4,1,311,1,6,2,5000,50,4,1,135.7386479,1,2
22,2,57,4,1,146,1,6,2,5000,40,4,1,107.9443292,1,2
22,2,58,4,1,146,5,6,2,5000,40,4,1,107.9443292,1,2
22,1,58,4,1,322,1,6,2,5000,50,4,1,135.7386479,1,2
22,1,32,4,1,311,1,6,2,5000,50,4,1,135.7386479,1,2
22,1,40,3,1,322,1,6,2,4000,50,4,2,68.92274692,1,2
22,1,37,4,1,311,1,6,2,6000,45,4,2,68.92274692,1,2
27,2,29,4,3,2630,11,2,1,8000,48,4,2,103.0711591,1,2
27,2,39,3,1,2392,5,2,1,6100,63,4,2,118.8888732,1,2
27,2,43,4,2,2220,11,1,1,6900,51,4,2,128.2964691,1,2
27,2,44,4,2,2220,11,1,1,7000,51,4,2,128.2964691,1,2
27,2,44,4,2,2220,11,1,1,6000,56,4,2,128.2964691,1,2
27,1,22,4,2,2220,11,1,1,7000,54,4,2,172.4760978,1,2
27,1,22,4,2,2220,11,1,1,7500,54,4,2,172.4760978,1,2
27,2,27,4,2,2610,11,1,1,6300,54,4,2,128.2964691,1,2
27,2,28,4,2,2610,11,1,1,6800,54,4,2,128.2964691,1,2
27,1,32,5,2,2310,10,1,1,8600,56,4,2,132.0863605,1,2
27,1,48,5,2,2220,11,1,1,7000,52,4,2,132.0863605,1,2
27,1,49,5,2,2220,11,1,1,7000,52,4,2,132.0863605,1,2
27,2,43,4,2,2220,11,1,1,6500,50,4,2,128.2964691,1,2
27,2,43,4,2,2220,11,1,1,6500,50,4,2,128.2964691,1,2
27,1,38,4,2,1709,5,1,1,6800,56,4,2,132.0863605,1,2
27,2,32,4,2,2930,11,1,1,6300,50,4,2,128.2964691,1,2
27,1,26,5,6,2620,11,1,1,7000,54,4,2,132.0863605,1,2
27,1,26,5,6,2620,11,1,1,7400,54,4,2,132.0863605,1,2
27,1,45,4,1,1071,11,1,1,5200,48,4,2,132.0863605,1,2
27,2,41,4,2,1071,11,1,1,5500,48,4,2,128.2964691,1,2
27,2,30,5,2,1071,11,2,1,5500,50,4,2,128.2964691,1,2
27,1,41,3,2,2733,11,2,1,5600,60,4,2,132.0863605,1,2
27,2,20,5,2,2610,11,1,1,5600,48,4,2,146.2682055,1,2
27,2,43,4,1,2630,5,2,2,4000,50,4,2,121.9562366,1,2
27,2,40,4,2,2610,11,1,1,5100,52,4,2,118.0662308,1,2
27,2,40,4,2,2610,11,1,1,5300,52,4,2,118.0662308,1,2
27,1,27,4,2,2610,11,2,1,5500,54,4,2,121.5539199,1,2
27,1,28,4,2,2610,11,1,1,5800,54,4,2,121.5539199,1,2
27,2,21,5,1,2610,11,3,1,4000,51,4,2,141.6027272,1,2
27,2,21,5,1,2610,11,3,1,4100,51,4,2,141.6027272,1,2
27,1,26,5,2,1623,5,1,1,7200,52,4,2,121.5539199,1,2
27,1,26,5,2,1623,5,1,1,7200,52,4,2,121.5539199,1,2
27,2,25,5,2,2630,11,1,1,8100,54,4,2,118.0662308,1,2
27,2,26,5,2,2630,11,1,1,8100,54,4,2,118.0662308,1,2
27,2,37,5,2,2610,11,1,1,7800,54,4,2,118.0662308,1,2
27,2,37,5,2,2610,11,1,1,7800,54,4,2,118.0662308,1,2
27,2,54,4,1,2610,11,3,2,3800,48,4,2,118.0662308,1,2
27,1,19,5,1,2610,11,3,2,4500,60,4,2,158.723018,1,2
27,2,54,4,1,1329,11,1,1,3800,56,4,2,118.0662308,1,2
27,2,25,5,2,2610,11,1,1,6600,56,4,2,118.0662308,1,2
27,2,26,5,2,2610,11,1,1,6600,56,4,2,118.0662308,1,2
27,2,23,5,2,2610,11,1,1,6500,54,4,2,144.9975472,1,2
27,2,30,5,1,2610,11,1,1,8000,50,4,2,120.8967808,1,2
27,1,27,4,2,2610,11,2,2,5500,60,4,2,166.3800767,1,2
27,1,27,4,2,2610,11,2,1,5500,60,4,2,166.3800767,1,2
27,1,62,4,3,161,4,7,2,500,20,4,2,106.8191801,1,2
27,2,31,5,2,2710,11,1,1,6600,48,4,2,120.0486642,1,2
27,2,28,5,1,2630,11,1,1,6560,48,4,2,120.0486642,1,2
27,2,60,4,1,1629,3,6,2,1500,40,4,2,103.1812297,1,2
27,2,33,4,1,2630,11,1,1,5860,48,4,2,120.0486642,1,2
27,1,34,5,6,2610,11,1,1,8480,48,4,2,123.5949146,1,2
27,1,26,5,7,2630,11,1,1,11000,48,4,2,123.5949146,1,2
27,1,30,5,6,2630,11,1,1,10900,48,4,2,123.5949146,1,2
27,2,56,3,1,3100,5,7,2,4000,48,4,2,103.1812297,1,2
27,1,58,4,1,2100,10,2,2,5000,48,4,2,123.5949146,1,2
27,1,24,5,1,2511,11,1,1,8680,48,4,2,161.3881138,1,2
27,1,25,5,1,2511,11,1,1,8970,48,4,2,123.5949146,1,2
27,2,22,5,1,2630,11,1,1,4580,48,4,2,143.9803587,1,2
27,2,23,5,1,2630,11,1,1,5260,48,4,2,143.9803587,1,2
27,1,25,3,1,2630,11,1,1,6540,48,4,2,123.5949146,1,2
27,1,25,3,1,2630,11,1,1,6200,48,4,2,123.5949146,1,2
27,2,35,4,2,1410,11,1,1,6200,48,4,2,120.0486642,1,2
27,2,65,3,1,1629,3,6,2,2000,40,4,2,103.1812297,1,2
27,2,44,4,1,1629,3,6,2,4200,48,4,2,120.0486642,1,2
27,2,18,5,2,1410,11,1,1,4800,48,4,2,143.9803587,1,2
27,2,19,5,2,1410,11,1,1,5000,48,4,2,143.9803587,1,2
27,2,40,3,2,1410,11,1,1,3900,48,4,2,120.0486642,1,2
27,2,40,3,2,1410,11,1,1,4500,48,4,2,120.0486642,1,2
27,2,19,5,2,1410,11,1,1,4200,48,4,2,143.9803587,1,2
27,2,32,5,2,2610,5,6,2,4500,56,4,2,125.9044138,1,2
27,1,26,5,2,2393,5,2,1,8900,40,4,2,129.6236437,1,2
27,1,31,5,2,2822,10,2,2,5200,60,4,2,129.6236437,1,2
27,2,24,5,2,2630,11,2,1,6700,60,4,2,151.0034516,1,2
27,1,27,7,1,2599,11,1,1,8000,56,4,2,121.7417037,1,2
27,1,26,5,7,2630,11,1,1,7500,65,4,2,121.7417037,1,2
27,2,22,5,1,2630,11,1,1,7500,65,4,2,141.8214837,1,2
30,2,28,4,4,1410,11,2,1,4600,48,4,1,30.72220409,1,2
30,1,26,7,4,1410,11,2,1,5200,48,4,1,32.32019635,1,2
30,1,18,4,1,1410,11,2,1,3200,48,4,1,192.3549665,1,2
34,2,42,4,1,2930,5,2,1,5500,56,4,2,23.62576474,1,2
34,1,38,4,3,2500,5,3,2,4800,56,4,2,254.7309024,1,2
34,2,36,4,1,1410,5,2,1,4000,48,4,2,263.8154349,1,2
1,2,34,5,1,1073,5,1,1,8500,48,3,1,176.127957,1,2
1,2,34,5,1,1073,5,1,1,8500,48,3,1,176.127957,1,2
1,1,47,5,2,1702,5,1,1,10000,48,3,1,148.8705356,1,2
1,1,48,6,2,2220,5,1,1,10000,48,3,1,148.8705356,1,2
1,1,21,5,1,2511,3,6,2,5000,48,3,1,160.6601318,1,2
1,1,42,5,1,2394,5,1,1,7500,48,3,1,175.2526559,1,2
1,1,43,5,1,2394,5,2,1,7500,48,3,1,175.2526559,1,2
1,2,40,5,1,2394,5,1,1,7000,48,3,1,173.630953,1,2
1,2,41,5,1,2394,5,2,1,7000,48,3,1,173.630953,1,2
1,1,29,5,1,2599,3,6,2,7000,48,3,1,175.2526559,1,2
1,1,24,5,1,2029,5,1,1,6500,48,3,1,189.9635692,1,2
1,2,29,5,1,1322,5,2,1,4500,48,3,1,151.9418786,1,2
1,2,29,5,1,1322,5,2,1,4500,48,3,1,151.9418786,1,2
1,2,41,4,1,1709,5,6,2,4000,48,3,1,162.8463636,1,2
1,2,37,4,1,1071,3,6,2,4000,56,3,1,162.8463636,1,2
1,2,38,4,5,1071,3,6,2,4500,56,3,1,162.8463636,1,2
1,1,25,5,1,2022,5,2,1,6000,52,3,1,164.367339,1,2
1,2,44,5,2,1410,3,6,2,5000,48,3,1,207.260025,1,2
1,2,20,5,1,1410,5,2,1,7000,48,3,1,228.9983521,1,2
1,1,19,4,1,1410,5,2,2,3000,48,3,1,156.0623784,1,2
1,1,20,4,1,1410,5,2,2,4000,48,3,1,156.0623784,1,2
1,2,46,4,1,2610,5,2,2,4500,48,3,1,152.4093921,1,2
1,2,25,5,1,1410,3,6,2,4000,48,3,1,152.4093921,1,2
1,1,47,4,2,1520,10,1,1,7000,48,3,1,153.4125784,1,2
1,1,47,4,2,1410,10,1,1,6500,48,3,1,153.4125784,1,2
1,1,35,5,2,1702,5,2,1,7000,48,3,1,164.8209502,1,2
1,1,35,5,2,1420,5,2,1,7000,48,3,1,164.8209502,1,2
1,2,40,5,2,1410,3,6,2,7000,48,3,1,163.2957772,1,2
1,2,40,5,3,1410,3,6,2,7000,48,3,1,163.2957772,1,2
1,1,19,4,1,2392,5,2,1,6500,48,3,1,167.2096912,1,2
1,1,19,4,1,2392,5,2,1,6500,48,3,1,167.2096912,1,2
1,1,22,4,1,2392,5,2,1,6500,48,3,1,167.2096912,1,2
1,1,23,4,1,2392,5,2,1,6500,48,3,1,167.2096912,1,2
1,1,27,5,1,2392,5,2,1,6500,48,3,1,164.8209502,1,2
1,1,55,5,1,2392,5,2,1,7000,48,3,1,164.8209502,1,2
1,1,54,4,1,2392,5,2,2,6500,48,3,1,164.8209502,1,2
1,1,55,4,1,2392,5,2,1,6500,48,3,1,164.8209502,1,2
1,1,48,8,2,2593,5,1,1,8500,48,3,1,181.1437979,1,2
1,1,49,5,2,2599,5,1,1,8000,48,3,1,181.1437979,1,2
1,2,34,5,1,2432,5,2,1,8000,48,3,1,148.1546932,1,2
1,2,35,5,1,2599,5,2,1,8000,48,3,1,148.1546932,1,2
1,1,64,4,1,118,5,7,2,4000,62,3,1,120.1258725,1,2
1,1,45,5,1,2610,11,2,1,5200,48,3,1,183.7448371,1,2
1,1,46,5,1,2610,11,2,1,5700,48,3,1,183.7448371,1,2
1,1,27,4,1,1104,11,3,2,4000,40,3,1,180.7247261,1,2
1,1,28,4,1,1104,11,2,2,5000,40,3,1,180.7247261,1,2
1,1,32,5,1,1050,5,1,1,9000,56,3,1,185.7885107,1,2
1,1,32,5,1,1050,5,1,1,8000,48,3,1,185.7885107,1,2
1,1,34,5,1,1050,5,2,2,5000,48,3,1,189.0462843,1,2
1,1,34,5,1,1050,5,3,2,7000,48,3,1,189.0462843,1,2
1,2,39,5,2,3290,10,1,1,5000,40,3,1,187.2969419,1,2
1,2,39,5,2,3290,10,1,1,5000,40,3,1,187.2969419,1,2
1,1,52,4,5,1200,10,1,1,6000,48,3,1,160.5729875,1,2
1,1,53,4,5,1200,10,1,1,6500,48,3,1,160.5729875,1,2
1,2,26,5,2,1410,5,1,1,4500,48,3,1,146.7042277,1,2
1,2,55,5,1,2610,5,2,1,4500,48,3,1,142.7817428,1,2
1,1,33,5,3,3091,5,3,1,5000,48,3,1,191.2628138,1,2
1,1,33,5,5,3091,5,1,1,6000,48,3,1,191.2628138,1,2
1,1,53,5,1,1811,9,1,1,7500,48,3,1,191.2628138,1,2
1,2,37,5,2,2220,5,1,1,7500,48,3,1,112.6101784,1,2
1,2,37,5,2,1322,5,1,1,6600,48,3,1,112.6101784,1,2
1,2,37,5,2,1410,5,1,1,5600,48,3,1,112.6101784,1,2
1,1,54,4,1,1410,5,1,1,6500,48,3,1,113.6619508,1,2
1,1,55,4,1,1410,5,1,1,5500,48,3,1,113.6619508,1,2
1,2,47,4,1,1410,5,1,1,6100,48,3,1,112.6101784,1,2
1,2,47,4,1,1410,5,1,1,5300,48,3,1,112.6101784,1,2
1,1,46,3,1,1410,3,1,1,4700,48,3,1,170.9254298,1,2
1,1,46,3,1,1410,3,1,1,4700,48,3,1,170.9254298,1,2
1,1,37,5,1,1811,3,6,2,5200,48,3,1,170.9254298,1,2
1,1,34,5,1,1811,3,6,2,4800,40,3,1,170.9254298,1,2
1,1,29,5,1,1811,3,6,2,5100,48,3,1,170.9254298,1,2
1,2,34,4,1,1811,3,6,2,5500,48,3,1,169.343769,1,2
1,1,37,2,2,2511,3,6,2,6500,48,3,1,170.9254298,1,2
1,2,35,5,2,1410,5,1,1,5500,48,3,1,169.343769,1,2
1,2,36,5,2,1410,5,1,1,5800,48,3,1,169.343769,1,2
1,2,39,5,2,3250,11,1,1,8700,48,3,1,169.343769,1,2
1,2,38,4,1,1410,5,1,1,5950,48,3,1,169.343769,1,2
1,1,52,5,1,118,1,6,2,4000,30,3,1,167.593168,1,2
1,1,52,5,1,1811,3,6,2,6000,45,3,1,167.593168,1,2
1,1,51,5,1,118,1,6,2,4000,30,3,1,167.593168,1,2
1,1,54,5,1,1629,10,2,1,6500,40,3,1,192.2911085,1,2
1,1,54,5,1,2029,10,2,1,6500,40,3,1,192.2911085,1,2
1,1,56,4,2,2592,3,7,2,5000,35,3,1,181.9281147,1,2
1,2,55,4,1,2593,5,1,1,5000,48,3,1,149.7213345,1,2
1,2,55,4,5,2599,5,1,1,5000,48,3,1,149.7213345,1,2
1,1,27,5,1,2100,5,1,1,6000,48,3,1,181.9281147,1,2
1,2,32,4,1,2610,5,1,1,6500,40,3,1,197.5305937,1,2
1,2,44,5,2,2750,5,2,1,8000,54,3,1,179.9277546,1,2
1,1,45,5,1,3092,10,1,1,9000,48,3,1,105.9663239,1,2
1,2,41,4,1,2610,11,1,1,4100,60,3,2,139.4142087,1,2
1,2,41,4,1,2610,11,1,1,4000,60,3,2,139.4142087,1,2
1,2,41,4,1,2395,3,6,2,5500,48,3,2,139.4142087,1,2
1,2,41,4,1,2395,3,6,2,5500,48,3,2,139.4142087,1,2
1,1,27,5,2,3091,11,1,1,6500,40,3,2,140.8008415,1,2
1,1,48,4,1,118,1,6,2,3500,40,3,2,102.3318071,1,2
1,2,29,4,1,1410,5,4,2,3800,60,3,2,100.7644086,1,2
1,2,27,5,1,2930,5,3,1,5000,48,3,2,113.6676939,1,2
1,2,46,5,6,1030,5,1,1,5000,48,3,2,113.6676939,1,2
1,1,42,4,1,1030,5,1,1,5000,48,3,2,114.7982484,1,2
1,1,42,4,1,1030,5,1,1,5000,48,3,2,114.7982484,1,2
1,2,37,5,1,1030,5,1,1,5000,48,3,2,113.6676939,1,2
1,2,37,5,1,1030,5,1,1,5000,48,3,2,113.6676939,1,2
1,1,45,3,1,111,1,6,2,4000,28,3,2,132.3496635,1,2
1,2,32,3,1,111,1,6,2,4000,28,3,2,131.0462595,1,2
1,1,36,4,3,2593,3,6,2,5800,48,3,2,106.4763604,1,2
1,1,36,4,1,2512,3,6,2,6000,56,3,2,106.4763604,1,2
1,1,17,4,1,3100,3,6,2,3000,56,3,2,110.6337803,1,2
1,1,42,4,1,2410,3,6,2,4000,48,3,2,106.4763604,1,2
1,2,43,3,1,3100,3,6,2,2000,56,3,2,105.4277614,1,2
1,2,44,3,1,3100,3,6,2,2000,56,3,2,105.4277614,1,2
1,1,32,4,1,2410,3,6,2,4000,48,3,2,106.4763604,1,2
1,2,29,4,1,3100,3,6,2,2000,56,3,2,105.4277614,1,2
1,2,30,4,1,3100,3,6,2,2400,56,3,2,105.4277614,1,2
1,1,37,4,1,2410,3,6,2,4500,48,3,2,106.4763604,1,2
1,1,38,4,1,2410,3,6,2,3000,48,3,2,106.4763604,1,2
1,2,39,3,1,3100,3,6,2,2000,56,3,2,105.4277614,1,2
1,2,40,3,1,3100,3,6,2,3000,48,3,2,105.4277614,1,2
1,1,31,3,2,2511,5,2,2,8000,56,3,2,138.4427085,1,2
1,1,31,3,2,2511,5,3,2,8000,56,3,2,138.4427085,1,2
1,2,29,5,1,2732,11,2,1,5300,48,3,2,137.079299,1,2
1,2,29,5,1,2733,11,2,1,6000,48,3,2,137.079299,1,2
1,1,32,5,1,2220,3,7,2,6500,48,3,2,138.4427085,1,2
1,1,33,4,1,2610,5,2,2,5000,48,3,2,138.4427085,1,2
1,2,30,5,1,2610,11,2,1,6000,48,3,2,137.079299,1,2
1,2,30,5,2,2610,11,2,1,6500,48,3,2,137.079299,1,2
1,2,21,5,2,2610,11,2,1,6000,48,3,2,136.5259555,1,2
1,2,47,3,1,1075,5,3,2,6000,70,3,2,137.079299,1,2
1,1,44,5,1,2511,3,6,2,6000,56,3,2,138.4427085,1,2
1,1,44,5,1,2511,3,7,2,6000,48,3,2,138.4427085,1,2
1,1,20,5,1,2930,11,2,1,6000,48,3,2,143.8482696,1,2
1,1,20,5,2,2930,11,2,1,6500,48,3,2,143.8482696,1,2
1,2,57,4,1,118,1,7,2,4000,48,3,2,118.4733075,1,2
1,2,58,4,1,118,1,7,2,4000,48,3,2,118.4733075,1,2
1,1,48,4,1,1075,5,7,2,5200,48,3,2,138.4427085,1,2
1,2,47,4,1,1075,5,7,2,4000,48,3,2,137.079299,1,2
1,2,27,5,2,2930,11,1,1,6000,48,3,2,137.079299,1,2
1,2,31,4,1,2610,5,4,2,4500,48,3,2,137.079299,1,2
1,2,42,4,1,3100,5,6,2,5000,48,3,2,137.079299,1,2
1,2,42,4,1,3100,5,7,2,5000,48,3,2,137.079299,1,2
1,1,28,5,2,2930,11,1,1,6500,48,3,2,138.4427085,1,2
1,2,24,5,2,1811,11,1,1,7500,48,3,2,136.5259555,1,2
1,2,27,5,1,2610,11,3,2,4000,48,3,2,137.079299,1,2
1,2,39,4,2,1410,3,7,2,4500,52,3,2,137.079299,1,2
1,2,33,5,2,1520,5,2,1,5200,55,3,2,122.6759144,1,2
1,2,34,5,2,1520,5,2,1,5200,55,3,2,122.6759144,1,2
1,2,43,3,2,1410,3,6,2,3200,60,3,2,122.6759144,1,2
1,2,43,3,2,1410,3,6,2,3100,60,3,2,122.6759144,1,2
1,1,21,5,2,2930,11,2,1,9500,60,3,2,128.7336464,1,2
1,2,34,5,2,2610,11,2,1,6400,55,3,2,122.6759144,1,2
1,2,42,4,2,1520,5,1,1,4600,55,3,2,122.6759144,1,2
1,1,34,5,2,2930,11,2,1,8000,55,3,2,123.8960658,1,2
1,2,32,4,2,2930,11,2,1,7600,55,3,2,122.6759144,1,2
1,2,35,5,2,1520,5,1,1,5600,60,3,2,122.6759144,1,2
1,2,32,4,1,1103,11,2,1,4000,42,3,2,122.6759144,1,2
1,2,32,4,1,1103,11,2,1,4500,48,3,2,122.6759144,1,2
1,1,22,5,2,1709,5,2,2,4600,55,3,2,128.7336464,1,2
1,2,44,4,2,2391,5,1,1,4600,48,3,2,122.6759144,1,2
1,2,44,4,2,2392,5,1,1,5000,48,3,2,122.6759144,1,2
1,2,20,5,1,1520,5,2,2,3500,55,3,2,122.1807125,1,2
1,1,17,4,1,2511,3,6,2,1200,16,3,2,151.6400509,1,2
1,2,29,4,1,2620,11,4,2,4300,48,3,2,113.4349331,1,2
1,1,23,5,1,2610,11,2,1,4800,48,3,2,119.0363459,1,2
1,2,22,5,1,2610,11,2,1,5200,48,3,2,112.977034,1,2
1,2,56,3,1,2930,11,1,2,3800,48,3,2,89.24125602,1,2
1,1,57,3,1,2930,11,2,2,3800,48,3,2,104.8625753,1,2
1,1,48,4,1,2511,5,1,2,3500,51,3,2,151.2791589,1,2
1,1,48,4,1,2511,5,7,2,3500,48,3,2,151.2791589,1,2
1,2,48,4,1,2511,5,1,1,4200,48,3,2,149.7893336,1,2
1,2,48,4,1,2599,5,6,2,4200,48,3,2,149.7893336,1,2
1,2,57,5,3,1410,3,6,2,2500,45,3,1,144.1043801,1,2
1,2,58,5,1,1410,3,6,2,2500,48,3,1,144.1043801,1,2
1,2,36,5,2,1410,5,1,1,5500,48,3,2,132.4822962,1,2
1,2,36,5,1,1410,5,1,1,5500,48,3,2,132.4822962,1,2
1,1,29,5,1,1079,5,2,1,7000,48,3,2,133.7999833,1,2
1,1,29,5,1,1079,5,2,1,7000,48,3,2,133.7999833,1,2
1,2,36,5,1,2029,5,1,1,6000,48,3,2,132.4822962,1,2
1,2,37,5,1,2029,5,1,1,6000,48,3,2,132.4822962,1,2
1,2,26,5,1,2023,5,1,1,6500,48,3,2,132.4822962,1,2
1,2,26,5,1,2023,5,1,1,6500,48,3,2,132.4822962,1,2
1,2,42,4,1,2220,5,5,2,4500,48,3,2,132.4822962,1,2
1,2,23,4,1,1050,11,4,2,7000,48,3,2,131.9475093,1,2
1,2,45,4,1,1621,3,6,2,5000,40,3,2,139.0221552,1,2
1,2,72,3,1,1629,3,6,2,700,30,3,2,119.4888508,1,2
1,2,73,3,1,1629,3,6,2,700,20,3,2,119.4888508,1,2
1,2,37,4,1,1410,3,6,2,3500,40,3,2,139.0221552,1,2
1,2,45,4,1,1629,3,6,2,5000,50,3,2,139.0221552,1,2
1,1,61,2,1,1621,3,6,2,3000,45,3,2,120.6773033,1,2
1,2,61,4,1,1410,3,6,2,500,15,3,2,119.4888508,1,2
1,2,61,4,1,1410,3,6,2,500,15,3,2,119.4888508,1,2
1,2,31,3,1,1323,5,2,1,6000,48,3,2,139.0221552,1,2
1,2,34,4,1,2610,5,2,1,5000,48,3,2,139.0221552,1,2
1,2,22,5,1,1073,5,6,2,1200,20,3,2,32.68646683,1,2
1,2,22,5,1,1073,5,6,2,1200,20,3,2,32.68646683,1,2
1,1,38,4,1,1410,5,3,2,4200,48,3,2,33.14536774,1,2
1,1,19,5,1,2393,11,1,1,10000,60,3,2,112.4460983,1,2
1,1,26,5,1,2220,5,1,1,6500,56,3,2,108.2205748,1,2
1,1,26,5,1,2220,5,1,1,6000,56,3,2,108.2205748,1,2
1,2,19,4,1,1410,5,4,2,3600,60,3,2,106.7222502,1,2
1,2,32,6,1,2930,11,1,1,9000,48,3,2,107.1547984,1,2
1,2,36,6,5,2670,11,1,1,12000,48,3,2,107.1547984,1,2
1,2,37,7,1,2670,11,1,1,10000,48,3,2,107.1547984,1,2
1,1,21,5,3,1323,3,6,2,5700,48,3,2,112.4460983,1,2
1,2,22,5,3,2420,5,1,1,6000,48,3,2,106.7222502,1,2
1,1,43,4,3,3290,5,3,1,5200,48,3,2,108.2205748,1,2
1,2,38,4,3,2220,5,1,1,6800,56,3,2,107.1547984,1,2
1,2,58,3,1,2220,5,6,2,2000,30,3,2,92.09901622,1,2
1,2,57,5,3,1410,11,3,2,7000,48,3,2,92.09901622,1,2
1,2,40,4,1,1709,5,3,2,4300,48,3,2,107.1547984,1,2
1,2,40,4,1,1701,5,3,2,4500,48,3,2,107.1547984,1,2
1,1,20,5,1,2392,11,2,1,9600,48,3,2,112.4460983,1,2
1,1,30,5,3,2420,5,1,1,4300,48,3,2,108.2205748,1,2
1,2,26,5,3,1323,11,1,1,7700,70,3,2,107.1547984,1,2
1,1,25,5,3,2420,5,1,1,4500,48,3,2,108.2205748,1,2
1,2,22,5,3,1323,11,1,1,4500,42,3,2,106.7222502,1,2
1,1,27,7,1,2220,10,1,1,6500,48,3,2,140.4483039,1,2
1,1,48,4,1,1512,5,1,1,4500,48,3,2,140.4483039,1,2
1,1,48,4,1,1512,5,2,1,4500,48,3,2,140.4483039,1,2
1,2,46,3,1,1701,5,3,2,2500,48,3,2,139.0651429,1,2
1,2,46,3,1,1701,5,2,2,4000,48,3,2,139.0651429,1,2
1,1,22,3,1,1512,3,6,2,4500,56,3,2,145.9321744,1,2
1,1,27,4,1,1512,5,3,2,4500,48,3,2,140.4483039,1,2
1,1,27,4,1,1512,5,2,2,4500,48,3,2,140.4483039,1,2
1,1,33,5,1,2220,10,1,1,5500,60,3,2,140.4483039,1,2
1,1,33,5,1,2220,10,1,1,5500,60,3,2,140.4483039,1,2
1,2,33,4,1,2220,10,1,1,5000,60,3,2,139.0651429,1,2
1,1,20,5,2,1512,3,6,2,1600,20,3,2,145.9321744,1,2
1,1,20,5,1,1512,3,6,2,2000,24,3,2,145.9321744,1,2
1,1,49,5,2,2420,3,6,2,5000,42,3,2,140.4483039,1,2
1,2,44,5,2,2420,3,6,2,5000,42,3,2,139.0651429,1,2
1,1,51,4,1,162,10,1,1,5500,48,3,1,187.9630129,1,2
1,1,36,2,1,1709,3,6,2,2500,21,3,1,192.2911085,1,2
1,1,36,2,1,1709,3,6,2,2500,21,3,1,192.2911085,1,2
1,2,30,5,1,2100,5,1,1,7000,50,3,1,191.5880776,1,2
1,2,30,5,2,2100,5,1,1,8000,50,3,1,191.5880776,1,2
1,1,39,3,1,3290,5,1,1,6000,48,3,2,98.08262297,1,2
1,1,39,3,1,3290,5,1,1,6000,48,3,2,98.08262297,1,2
1,1,34,4,1,1311,3,6,2,7500,48,3,2,98.08262297,1,2
1,1,35,4,1,1311,3,6,2,7000,48,3,2,98.08262297,1,2
1,1,56,4,1,3230,5,1,1,7000,48,3,2,117.7526277,1,2
1,1,57,4,1,3230,5,1,1,7000,48,3,2,117.7526277,1,2
1,2,37,5,1,1410,5,1,1,8000,40,3,2,116.592978,1,2
1,2,37,5,1,1410,5,1,1,8000,40,3,2,116.592978,1,2
1,2,40,3,1,3290,10,1,1,6000,48,3,1,168.907316,1,2
1,2,40,3,1,2720,10,1,1,6000,48,3,1,168.907316,1,2
1,2,35,5,1,3290,9,1,1,5000,48,3,1,168.907316,1,2
1,2,35,5,1,3290,9,1,1,5000,48,3,1,168.907316,1,2
1,1,43,3,1,161,4,2,2,2500,40,3,1,182.3791957,1,2
1,2,34,3,1,1410,5,2,1,4000,40,3,1,180.6915473,1,2
1,2,35,3,1,1410,5,2,1,4000,40,3,1,180.6915473,1,2
1,1,56,3,1,2710,5,1,1,4900,48,3,1,182.3791957,1,2
1,1,57,3,1,2710,5,1,1,5000,48,3,1,182.3791957,1,2
1,1,22,5,1,2220,5,2,1,5000,48,3,1,185.0224074,1,2
1,1,35,5,1,1621,5,1,1,5100,48,3,1,182.3791957,1,2
1,1,36,5,1,1621,5,1,1,5100,48,3,1,182.3791957,1,2
1,2,33,5,1,2023,5,1,1,4900,48,3,1,180.6915473,1,2
1,2,34,5,1,2023,5,1,1,4900,48,3,1,180.6915473,1,2
1,2,38,4,1,3290,3,7,2,3500,48,3,1,180.6915473,1,2
1,2,38,4,1,3290,3,7,2,3500,48,3,1,180.6915473,1,2
1,1,24,5,3,1050,5,1,1,16000,50,3,1,64.41886873,1,2
1,1,44,4,2,2813,5,2,1,8000,48,3,1,179.7751192,1,2
1,2,36,4,2,1701,5,2,1,6000,48,3,1,178.1115677,1,2
1,1,18,3,2,1701,5,2,1,4000,48,3,1,182.3805902,1,2
1,2,39,5,2,1410,3,6,2,4500,60,3,1,131.387407,1,2
1,2,52,5,2,1071,3,6,2,4500,42,3,1,190.4937009,1,2
1,2,53,5,1,1062,3,6,2,7000,49,3,1,190.4937009,1,2
1,2,36,4,2,2610,5,6,2,6000,48,3,1,155.8707472,1,2
1,2,47,4,2,2610,11,3,1,4800,48,3,1,192.397995,1,2
1,2,17,3,1,2610,11,2,1,5000,56,3,1,212.5775281,1,2
1,2,43,4,1,2220,11,3,2,4000,48,3,1,192.397995,1,2
1,2,44,4,1,2220,11,2,1,4200,48,3,1,192.397995,1,2
1,1,19,3,1,1621,11,3,2,4000,48,3,1,197.0094381,1,2
1,1,31,5,3,3091,11,1,1,9000,48,3,2,141.7037232,1,2
1,2,28,5,3,3250,11,1,1,6500,48,3,2,140.3081986,1,2
1,1,31,4,3,2610,11,1,1,5600,48,3,2,141.7037232,1,2
1,2,30,5,3,3250,11,2,1,5400,48,3,2,140.3081986,1,2
1,1,25,5,3,3091,11,1,1,5500,48,3,2,141.7037232,1,2
1,2,19,5,1,2610,11,2,1,5100,48,3,2,139.7418211,1,2
1,2,30,5,3,2431,11,1,1,7000,48,3,2,140.3081986,1,2
1,2,31,5,1,2599,11,1,1,7000,48,3,2,140.3081986,1,2
1,2,31,5,1,1702,5,2,1,3800,48,3,2,140.3081986,1,2
1,2,32,5,1,1702,5,2,1,3800,48,3,2,140.3081986,1,2
1,2,31,4,3,1702,5,2,1,4600,56,3,2,140.3081986,1,2
1,2,37,4,3,2610,11,1,1,4000,48,3,2,140.3081986,1,2
1,2,43,3,1,1702,5,6,2,3950,48,3,2,140.3081986,1,2
1,2,43,3,1,1702,5,6,2,3500,48,3,2,140.3081986,1,2
1,2,41,3,1,2630,11,1,1,4500,48,3,2,140.3081986,1,2
1,2,54,2,1,1702,5,6,2,3450,51,3,2,140.3081986,1,2
1,2,54,2,1,1702,5,6,2,3450,51,3,2,140.3081986,1,2
1,1,52,4,1,1103,5,2,1,5000,48,3,1,136.76987,1,2
1,1,49,4,1,1103,5,6,2,5000,54,3,1,136.76987,1,2
1,1,50,4,1,1101,5,6,2,5200,54,3,1,136.76987,1,2
1,1,44,4,1,1103,5,3,2,7000,48,3,1,136.76987,1,2
1,1,51,4,1,1103,5,1,1,7000,48,3,1,136.76987,1,2
1,1,48,4,1,2410,5,2,2,4000,48,3,1,136.76987,1,2
1,1,26,5,1,2610,11,3,1,9500,54,3,1,136.76987,1,2
1,2,24,5,1,2610,11,3,1,9500,54,3,1,149.7165414,1,2
1,2,37,5,2,2511,5,2,1,8800,48,3,1,135.5042682,1,2
1,1,45,5,1,1323,5,2,1,17200,50,3,1,136.76987,1,2
1,1,46,5,1,1323,5,2,1,17000,50,3,1,136.76987,1,2
1,2,44,5,2,2431,5,2,1,8300,48,3,1,135.5042682,1,2
1,2,45,5,2,2511,5,2,1,10500,48,3,1,135.5042682,1,2
1,2,20,5,1,2610,11,3,1,10000,56,3,1,149.7165414,1,2
1,2,21,5,2,2610,11,2,1,6000,56,3,1,149.7165414,1,2
1,1,37,4,3,1621,11,2,1,4300,48,3,1,136.76987,1,2
1,1,38,4,3,1621,11,2,1,4500,48,3,1,136.76987,1,2
1,2,35,5,3,2610,11,1,1,6200,48,3,1,135.5042682,1,2
1,2,35,5,3,2610,11,1,1,6200,48,3,1,135.5042682,1,2
1,2,45,4,1,3320,11,2,1,4000,48,3,1,135.5042682,1,2
1,2,45,4,1,3320,11,2,1,4000,48,3,1,135.5042682,1,2
1,1,41,5,3,2610,11,2,1,5900,48,3,1,136.76987,1,2
1,2,36,5,3,2610,11,2,1,5800,48,3,1,135.5042682,1,2
1,1,56,4,1,2599,11,2,2,3600,48,3,1,136.76987,1,2
1,1,57,4,1,2511,11,2,1,5000,48,3,1,136.76987,1,2
1,1,30,5,2,2610,11,2,1,11000,54,3,1,136.76987,1,2
1,1,59,5,1,2410,6,4,2,4400,48,3,1,136.76987,1,2
1,1,59,5,1,2410,6,4,2,4400,48,3,1,136.76987,1,2
1,2,58,4,1,2410,6,4,2,3800,48,3,1,112.5574653,1,2
1,2,58,4,1,2410,6,4,2,3800,48,3,1,112.5574653,1,2
1,2,33,5,5,2640,11,2,1,8000,56,3,1,135.5042682,1,2
1,1,44,4,1,1103,5,2,2,5000,48,3,1,136.76987,1,2
1,2,25,3,3,2610,11,2,1,6000,48,3,2,104.3874713,1,2
1,2,44,4,1,1010,3,6,2,3500,40,3,2,104.3874713,1,2
1,2,47,4,1,1010,3,6,2,3200,40,3,2,104.3874713,1,2
1,2,47,4,1,1010,3,6,2,3200,40,3,2,104.3874713,1,2
1,2,29,4,2,2610,11,2,1,4800,48,3,2,120.1017143,1,2
1,1,43,4,2,3100,3,6,2,5500,48,3,2,121.2962624,1,2
1,1,19,3,1,3100,3,6,2,5000,54,3,2,126.0323324,1,2
1,1,54,4,1,170,1,6,2,4000,35,3,2,121.9699062,1,2
1,2,51,3,1,2395,3,6,2,3000,25,3,2,120.1017143,1,2
1,2,52,3,1,2395,3,6,2,5000,30,3,2,120.1017143,1,2
1,1,16,4,1,1622,3,6,2,4000,42,3,2,126.0323324,1,2
1,2,41,3,1,2680,3,6,2,2800,40,3,2,115.6535027,1,2
1,2,41,3,1,2392,3,6,2,3500,40,3,2,115.6535027,1,2
1,2,30,5,2,2220,11,2,1,10600,48,3,2,115.6535027,1,2
1,1,28,4,2,2610,11,2,1,10800,54,3,2,116.8038083,1,2
1,2,23,5,2,2750,11,2,1,4500,48,3,2,115.1866479,1,2
1,1,48,4,2,2511,3,6,2,5000,40,3,1,188.5206947,1,2
1,1,59,4,2,2511,3,7,2,5000,45,3,1,188.5206947,1,2
1,2,37,4,1,2029,5,2,1,5000,48,3,1,186.7762158,1,2
1,1,65,4,1,2511,3,6,2,5000,56,3,1,169.8102947,1,2
1,1,65,4,1,2592,3,6,2,5000,56,3,1,169.8102947,1,2
1,2,45,5,2,1410,3,6,2,7000,48,3,1,170.1904878,1,2
1,2,45,5,2,1410,3,6,2,7000,48,3,1,170.1904878,1,2
1,1,27,4,2,1410,11,2,1,8000,40,3,1,171.780057,1,2
1,2,42,3,1,2930,11,2,1,4500,48,3,1,170.1904878,1,2
1,2,42,3,1,2930,11,2,1,4500,48,3,1,170.1904878,1,2
1,1,31,5,1,1811,3,6,2,4000,48,3,1,197.156567,1,2
1,1,23,3,1,1079,3,6,2,4000,48,3,1,176.405782,1,2
1,1,23,3,1,1079,3,6,2,4000,56,3,1,176.405782,1,2
1,2,72,2,1,1410,3,6,2,1500,50,3,2,114.9349691,1,2
1,2,72,2,1,1410,3,6,2,3000,49,3,2,114.9349691,1,2
1,1,33,5,1,2394,5,5,2,5000,55,3,1,252.5476433,1,2
1,1,28,5,2,3100,3,6,2,5000,56,3,1,252.5476433,1,2
1,1,24,5,2,1709,3,3,2,6000,56,3,2,144.5941495,1,2
1,2,57,5,1,3100,3,6,2,1500,40,3,2,118.4298888,1,2
1,2,58,5,1,3100,3,6,2,1500,48,3,2,118.4298888,1,2
1,1,28,5,1,161,10,1,1,6000,56,3,2,139.9334164,1,2
1,2,42,4,1,3100,3,6,2,3000,40,3,2,137.7900806,1,2
1,2,42,4,1,1621,3,6,2,3000,50,3,2,137.7900806,1,2
1,1,49,4,2,3100,3,6,2,5000,56,3,2,139.1605596,1,2
1,1,24,4,2,3100,3,6,2,6000,56,3,2,144.5941495,1,2
1,2,33,4,2,1410,3,6,2,3000,56,3,2,137.7900806,1,2
1,2,33,4,2,1410,3,6,2,3500,40,3,2,137.7900806,1,2
1,1,46,4,2,3100,3,6,2,6000,56,3,2,139.1605596,1,2
1,2,37,5,2,1410,3,6,2,3000,48,3,2,137.7900806,1,2
1,2,24,7,1,2640,5,1,1,4000,56,3,2,149.7715631,1,2
1,2,20,6,1,2640,5,1,1,3700,56,3,2,149.7715631,1,2
1,2,53,5,1,2392,3,6,2,2500,40,3,2,150.3785914,1,2
1,2,23,5,2,2610,5,2,1,7000,54,3,2,149.7715631,1,2
1,2,18,5,2,1410,3,6,2,3200,56,3,2,135.9814075,1,2
1,2,19,5,2,1410,3,6,2,4500,56,3,2,135.9814075,1,2
1,2,22,5,2,1410,3,6,2,3000,56,3,2,135.9814075,1,2
1,2,28,5,2,1410,3,6,2,3500,56,3,2,136.532544,1,2
1,2,28,5,1,1410,3,6,2,3000,48,3,2,136.532544,1,2
1,2,28,5,2,1410,3,6,2,3600,56,3,2,136.532544,1,2
1,2,62,4,1,1410,3,6,2,1500,40,3,2,117.3490424,1,2
1,2,62,4,1,1410,3,6,2,2500,48,3,2,117.3490424,1,2
1,2,28,5,2,1410,3,6,2,3000,56,3,2,136.532544,1,2
1,2,28,5,2,1410,3,6,2,3500,48,3,2,136.532544,1,2
1,1,47,4,1,2399,3,6,2,3000,56,3,2,137.8905154,1,2
1,2,27,5,2,1410,3,6,2,3500,56,3,2,136.532544,1,2
1,1,39,4,1,2511,3,6,2,3000,56,3,2,137.8905154,1,2
1,2,22,5,2,1410,4,6,2,2500,48,3,2,135.9814075,1,2
1,2,29,5,1,1410,3,6,2,4400,56,3,2,136.532544,1,2
1,2,36,4,2,1410,3,6,1,3600,56,3,2,136.532544,1,2
1,2,34,2,2,1410,3,6,2,3000,40,3,2,136.532544,1,2
1,2,28,4,1,1410,3,6,2,2500,47,3,2,126.7007096,1,2
1,1,32,5,2,1410,3,6,2,3500,49,3,2,127.9608922,1,2
1,2,31,4,2,1410,3,6,2,3000,35,3,2,126.7007096,1,2
1,2,28,5,2,1410,3,6,2,4000,56,3,2,126.7007096,1,2
1,2,25,4,2,1410,3,6,2,3000,56,3,2,126.7007096,1,2
1,1,49,4,1,146,1,6,2,5000,48,3,2,139.6535201,1,2
1,2,30,4,1,1520,5,2,2,3000,56,3,2,137.5144714,1,2
1,2,30,4,1,1520,5,1,2,3700,56,3,2,137.5144714,1,2
1,1,22,5,1,2511,3,6,1,4000,50,3,2,144.3049308,1,2
1,1,49,4,1,145,1,6,2,6000,56,3,2,139.6535201,1,2
1,1,48,5,5,3100,3,6,2,5000,56,3,2,138.8822092,1,2
1,1,48,5,2,3100,3,6,2,5000,56,3,2,138.8822092,1,2
1,1,37,4,2,1410,3,6,2,2000,48,3,2,143.9178439,1,2
1,1,32,4,2,1621,3,6,2,5000,50,3,2,143.9178439,1,2
1,1,33,4,2,1621,3,6,2,5000,56,3,2,143.9178439,1,2
1,1,30,5,1,129,5,1,1,5000,50,3,2,144.7171212,1,2
1,1,40,3,1,1621,3,6,2,5000,52,3,2,143.9178439,1,2
1,1,41,3,1,1621,3,6,2,4000,56,3,2,143.9178439,1,2
1,1,38,4,1,145,1,6,2,4000,56,3,2,144.7171212,1,2
1,1,38,4,1,145,1,6,2,4000,56,3,2,144.7171212,1,2
1,2,33,5,2,1520,5,1,2,5000,56,3,2,142.5005142,1,2
1,1,36,4,1,1629,3,6,2,6000,45,3,2,143.9178439,1,2
1,2,51,4,1,2391,3,6,2,3000,50,3,2,139.2096527,1,2
1,2,51,4,1,2391,3,6,2,3000,38,3,2,139.2096527,1,2
1,2,52,3,1,118,1,6,2,1600,34,3,2,139.9827821,1,2
1,2,53,3,1,118,1,6,2,1600,45,3,2,139.9827821,1,2
1,2,47,5,1,118,5,5,2,8000,58,3,2,139.9827821,1,2
1,2,56,3,1,2391,3,6,2,1500,30,3,2,119.650004,1,2
1,1,49,4,1,2391,3,7,2,3500,50,3,2,140.594251,1,2
1,2,54,2,1,2391,3,6,2,1000,30,3,2,139.2096527,1,2
1,1,52,5,1,3100,5,2,2,3200,56,3,2,121.2962624,1,2
1,2,26,4,1,118,1,6,2,3000,50,3,2,120.7687239,1,2
1,2,57,1,1,118,1,6,2,3700,48,3,2,103.8001174,1,2
1,2,58,1,1,118,1,6,2,3500,48,3,2,103.8001174,1,2
1,1,17,4,1,3100,3,6,2,3000,54,3,2,126.0323324,1,2
1,2,18,5,1,1410,3,6,2,3000,55,3,2,149.4739544,1,2
1,2,18,5,1,1410,3,6,2,3000,55,3,2,149.4739544,1,2
1,2,32,5,1,1410,3,6,2,3200,54,3,2,150.0797765,1,2
1,2,39,6,2,118,5,2,1,4500,48,3,2,134.5311914,1,2
1,1,24,4,1,3320,3,2,2,3000,45,3,2,140.3946261,1,2
1,2,27,5,1,1410,5,2,2,3000,48,3,2,133.7881712,1,2
1,2,29,4,1,1621,3,6,2,3000,45,3,2,139.0875389,1,2
1,2,29,3,1,1621,3,6,2,3000,48,3,2,139.0875389,1,2
1,1,60,4,1,2220,5,2,2,3000,50,3,2,120.7340593,1,2
1,1,60,4,1,2220,5,2,2,3000,84,3,2,120.7340593,1,2
1,1,62,3,1,2391,2,6,2,5000,35,3,2,119.7443593,1,2
1,1,40,4,1,3100,3,6,2,4000,40,3,2,139.3194326,1,2
1,2,31,5,1,2012,5,1,1,8000,50,3,2,120.1017143,1,2
1,2,36,4,2,1410,3,6,2,5000,56,3,1,220.0293477,1,2
1,2,45,3,2,1061,3,6,2,3200,50,3,1,220.0293477,1,2
1,1,23,4,2,2599,5,2,2,6000,48,3,1,225.303066,1,2
1,1,21,5,2,2599,5,2,2,5900,48,3,1,225.303066,1,2
1,1,23,4,2,3100,3,6,2,6200,56,3,1,225.303066,1,2
1,2,23,5,2,1512,3,6,2,4800,56,3,1,243.1069766,1,2
1,1,20,5,2,2750,5,3,1,5000,48,3,2,143.5713963,1,2
1,1,35,4,2,3100,3,7,2,7000,56,3,2,140.6615209,1,2
1,2,32,4,2,2511,5,1,1,5000,56,3,2,139.2762602,1,2
1,2,37,4,1,1074,5,7,2,3000,48,3,2,139.2762602,1,2
1,2,44,2,2,2022,5,3,1,5300,56,3,2,131.4921807,1,2
1,2,44,2,2,2022,5,3,1,5300,48,3,2,131.4921807,1,2
1,2,23,4,2,1410,5,2,2,5000,48,3,2,136.0708689,1,2
1,2,24,4,2,1410,5,2,2,5000,48,3,2,136.0708689,1,2
1,2,32,3,2,1410,5,2,2,6000,48,3,2,136.622368,1,2
1,2,32,3,2,1410,5,2,2,6000,48,3,2,136.622368,1,2
1,1,27,5,1,1071,5,2,2,6000,48,3,2,137.9812328,1,2
1,2,59,3,1,2630,5,3,1,4300,48,3,2,117.4262457,1,2
1,2,60,3,1,2630,5,4,1,4000,48,3,2,117.4262457,1,2
1,2,49,5,1,2220,5,4,2,4500,48,3,2,136.622368,1,2
1,2,49,5,1,2220,5,4,1,4500,48,3,2,136.622368,1,2
1,1,39,4,1,3290,5,2,1,5500,56,3,2,120.7102901,1,2
1,2,35,4,1,3290,5,2,1,4500,56,3,2,119.5215128,1,2
1,1,23,5,1,2410,5,2,1,6000,48,3,2,143.0272777,1,2
1,1,53,3,1,2512,5,4,2,5000,52,3,2,137.652568,1,2
1,1,23,5,1,2512,5,2,1,5000,48,3,2,143.0272777,1,2
1,1,30,3,1,145,1,7,2,5000,50,3,2,140.3690445,1,2
1,2,29,5,1,145,1,7,2,5000,50,3,2,138.986664,1,2
1,2,40,3,1,2310,5,2,1,6500,54,3,2,138.2190362,1,2
1,2,19,5,2,1410,3,6,2,4800,56,3,2,137.6304665,1,2
1,2,20,5,2,1410,3,6,2,3800,50,3,2,137.6304665,1,2
1,1,64,4,1,161,4,2,2,600,40,3,2,120.6196553,1,2
1,1,65,4,1,161,4,2,2,750,50,3,2,120.6196553,1,2
1,2,29,5,1,1073,5,2,2,4500,56,3,2,138.1882867,1,2
1,2,29,5,1,1073,5,2,2,4800,56,3,2,138.1882867,1,2
1,2,40,4,1,2391,3,6,2,3600,56,3,2,138.1882867,1,2
1,2,41,4,1,2392,3,6,2,4600,60,3,2,138.1882867,1,2
1,1,18,4,1,2599,5,2,1,4800,48,3,2,145.0120191,1,2
1,1,18,4,1,2599,5,2,1,4800,48,3,2,145.0120191,1,2
1,2,41,4,1,1073,5,2,2,4200,56,3,2,138.1882867,1,2
1,2,41,4,1,1073,5,2,2,4800,56,3,2,138.1882867,1,2
1,2,43,3,1,2392,3,6,2,4300,56,3,2,138.1882867,1,2
1,1,23,4,2,1629,3,6,2,4800,60,3,2,145.0120191,1,2
1,2,23,4,1,2630,11,1,1,6500,48,3,2,137.6304665,1,2
1,1,33,4,1,322,1,6,2,5000,60,3,2,140.3378166,1,2
1,1,33,4,1,322,1,6,2,4800,60,3,2,140.3378166,1,2
1,2,36,4,1,322,1,6,2,4000,60,3,2,138.9557438,1,2
1,2,37,4,1,322,1,6,2,4200,60,3,2,138.9557438,1,2
1,1,44,3,1,2392,3,6,2,6000,60,3,2,139.5627263,1,2
1,1,44,3,1,2392,3,6,2,5000,60,3,2,139.5627263,1,2
1,2,43,4,1,2392,3,6,2,5000,60,3,2,138.1882867,1,2
1,2,43,4,1,2392,3,6,2,4600,60,3,2,138.1882867,1,2
1,1,18,4,1,3100,3,6,2,3000,60,3,2,145.0120191,1,2
1,1,19,4,1,3100,3,6,2,3600,50,3,2,145.0120191,1,2
1,2,49,4,1,2392,5,1,1,5600,48,3,2,138.1882867,1,2
1,1,34,5,2,2610,11,3,1,6500,50,3,1,218.2870472,1,2
1,1,34,5,2,2610,11,3,1,6500,48,3,1,218.2870472,1,2
1,2,30,5,2,2610,11,3,1,5000,50,3,1,216.267125,1,2
1,2,31,5,2,2610,11,3,1,5000,48,3,1,216.267125,1,2
1,1,55,3,2,2100,5,3,2,3500,48,3,2,159.4899069,1,2
1,1,55,3,1,2100,5,3,2,3500,48,3,2,159.4899069,1,2
1,2,48,3,2,2100,5,3,1,4500,48,3,2,157.9192207,1,2
1,2,48,3,2,2100,5,3,1,4500,48,3,2,157.9192207,1,2
1,1,20,1,1,2100,5,3,1,4000,48,3,2,165.7172658,1,2
1,1,21,5,2,2100,5,3,1,4000,48,3,2,165.7172658,1,2
1,1,58,4,2,1629,3,6,2,5500,49,3,2,159.4899069,1,2
1,1,58,4,2,1629,3,6,2,5500,47,3,2,159.4899069,1,2
1,1,38,4,2,1629,5,3,2,6000,48,3,2,159.4899069,1,2
1,1,38,4,2,1629,5,3,2,6000,48,3,2,159.4899069,1,2
1,2,34,4,2,1410,11,3,1,5000,48,3,2,157.9192207,1,2
1,2,34,4,2,1410,11,3,1,5500,48,3,2,157.9192207,1,2
1,2,61,4,2,1629,3,6,2,2000,39,3,2,135.7307846,1,2
1,1,24,8,2,2100,5,3,1,3500,48,3,2,165.7172658,1,2
1,1,24,4,2,2100,5,3,1,3500,48,3,2,165.7172658,1,2
1,1,61,3,1,2910,5,3,2,3000,48,3,2,137.0807816,1,2
1,1,29,5,2,1410,11,3,1,4500,48,3,2,159.4899069,1,2
1,1,29,5,2,1410,11,3,1,4500,48,3,2,159.4899069,1,2
1,2,27,5,2,1410,11,3,1,5500,50,3,2,157.9192207,1,2
1,2,27,5,2,1410,11,3,1,5500,48,3,2,157.9192207,1,2
1,1,53,4,2,1629,3,6,2,7000,49,3,2,159.4899069,1,2
1,1,27,5,2,1050,11,2,1,5000,50,3,2,159.4899069,1,2
1,1,34,5,2,3100,5,2,1,8000,52,3,2,159.4899069,1,2
1,1,58,4,2,129,1,3,2,5000,40,3,2,153.0571153,1,2
1,2,56,5,2,129,1,3,2,10000,45,3,2,130.2562824,1,2
1,2,27,5,2,129,1,3,2,5000,45,3,2,151.5497804,1,2
1,2,56,5,2,130,5,5,2,10000,46,3,2,130.2562824,1,2
1,2,26,5,2,130,5,5,1,5000,40,3,2,151.5497804,1,2
1,2,37,5,2,1410,11,3,1,6000,48,3,2,137.0223524,1,2
1,2,38,5,2,1410,11,3,1,6000,49,3,2,137.0223524,1,2
1,1,41,3,2,2392,5,3,2,5000,45,3,2,138.3851955,1,2
1,1,42,3,2,2392,5,6,2,5000,50,3,2,138.3851955,1,2
1,1,53,4,2,2392,3,7,2,6400,54,3,2,138.3851955,1,2
1,2,42,4,2,3240,11,3,2,5000,48,3,2,137.0223524,1,2
1,2,42,4,1,3240,11,3,1,5000,48,3,2,137.0223524,1,2
1,2,33,5,1,3240,11,3,1,4000,48,3,2,137.0223524,1,2
1,2,33,5,2,3240,11,3,1,4000,48,3,2,137.0223524,1,2
1,2,40,3,2,3240,11,3,1,4800,40,3,2,137.0223524,1,2
1,2,41,3,2,3240,11,3,1,4800,48,3,2,137.0223524,1,2
1,1,55,2,1,1621,5,3,2,4000,48,3,2,138.3851955,1,2
1,1,41,8,2,2013,5,3,1,6000,49,3,2,138.3851955,1,2
1,1,41,3,2,2013,5,3,1,5000,48,3,2,138.3851955,1,2
1,2,37,4,2,1410,11,3,1,6000,48,3,2,137.0223524,1,2
1,2,23,5,2,1410,11,3,1,5000,48,3,2,136.4692387,1,2
1,1,53,4,1,2392,5,3,2,5800,48,3,2,138.3851955,1,2
1,1,53,4,2,2392,5,3,2,6000,48,3,2,138.3851955,1,2
1,1,19,5,2,2599,3,6,2,3500,48,3,2,143.788511,1,2
1,1,19,5,2,2599,3,6,2,4000,40,3,2,143.788511,1,2
1,2,23,5,2,2610,5,2,1,4500,50,3,2,136.4692387,1,2
1,2,29,4,2,1410,11,3,1,5500,49,3,2,137.0223524,1,2
1,2,29,4,2,1410,11,3,1,6000,48,3,2,137.0223524,1,2
1,1,25,5,1,2392,5,3,1,6000,49,3,2,138.3851955,1,2
1,1,25,5,2,2392,5,3,1,7000,48,3,2,138.3851955,1,2
1,2,21,4,2,1410,11,3,1,7000,49,3,2,136.4692387,1,2
1,2,21,4,2,1410,11,3,1,6000,48,3,2,136.4692387,1,2
1,2,38,4,2,1410,5,3,1,6000,55,3,2,127.3868233,1,2
1,2,38,4,2,1410,5,3,1,6000,48,3,2,127.3868233,1,2
1,2,27,5,2,1410,11,3,1,5000,48,3,2,127.3868233,1,2
1,2,27,5,2,1410,11,3,1,5500,48,3,2,127.3868233,1,2
1,1,26,5,2,1410,5,3,1,5500,48,3,2,128.6538301,1,2
1,1,27,5,2,1410,5,3,1,5500,50,3,2,128.6538301,1,2
1,2,31,5,2,1410,11,3,1,6000,56,3,2,127.3868233,1,2
1,2,31,5,2,1410,5,3,1,6000,50,3,2,127.3868233,1,2
1,2,27,4,2,1410,11,3,1,5500,49,3,2,127.3868233,1,2
1,2,27,4,2,1410,11,3,1,6000,49,3,2,127.3868233,1,2
1,1,24,5,2,2599,3,6,2,6000,46,3,2,133.6771798,1,2
1,1,24,5,2,2599,3,6,2,5500,48,3,2,133.6771798,1,2
1,2,18,4,2,1410,11,3,2,6000,49,3,2,126.8726051,1,2
1,2,18,4,2,1410,11,3,1,5000,50,3,2,126.8726051,1,2
1,1,30,5,2,2599,3,6,2,6000,45,3,2,128.6538301,1,2
1,1,31,5,2,2599,3,6,2,6000,47,3,2,128.6538301,1,2
1,2,29,5,2,1410,11,3,1,5000,49,3,2,127.3868233,1,2
1,2,29,5,2,1410,11,3,1,5000,49,3,2,127.3868233,1,2
1,2,49,3,1,118,1,3,2,400,30,3,2,128.0942922,1,2
1,2,29,5,2,1410,11,3,1,6000,50,3,2,127.3868233,1,2
1,1,26,5,1,2599,3,6,2,6000,45,3,2,128.6538301,1,2
1,1,27,5,2,2599,3,6,2,6000,45,3,2,128.6538301,1,2
1,2,20,4,2,1410,11,3,1,5000,49,3,2,126.8726051,1,2
1,2,20,4,2,1410,11,3,1,5000,50,3,2,126.8726051,1,2
1,2,37,4,2,1410,11,3,1,6000,49,3,2,127.3868233,1,2
1,2,37,4,2,1410,11,3,1,7000,50,3,2,127.3868233,1,2
1,1,50,5,2,111,1,7,2,4600,49,3,2,137.2805226,1,2
1,1,31,5,1,1629,5,3,2,4500,48,3,2,136.5223179,1,2
1,2,27,5,2,1410,11,2,1,4800,50,3,2,135.1778207,1,2
1,2,27,5,2,1410,11,3,1,5000,49,3,2,135.1778207,1,2
1,2,28,5,2,1410,11,2,1,6000,54,3,2,135.1778207,1,2
1,2,28,5,2,1410,11,3,1,6000,48,3,2,135.1778207,1,2
1,1,40,6,2,2750,3,6,2,5500,49,3,2,136.5223179,1,2
1,2,20,5,2,1520,5,3,1,4500,48,3,2,134.6321528,1,2
1,2,20,4,2,1520,5,3,1,4500,48,3,2,134.6321528,1,2
1,1,33,5,2,2511,3,6,2,5000,49,3,2,127.8238054,1,2
1,1,34,5,2,2511,3,6,2,5000,49,3,2,127.8238054,1,2
1,2,21,5,2,1410,3,6,2,4000,48,3,2,126.0540721,1,2
1,2,22,5,2,1410,3,6,2,4000,48,3,2,126.0540721,1,2
1,2,21,4,2,1410,3,6,2,5000,49,3,2,126.0540721,1,2
1,2,21,4,2,1410,3,6,2,5000,48,3,2,126.0540721,1,2
1,2,37,4,2,1410,5,5,2,3000,38,3,2,126.5649728,1,2
1,1,47,4,2,2591,3,6,2,5000,55,3,2,127.8238054,1,2
1,1,47,4,2,2599,3,6,2,6000,50,3,2,127.8238054,1,2
1,2,43,4,2,1629,3,6,2,3100,41,3,2,126.5649728,1,2
1,1,47,3,2,2599,3,5,2,5000,45,3,2,127.8238054,1,2
1,1,31,4,1,1410,3,6,2,6000,48,3,2,140.9065759,1,2
1,2,25,4,1,1410,3,6,2,6000,48,3,2,139.5189017,1,2
1,2,36,4,1,1410,3,6,2,5000,48,3,2,139.5189017,1,2
1,2,62,4,1,1410,3,6,2,3500,40,3,2,119.915802,1,2
1,1,55,4,1,121,1,6,2,5500,56,3,2,140.5906491,1,2
1,2,47,3,1,150,1,6,2,4000,49,3,2,139.2060863,1,2
1,1,55,4,1,2100,5,2,2,4500,48,3,2,139.8141624,1,2
1,1,56,4,1,2100,5,2,1,7000,56,3,2,139.8141624,1,2
1,1,50,4,1,1410,3,6,2,4000,35,3,2,139.8141624,1,2
1,2,49,3,2,1410,3,6,2,4000,56,3,2,138.4372465,1,2
1,2,49,4,1,1410,3,6,2,5000,42,3,2,138.4372465,1,2
1,1,25,4,2,1410,3,6,2,3500,56,3,2,139.8141624,1,2
1,1,26,5,1,1410,3,6,2,5000,42,3,2,139.8141624,1,2
1,1,46,4,1,2392,5,2,1,5000,48,3,2,139.8141624,1,2
1,1,47,4,2,2392,5,2,1,10000,48,3,2,139.8141624,1,2
1,1,22,5,1,2511,3,6,2,3000,56,3,2,145.2732726,1,2
1,1,23,5,2,2511,3,6,2,5000,42,3,2,145.2732726,1,2
1,1,54,4,1,121,1,6,2,3000,42,3,2,140.5906491,1,2
1,2,18,5,1,1410,3,6,2,2500,49,3,2,137.8784214,1,2
1,1,28,5,2,1410,5,2,1,5000,48,3,2,139.8141624,1,2
1,2,47,4,1,150,1,6,2,4000,50,3,2,139.2060863,1,2
1,2,37,3,2,1410,3,6,2,6000,60,3,2,138.4372465,1,2
1,1,19,5,5,2511,3,6,2,5000,48,3,2,147.0448978,1,2
1,2,45,4,1,2511,3,6,2,4000,40,3,2,140.1255056,1,2
1,2,45,4,1,2511,3,6,2,4000,40,3,2,140.1255056,1,2
1,2,56,4,1,1410,3,6,2,3500,48,3,2,120.4371751,1,2
1,2,52,4,2,1629,3,6,2,3800,42,3,2,136.4572987,1,2
1,1,36,5,1,1629,3,6,2,3000,48,3,2,139.7048643,1,2
1,2,33,4,1,1629,3,6,2,4000,40,3,2,138.3290248,1,2
1,1,55,6,1,161,5,5,2,1300,35,3,2,142.3051692,1,2
1,2,57,3,1,111,1,6,2,3000,56,3,2,121.1060477,1,2
1,1,46,3,2,2599,3,6,2,5500,46,3,2,141.5192131,1,2
1,1,47,3,6,2511,3,6,2,5600,56,3,2,141.5192131,1,2
1,2,72,3,1,3100,3,7,2,1000,40,3,2,120.4371751,1,2
1,2,73,3,1,1629,3,7,2,1000,30,3,2,120.4371751,1,2
1,1,37,5,1,1410,5,1,1,5000,56,3,2,141.5192131,1,2
1,2,31,5,1,1410,5,1,1,6000,56,3,2,140.1255056,1,2
1,1,39,2,2,2396,3,7,2,4000,55,3,2,141.5192131,1,2
1,2,38,4,2,1410,5,1,2,6000,60,3,2,140.1255056,1,2
1,1,57,4,1,1050,5,3,2,3500,72,3,2,141.5192131,1,2
1,2,54,4,2,1629,3,7,2,2000,42,3,2,140.1255056,1,2
1,1,31,3,1,118,1,6,2,5000,60,3,2,137.8426378,1,2
1,2,25,4,5,1410,5,2,1,5500,56,3,2,135.731326,1,2
1,2,40,4,1,1103,5,3,2,3500,48,3,2,135.731326,1,2
1,2,40,4,1,1103,5,2,2,3500,48,3,2,135.731326,1,2
1,1,38,1,1,118,1,6,2,2500,50,3,2,137.8426378,1,2
1,2,34,4,2,1410,3,7,2,6000,42,3,2,135.731326,1,2
1,2,72,3,1,1629,3,6,2,500,28,3,2,116.6603995,1,2
1,1,20,5,2,2511,5,3,1,3900,48,3,2,143.1061952,1,2
1,1,20,5,1,2599,5,2,1,3900,40,3,2,143.1061952,1,2
1,1,46,5,2,3100,3,6,2,5000,60,3,2,137.7285199,1,2
1,2,38,3,2,1410,3,7,2,2700,27,3,2,142.1272986,1,2
1,2,52,4,1,118,1,7,2,2500,45,3,2,142.9166318,1,2
1,2,17,5,1,1512,3,7,2,450,28,3,2,141.5535779,1,2
1,2,18,4,2,1512,3,6,2,1100,27,3,2,141.5535779,1,2
1,1,51,4,1,3100,3,7,2,7500,56,3,2,143.5409162,1,2
1,1,51,4,2,3100,3,7,2,7500,56,3,2,143.5409162,1,2
1,2,76,2,1,1073,5,6,2,400,15,3,2,122.1577061,1,2
1,2,76,2,1,1073,5,6,2,600,18,3,2,122.1577061,1,2
1,2,31,5,2,1410,3,7,2,3500,50,3,2,142.1272986,1,2
1,2,31,5,2,1410,3,6,2,5500,52,3,2,142.1272986,1,2
1,1,65,4,1,1073,5,7,2,3200,48,3,2,123.3727034,1,2
1,2,47,4,2,1410,3,7,2,1200,42,3,2,142.1272986,1,2
1,2,25,5,2,1410,3,7,2,3600,48,3,2,166.7609323,1,2
1,1,46,4,2,2511,3,7,2,4500,50,3,2,168.4195594,1,2
1,1,25,4,2,1709,5,7,2,4800,56,3,2,168.4195594,1,2
1,1,27,5,2,3100,3,7,2,6000,56,3,2,168.4195594,1,2
1,1,29,3,2,2814,3,7,2,5500,56,3,2,168.4195594,1,2
1,2,74,2,1,1071,3,7,2,1800,50,3,2,143.3301918,1,2
1,2,48,4,1,2392,3,6,2,5000,50,3,1,189.6940932,1,2
1,2,37,4,1,1629,3,6,2,2000,35,3,1,189.6940932,1,2
1,2,55,5,1,1709,3,6,2,1800,35,3,1,157.5705814,1,2
1,2,53,4,1,3100,3,6,2,4500,56,3,1,189.6940932,1,2
1,1,35,5,1,322,1,6,2,3000,35,3,2,143.3438931,1,2
1,1,45,3,1,322,1,6,2,6000,47,3,2,143.3438931,1,2
1,2,58,4,1,1629,3,6,2,1500,30,3,2,121.3162785,1,2
1,2,56,4,1,1709,3,6,2,1500,35,3,2,121.3162785,1,2
1,2,64,3,2,1629,3,6,2,900,55,3,2,121.3162785,1,2
1,2,64,3,1,1709,3,6,2,1200,48,3,2,121.3162785,1,2
1,1,69,3,1,1709,3,6,2,1000,48,3,2,122.5229069,1,2
1,2,77,3,1,1709,3,6,2,1300,45,3,2,121.3162785,1,2
1,2,60,2,1,1709,3,6,2,800,50,3,2,121.3162785,1,2
1,2,60,2,1,1629,3,6,2,1000,65,3,2,121.3162785,1,2
1,2,69,2,1,1709,3,6,2,900,48,3,2,121.3162785,1,2
1,1,45,4,1,322,1,6,2,6000,50,3,2,143.3438931,1,2
1,1,59,4,1,1709,3,6,2,1000,45,3,2,142.5522001,1,2
1,2,61,4,1,1629,3,6,2,4000,50,3,2,110.3241298,1,2
1,2,46,4,1,118,4,6,2,4000,50,3,2,129.0721113,1,2
1,2,47,4,1,118,4,1,2,4000,50,3,2,129.0721113,1,2
1,2,58,4,1,1629,3,6,2,2300,40,3,2,110.3241298,1,2
1,1,63,4,1,1629,3,6,2,1500,40,3,2,111.4214287,1,2
1,2,60,4,1,1629,3,6,2,1500,42,3,2,110.3241298,1,2
1,1,72,2,1,1512,3,6,2,1500,40,3,2,119.3685679,1,2
1,1,73,2,1,1512,3,6,2,1800,53,3,2,119.3685679,1,2
1,2,70,2,1,1512,3,6,2,1600,50,3,2,118.1930041,1,2
1,2,71,2,1,1512,3,6,2,2000,48,3,2,118.1930041,1,2
1,1,74,4,1,1512,3,6,2,2500,45,3,2,119.3685679,1,2
1,2,69,4,1,1512,3,6,2,3000,46,3,2,118.1930041,1,2
1,2,37,5,1,1629,3,6,2,800,40,3,2,137.5144714,1,2
1,2,38,4,1,1629,3,6,2,2000,52,3,2,137.5144714,1,2
1,1,81,2,1,1629,3,6,2,600,50,3,2,119.3685679,1,2
1,1,82,2,1,1629,3,6,2,1500,45,3,2,119.3685679,1,2
1,2,81,2,1,1629,3,6,2,1400,50,3,2,118.1930041,1,2
1,2,15,4,1,1512,3,6,2,2500,51,3,2,136.9593712,1,2
1,2,70,2,1,1512,3,6,2,2000,45,3,2,118.1930041,1,2
1,1,63,4,1,1629,3,6,2,1600,52,3,2,119.3685679,1,2
1,2,62,2,1,1629,3,6,2,1800,45,3,2,118.1930041,1,2
1,2,57,2,1,1629,3,6,2,900,30,3,2,118.1930041,1,2
1,2,24,3,1,1629,3,6,2,3800,56,3,2,136.9593712,1,2
1,1,55,2,1,1512,3,6,2,1300,56,3,2,138.8822092,1,2
1,2,54,3,1,1512,3,6,2,1800,50,3,2,137.5144714,1,2
1,1,57,4,1,1629,3,6,2,1700,45,3,2,138.8822092,1,2
1,2,55,2,1,1629,3,6,2,1600,47,3,2,118.1930041,1,2
1,2,54,2,2,1520,3,6,2,2000,40,3,2,142.0450331,1,2
1,2,41,3,2,1410,5,2,2,4500,56,3,2,136.6513196,1,2
1,2,54,3,1,1520,3,6,2,1500,35,3,2,136.6513196,1,2
1,2,54,3,2,2930,5,2,2,3500,48,3,2,136.6513196,1,2
1,1,55,4,1,1629,3,6,2,2000,45,3,2,138.0104723,1,2
1,1,56,4,1,2220,3,6,2,4000,60,3,2,137.8905154,1,2
1,2,53,4,1,2220,3,6,2,3000,50,3,2,136.532544,1,2
1,2,47,4,1,2220,3,6,2,4500,48,3,2,136.532544,1,2
1,2,47,4,1,2220,3,6,2,4000,45,3,2,136.532544,1,2
1,1,15,3,1,2220,3,6,2,4800,45,3,2,143.2745158,1,2
1,1,15,3,1,2220,3,6,2,2000,30,3,2,143.2745158,1,2
1,2,47,3,1,2220,3,6,2,1800,45,3,2,136.532544,1,2
1,1,27,5,1,2220,3,6,2,4000,50,3,2,137.8905154,1,2
1,1,27,5,1,2220,3,6,2,4800,50,3,2,137.8905154,1,2
1,1,60,4,1,2220,3,6,2,5000,50,3,2,118.516212,1,2
1,1,61,4,1,2220,3,6,2,4000,50,3,2,118.516212,1,2
1,2,58,3,1,2220,3,6,2,4800,48,3,2,117.3490424,1,2
1,2,59,3,1,2220,3,6,2,4000,50,3,2,117.3490424,1,2
1,2,59,2,1,3290,3,6,2,2500,55,3,2,117.3490424,1,2
1,2,60,2,1,3290,3,7,2,3000,55,3,2,117.3490424,1,2
1,2,36,4,1,3092,5,6,2,5000,60,3,2,136.532544,1,2
1,1,61,4,1,2220,3,6,2,4500,50,3,2,118.516212,1,2
1,1,62,4,1,2220,3,6,2,4200,54,3,2,118.516212,1,2
1,2,61,3,1,2220,3,6,2,4300,48,3,2,117.3490424,1,2
1,2,62,3,1,2220,3,6,2,4000,50,3,2,117.3490424,1,2
1,2,54,4,1,1629,3,6,2,2000,40,3,2,136.0282686,1,2
1,1,39,4,5,161,4,2,2,1200,40,3,2,145.5150602,1,2
1,1,52,4,1,1629,3,6,2,3000,50,3,2,132.735262,1,2
1,2,53,4,1,1629,3,6,2,3000,50,3,2,131.4280605,1,2
1,1,53,4,1,322,1,6,2,6000,60,3,2,133.4724346,1,2
1,1,53,4,1,322,1,6,2,6000,70,3,2,133.4724346,1,2
1,2,25,5,1,3091,5,2,1,6000,48,3,2,143.1068994,1,2
1,2,25,5,5,2910,5,2,1,6000,44,3,2,143.1068994,1,2
1,2,35,4,1,3212,3,6,2,2800,50,3,2,143.1068994,1,2
1,2,36,4,1,3212,3,6,2,2800,50,3,2,143.1068994,1,2
1,2,43,4,1,2220,5,2,1,5000,60,3,2,143.1068994,1,2
1,2,43,4,1,2220,5,2,1,4500,56,3,2,143.1068994,1,2
1,2,22,5,1,2640,5,2,1,5000,50,3,2,142.5292244,1,2
1,2,44,4,1,1410,5,2,1,3500,48,3,2,143.1068994,1,2
1,1,30,3,1,2511,3,6,2,4000,42,3,2,80.8681218,1,2
1,1,39,7,1,1074,5,2,2,5000,45,3,2,80.8681218,1,2
1,1,40,3,5,1079,5,2,2,5500,52,3,2,80.8681218,1,2
1,1,55,2,1,161,4,5,2,1000,30,3,2,140.3287085,1,2
1,1,55,2,1,161,4,6,2,1200,45,3,2,140.3287085,1,2
1,1,59,4,1,161,4,5,2,3000,38,3,2,140.3287085,1,2
1,1,59,4,1,161,4,5,2,1600,30,3,2,140.3287085,1,2
1,1,34,3,1,3100,3,6,2,5000,48,3,2,139.5536685,1,2
22,2,32,4,1,1073,5,6,1,4000,48,3,1,135.2996601,1,2
22,1,29,5,1,1311,11,5,2,7500,64,3,2,75.52182774,1,2
22,1,30,5,1,1311,11,2,1,7500,52,3,2,75.52182774,1,2
22,1,19,3,1,1920,3,6,2,6000,56,3,2,89.06487924,1,2
22,1,24,5,1,2310,3,6,2,3500,56,3,1,138.7902065,1,2
22,1,24,5,1,2511,3,6,2,4000,56,3,1,138.7902065,1,2
22,1,30,5,1,2391,5,1,1,10000,56,3,1,69.2341883,1,2
22,1,20,5,1,1071,3,6,2,4000,56,3,1,135.8987439,1,2
22,1,21,5,1,1071,3,6,2,4000,56,3,1,135.8987439,1,2
22,2,45,5,1,3312,10,1,1,9300,48,3,1,123.49916,1,2
22,1,36,5,2,2511,5,6,1,6110,48,3,1,105.3080171,1,2
22,2,33,4,1,1104,5,1,1,4200,48,3,1,100.8176148,1,2
22,2,33,4,1,1104,5,2,1,4750,48,3,1,100.8176148,1,2
22,1,41,2,1,210,1,6,2,3000,50,3,1,119.3845939,1,2
22,1,40,5,3,3320,3,6,2,5000,56,3,1,119.3845939,1,2
22,1,40,5,3,3012,3,5,2,5200,56,3,1,119.3845939,1,2
22,1,35,3,2,221,1,6,2,4000,56,3,2,74.27551008,1,2
22,1,36,3,2,221,1,6,2,4000,56,3,2,74.27551008,1,2
22,1,20,2,2,221,1,6,2,3000,56,3,2,87.59506402,1,2
22,2,43,3,1,221,1,6,2,2500,50,3,2,73.52220583,1,2
22,2,44,3,1,210,1,6,2,2500,50,3,2,73.52220583,1,2
22,2,34,4,1,221,1,6,2,2500,48,3,2,73.52220583,1,2
22,2,48,3,1,221,1,6,2,2500,56,3,2,98.70952791,1,2
22,2,48,3,1,210,1,6,2,3000,56,3,2,98.70952791,1,2
22,1,33,4,1,221,1,6,2,3800,56,3,2,99.7209,1,2
22,1,33,4,1,221,1,6,2,3800,56,3,2,99.7209,1,2
22,2,36,2,1,221,1,6,2,3200,48,3,2,98.70952791,1,2
22,2,37,2,1,221,1,6,2,3500,56,3,2,98.70952791,1,2
22,1,40,3,1,221,1,6,2,2700,56,3,2,99.7209,1,2
22,1,41,3,1,221,1,6,2,2800,56,3,2,99.7209,1,2
22,2,44,3,1,221,1,6,2,2000,50,3,2,98.70952791,1,2
22,2,44,3,1,221,1,6,2,2300,50,3,2,98.70952791,1,2
22,1,24,4,1,221,1,6,2,2400,56,3,2,117.6034821,1,2
22,1,25,4,1,221,1,6,2,2500,56,3,2,99.7209,1,2
22,1,40,2,2,221,1,6,2,2700,60,3,2,99.7209,1,2
22,1,40,2,1,221,1,6,2,3500,60,3,2,99.7209,1,2
22,2,36,1,2,221,1,6,2,2500,56,3,2,98.70952791,1,2
22,2,36,1,1,221,1,6,2,3000,56,3,2,98.70952791,1,2
22,1,42,3,1,221,1,6,2,2200,48,3,2,99.7209,1,2
22,1,42,3,1,221,1,6,2,2500,48,3,2,99.7209,1,2
22,2,39,5,1,221,1,6,2,2800,56,3,2,98.70952791,1,2
22,2,39,5,1,221,1,6,2,3700,56,3,2,98.70952791,1,2
22,1,32,5,2,221,1,6,2,3000,60,3,2,99.7209,1,2
22,1,32,5,1,221,1,6,2,3500,56,3,2,99.7209,1,2
22,2,33,4,2,221,1,6,2,3000,60,3,2,98.70952791,1,2
22,2,33,4,1,221,1,6,2,3300,56,3,2,98.70952791,1,2
22,1,58,4,2,221,1,6,2,2400,56,3,2,99.7209,1,2
22,1,58,4,1,221,1,6,2,3000,56,3,2,99.7209,1,2
22,1,27,5,1,221,1,6,2,4000,60,3,2,99.7209,1,2
22,1,27,5,1,221,1,6,2,3600,60,3,2,99.7209,1,2
22,1,26,3,1,221,1,6,2,4000,60,3,2,99.7209,1,2
22,1,26,3,1,221,1,6,2,3900,60,3,2,99.7209,1,2
22,1,54,3,2,221,1,6,2,2500,56,3,2,99.7209,1,2
22,1,54,3,1,221,1,6,2,2800,56,3,2,99.7209,1,2
22,2,55,1,2,221,1,6,2,2500,56,3,2,84.84034821,1,2
22,2,55,1,1,221,1,6,2,2500,56,3,2,84.84034821,1,2
22,1,57,4,2,221,1,6,2,3000,56,3,2,99.7209,1,2
22,1,57,3,1,221,1,6,2,3500,56,3,2,99.7209,1,2
22,1,46,2,2,221,1,6,2,3000,56,3,2,99.7209,1,2
22,1,46,2,1,221,1,6,2,4000,56,3,2,99.7209,1,2
22,1,46,4,1,322,1,6,2,5000,70,3,1,109.5989715,1,2
22,1,47,4,1,322,1,6,2,5000,70,3,1,109.5989715,1,2
22,1,31,4,1,1311,5,3,2,6000,56,3,1,109.5989715,1,2
22,1,32,4,1,1312,5,3,2,6500,56,3,1,109.5989715,1,2
22,1,37,3,1,1610,3,6,2,6000,65,3,2,61.48017263,1,2
22,1,37,3,1,1610,3,6,2,6000,56,3,2,61.48017263,1,2
22,2,34,4,1,1709,5,3,1,6500,56,3,2,60.85663904,1,2
22,1,23,4,1,1311,6,3,1,6000,48,3,2,72.50518579,1,2
22,1,23,4,1,1311,5,3,1,6000,48,3,2,72.50518579,1,2
22,1,61,2,1,322,1,6,2,4000,70,3,2,53.13537092,1,2
22,1,61,2,1,321,1,6,2,5000,65,3,2,53.13537092,1,2
22,1,59,4,1,1311,5,2,2,6000,84,3,2,61.48017263,1,2
22,1,60,4,1,1311,5,2,2,6000,56,3,2,52.84190255,1,2
22,1,20,3,1,161,1,6,2,7000,50,3,2,86.70123684,1,2
22,2,37,3,1,1410,5,3,1,5000,48,3,2,72.37005724,1,2
22,2,38,3,1,1410,5,3,1,5000,48,3,2,72.37005724,1,2
22,1,20,3,1,161,1,6,2,6000,50,3,2,86.70123684,1,2
22,2,21,5,1,2610,5,3,1,6000,48,3,2,96.67109785,1,2
22,1,46,2,1,1311,11,6,2,4500,40,3,2,73.11155665,1,2
22,1,46,2,1,1311,5,5,2,5000,50,3,2,73.11155665,1,2
22,1,54,4,1,210,1,1,1,7500,42,3,1,117.4896004,1,2
22,1,18,4,1,1410,11,4,1,7500,40,3,1,123.7729803,1,2
22,1,55,4,1,210,1,7,2,4800,43,3,1,117.4896004,1,2
22,1,53,4,1,222,10,1,1,7800,42,3,1,117.4896004,1,2
22,1,31,5,1,221,1,7,2,4000,45,3,1,117.4896004,1,2
22,1,32,5,1,210,1,7,2,4800,43,3,1,117.4896004,1,2
22,1,45,3,1,210,1,7,2,3800,48,3,2,107.5641169,1,2
22,1,21,5,1,210,1,7,2,3500,48,3,2,126.8531942,1,2
22,1,41,4,1,210,1,7,2,3600,43,3,2,107.5641169,1,2
22,1,30,4,1,210,1,7,2,2800,42,3,2,107.5641169,1,2
22,1,30,4,1,210,1,7,2,3000,40,3,2,107.5641169,1,2
22,2,20,4,1,210,1,7,2,2800,41,3,2,142.2256856,1,2
22,1,51,3,1,210,1,7,2,3500,43,3,2,107.5641169,1,2
22,1,30,4,1,210,1,7,2,3800,47,3,2,107.5641169,1,2
22,1,41,3,1,210,1,7,2,3200,30,3,2,107.5641169,1,2
22,2,30,3,1,210,1,7,2,3000,32,3,2,106.4731986,1,2
22,1,39,3,1,210,1,7,2,4000,45,3,2,107.5641169,1,2
22,1,23,3,1,210,1,7,2,4000,45,3,2,126.8531942,1,2
22,1,45,3,1,210,1,7,2,2700,42,3,2,107.5641169,1,2
22,1,21,4,1,210,1,7,2,2800,42,3,2,126.8531942,1,2
22,1,21,5,1,210,1,7,2,3200,45,3,2,126.8531942,1,2
22,2,20,5,1,210,1,7,2,3200,45,3,2,142.2256856,1,2
22,1,36,3,1,210,1,7,2,3300,46,3,2,107.5641169,1,2
22,2,36,3,1,210,1,7,2,3000,43,3,2,106.4731986,1,2
22,1,34,3,1,210,1,7,2,3500,46,3,2,107.5641169,1,2
22,1,34,4,1,210,1,7,2,2800,32,3,2,107.5641169,1,2
22,1,28,4,1,210,1,7,2,3000,33,3,2,107.5641169,1,2
22,1,32,3,1,210,1,7,2,3200,45,3,2,107.5641169,1,2
22,1,30,5,1,210,1,7,2,3500,46,3,2,107.5641169,1,2
22,1,26,5,1,210,1,7,2,3300,44,3,2,107.5641169,1,2
22,1,34,4,1,210,1,7,2,3500,46,3,2,107.5641169,1,2
22,2,31,4,1,210,1,7,2,3500,46,3,2,106.4731986,1,2
22,1,40,3,1,210,1,7,2,3400,45,3,2,107.5641169,1,2
22,2,40,3,1,210,1,7,2,3200,43,3,2,106.4731986,1,2
22,1,40,3,1,210,1,7,2,3200,40,3,2,107.5641169,1,2
22,1,40,3,1,210,1,6,2,3600,40,3,2,107.5641169,1,2
22,2,36,3,1,210,1,6,2,3300,40,3,2,106.4731986,1,2
22,1,40,3,1,210,1,7,2,4000,48,3,2,107.5641169,1,2
22,1,23,4,1,210,1,7,2,3300,43,3,2,126.8531942,1,2
22,1,24,4,1,210,1,7,2,3500,45,3,2,126.8531942,1,2
22,1,36,3,1,210,1,7,2,4200,48,3,2,107.5641169,1,2
22,1,35,4,1,210,1,6,2,4000,60,3,2,107.5641169,1,2
22,2,33,4,1,210,1,6,2,5000,48,3,2,106.4731986,1,2
22,1,50,3,1,210,1,7,2,3800,45,3,2,107.5641169,1,2
22,2,22,5,1,210,1,7,2,3000,45,3,2,142.2256856,1,2
22,1,38,3,1,210,1,7,2,3100,47,3,2,107.5641169,1,2
22,1,30,4,1,210,1,7,2,3300,47,3,2,107.5641169,1,2
22,1,31,4,1,210,1,7,2,3000,45,3,2,107.5641169,1,2
22,2,31,4,1,210,1,7,2,2200,40,3,2,106.4731986,1,2
22,1,44,2,1,210,1,7,2,2300,42,3,2,107.5641169,1,2
22,1,21,5,1,210,1,7,2,2300,42,3,2,126.8531942,1,2
22,1,29,4,1,221,1,7,2,3200,45,3,2,107.5641169,1,2
22,1,41,3,1,221,1,7,2,3400,45,3,2,107.5641169,1,2
22,1,54,2,1,221,1,7,2,3000,45,3,2,107.5641169,1,2
22,1,22,3,1,221,1,7,2,2800,45,3,2,126.8531942,1,2
22,1,32,4,1,221,1,7,2,3200,45,3,2,107.5641169,1,2
22,1,29,5,1,221,1,7,2,3000,45,3,2,107.5641169,1,2
22,1,26,4,1,221,1,7,2,2700,45,3,2,107.5641169,1,2
22,1,33,4,1,221,1,7,2,3000,50,3,2,107.5641169,1,2
22,1,27,4,1,221,1,7,2,3000,46,3,2,107.5641169,1,2
22,1,40,3,1,210,1,7,2,3200,45,3,2,107.5641169,1,2
22,1,35,3,1,210,1,7,2,3200,46,3,2,107.5641169,1,2
22,2,34,3,1,210,1,7,2,3000,46,3,2,106.4731986,1,2
22,1,21,4,1,221,1,7,2,3500,45,3,2,126.8531942,1,2
22,2,24,5,1,1410,5,4,2,4000,40,3,2,96.67109785,1,2
22,1,36,4,5,2511,3,7,2,3500,43,3,2,73.11155665,1,2
22,2,61,4,1,321,1,6,2,4000,63,3,1,99.93577716,1,2
22,1,65,4,2,3011,3,7,2,7000,48,3,1,104.3869026,1,2
22,1,65,4,2,3315,3,7,2,7500,56,3,1,104.3869026,1,2
22,2,43,5,1,321,1,6,2,3000,60,3,2,95.12009053,1,2
22,2,43,5,1,321,1,6,2,4000,60,3,2,95.12009053,1,2
22,2,40,4,1,321,11,1,1,5000,48,3,2,95.12009053,1,2
22,2,40,4,2,321,11,1,1,5200,48,3,2,95.12009053,1,2
22,1,42,3,2,311,1,6,2,5000,56,3,2,96.09468546,1,2
22,1,42,3,1,311,1,6,2,5000,56,3,2,96.09468546,1,2
22,2,23,5,2,321,11,1,1,4000,48,3,2,127.0603331,1,2
22,1,49,4,1,311,1,6,2,5000,56,3,2,71.01131501,1,2
22,1,50,4,2,311,1,6,2,5600,70,3,2,71.01131501,1,2
22,2,38,4,2,321,11,2,1,4000,48,3,2,70.29111631,1,2
22,1,20,5,1,311,1,6,2,3000,50,3,2,83.74551286,1,2
22,1,19,5,1,311,1,6,2,3500,54,3,2,83.74551286,1,2
22,1,61,3,2,3011,3,6,2,4500,54,3,2,60.69677995,1,2
22,1,60,3,2,311,1,6,2,4500,40,3,2,61.03387201,1,2
22,2,17,4,1,221,1,7,2,3000,36,3,2,111.5682505,1,2
22,2,48,2,1,221,1,7,2,4500,56,3,2,83.52238526,1,2
22,1,28,4,1,210,1,7,2,2000,48,3,2,84.37815077,1,2
22,1,25,4,1,210,1,7,2,2000,48,3,2,84.37815077,1,2
22,1,22,4,1,210,1,7,2,3000,48,3,2,99.5093741,1,2
22,2,33,4,1,210,1,7,2,2500,40,3,2,83.52238526,1,2
22,2,19,4,1,210,1,7,2,3500,48,3,2,111.5682505,1,2
22,1,51,2,1,221,1,7,2,4000,56,3,2,84.37815077,1,2
22,1,23,4,1,221,1,7,2,3800,48,3,2,99.5093741,1,2
22,2,20,4,1,221,1,7,2,2000,40,3,2,111.5682505,1,2
22,2,31,2,1,210,1,7,2,3000,40,3,2,83.52238526,1,2
22,1,25,4,1,1329,5,1,1,4500,56,3,2,66.18519865,1,2
22,2,45,5,1,2391,5,1,1,4200,56,3,2,65.51394655,1,2
22,1,45,3,1,221,1,7,2,6000,40,3,2,66.55277176,1,2
22,1,48,4,1,210,1,7,2,6000,40,3,2,66.55277176,1,2
22,2,46,3,1,210,1,7,2,5000,40,3,2,65.87779173,1,2
22,2,35,4,1,3092,5,1,1,5000,56,3,2,65.51394655,1,2
22,1,32,4,1,221,1,6,2,4000,49,3,2,66.55277176,1,2
22,2,35,4,1,1520,5,1,1,6000,48,3,2,67.88695635,1,2
22,2,35,4,1,1520,5,1,1,4000,48,3,2,67.88695635,1,2
22,2,31,4,1,2391,5,1,1,5000,48,3,2,67.88695635,1,2
22,2,32,4,1,2391,5,1,2,5000,48,3,2,67.88695635,1,2
22,2,27,5,1,1520,5,1,1,6000,48,3,2,67.88695635,1,2
22,2,37,5,1,2610,5,1,1,4000,48,3,2,67.88695635,1,2
22,2,37,5,1,2640,5,1,1,4000,48,3,2,67.88695635,1,2
22,1,20,4,1,2391,5,2,2,6000,56,3,2,80.88117353,1,2
22,1,42,2,1,222,1,6,2,4000,50,3,1,177.117405,1,2
22,2,20,5,2,2733,5,2,1,4200,56,3,1,195.6070405,1,2
22,2,28,3,2,2733,11,1,1,3800,56,3,1,169.5650037,1,2
22,2,43,4,1,2731,11,3,1,4000,48,3,2,95.64731733,1,2
22,2,43,4,3,2731,11,2,1,4300,48,3,2,95.64731733,1,2
22,2,20,5,3,2733,11,2,1,5000,56,3,2,127.7645966,1,2
22,2,46,4,1,146,1,6,2,5000,56,3,1,129.9506637,1,2
22,1,47,4,1,321,1,6,2,7000,70,3,1,135.7386479,1,2
22,1,51,2,1,311,1,6,2,9000,70,3,1,135.7386479,1,2
22,1,26,4,1,311,1,6,2,8000,70,3,1,135.7386479,1,2
22,2,45,4,1,146,1,7,2,4500,56,3,1,129.9506637,1,2
22,2,49,4,1,311,1,6,2,2500,45,3,1,129.9506637,1,2
22,2,60,2,1,321,1,6,2,2900,36,3,1,107.9443292,1,2
22,2,61,2,1,311,1,6,2,3500,56,3,1,107.9443292,1,2
22,2,27,2,1,321,1,6,2,3000,45,3,1,129.9506637,1,2
22,2,27,2,1,311,1,6,2,3500,63,3,1,129.9506637,1,2
22,1,40,3,1,322,1,7,2,4000,56,3,2,68.92274692,1,2
22,1,26,2,1,311,1,6,2,6000,70,3,2,68.92274692,1,2
22,2,16,4,1,2733,5,2,1,4500,56,3,2,90.62915423,1,2
26,1,42,4,2,1430,11,2,1,5600,48,3,1,50.02895891,1,2
26,1,43,4,2,1430,11,2,1,5600,56,3,1,50.02895891,1,2
26,2,22,5,1,2630,11,2,1,4800,52,3,1,12.75740207,1,2
26,2,23,5,1,2610,11,2,1,4800,52,3,1,12.75740207,1,2
26,2,22,4,2,2610,11,2,1,6200,66,3,1,12.75740207,1,2
26,2,23,4,2,2610,11,2,1,6500,48,3,1,12.75740207,1,2
26,2,32,5,2,1410,11,3,1,4500,56,3,1,15.57432668,1,2
26,2,32,5,2,1410,11,2,1,5300,56,3,1,15.57432668,1,2
26,2,27,4,2,2610,11,2,1,8400,52,3,1,50.35127076,1,2
26,2,27,2,2,2610,11,2,1,5600,48,3,1,50.35127076,1,2
26,1,24,5,1,2910,11,2,1,8400,48,3,1,46.08380895,1,2
26,1,24,5,1,2910,11,2,1,4700,48,3,1,46.08380895,1,2
26,1,21,5,1,1709,5,2,2,3000,48,3,1,46.08380895,1,2
26,1,21,4,1,1709,5,6,2,3500,48,3,1,46.08380895,1,2
26,2,18,5,1,1410,11,2,1,3800,48,3,1,41.24424888,1,2
26,2,19,5,1,1410,11,2,1,4200,48,3,1,41.24424888,1,2
26,2,39,4,2,3091,11,2,1,12000,48,3,1,50.35127076,1,2
26,2,40,4,2,3091,11,2,1,8600,48,3,1,50.35127076,1,2
26,2,43,3,1,2599,11,2,1,7500,56,3,1,50.35127076,1,2
26,2,44,3,1,2610,11,2,1,3500,56,3,1,50.35127076,1,2
26,2,29,5,2,1410,11,2,1,5600,52,3,1,50.35127076,1,2
26,2,29,5,2,1410,11,2,1,5600,56,3,1,50.35127076,1,2
26,2,37,4,2,1520,11,2,1,4500,48,3,1,50.35127076,1,2
26,2,38,4,2,1520,5,2,1,5300,60,3,1,50.35127076,1,2
26,2,32,5,5,2610,11,2,1,5400,52,3,1,50.35127076,1,2
26,2,32,5,2,2610,11,2,1,5400,56,3,1,50.35127076,1,2
26,2,41,4,2,1410,11,2,1,5400,52,3,1,50.35127076,1,2
26,2,41,4,2,1410,11,2,1,5400,56,3,1,50.35127076,1,2
26,2,31,5,2,3091,11,2,1,8000,48,3,1,50.35127076,1,2
26,2,31,5,2,3091,11,2,1,8000,48,3,1,50.35127076,1,2
26,2,49,5,2,1520,11,2,1,5600,52,3,1,50.25845736,1,2
26,2,50,5,1,1520,5,2,1,5600,52,3,1,50.25845736,1,2
26,1,45,3,5,1520,11,2,1,7600,50,3,1,51.88272964,1,2
26,1,46,3,6,1520,5,2,1,7600,52,3,1,51.88272964,1,2
26,2,37,5,2,1520,11,2,1,7200,52,3,1,50.25845736,1,2
26,2,37,5,1,1520,11,2,1,7000,50,3,1,50.25845736,1,2
26,2,35,5,2,1520,11,2,1,6800,54,3,1,50.25845736,1,2
26,2,35,5,2,1410,11,2,1,7200,60,3,1,50.25845736,1,2
26,2,42,5,2,1410,11,2,1,7500,56,3,1,50.25845736,1,2
26,2,42,5,2,1410,11,2,1,7000,60,3,1,50.25845736,1,2
26,2,31,5,7,1520,11,2,1,4700,48,3,1,50.25845736,1,2
26,2,31,7,2,1520,11,2,1,5800,48,3,1,50.25845736,1,2
26,2,35,4,2,1520,11,2,1,5500,48,3,1,50.25845736,1,2
26,2,35,4,2,1520,11,2,1,5800,48,3,1,50.25845736,1,2
26,2,27,4,1,1520,11,2,1,4500,48,3,1,50.25845736,1,2
26,2,27,4,1,1520,11,2,1,4500,48,3,1,50.25845736,1,2
26,2,39,4,2,1520,11,2,1,5000,48,3,1,50.25845736,1,2
26,2,39,4,2,1520,11,2,1,5400,54,3,1,50.25845736,1,2
26,2,41,5,1,1520,11,2,1,4200,48,3,1,50.25845736,1,2
26,2,42,5,1,1520,11,2,1,5500,48,3,1,50.25845736,1,2
26,1,54,5,1,1520,11,2,1,4500,56,3,1,51.88272964,1,2
26,1,54,5,1,1520,11,2,1,5200,48,3,1,51.88272964,1,2
26,1,22,5,1,1520,11,2,1,5500,48,3,1,45.99886183,1,2
26,1,23,5,2,1520,11,2,1,5900,48,3,1,45.99886183,1,2
26,1,18,5,1,1520,11,3,2,1500,48,3,1,45.99886183,1,2
26,1,47,4,2,3091,11,2,1,8800,63,3,1,51.88272964,1,2
26,1,48,4,2,2930,11,2,1,8300,56,3,1,51.88272964,1,2
26,2,47,4,2,1520,11,2,1,5000,48,3,1,50.25845736,1,2
26,2,47,4,1,1520,11,2,1,4800,48,3,1,50.25845736,1,2
26,1,42,5,1,1410,11,2,1,10000,65,3,1,51.88272964,1,2
26,1,42,6,2,1410,11,2,1,10600,60,3,1,51.88272964,1,2
26,2,40,4,2,1520,11,2,1,6500,63,3,1,50.25845736,1,2
26,2,20,4,2,1520,11,2,1,6300,54,3,1,41.16822261,1,2
26,2,40,4,2,1410,11,2,1,7500,56,3,1,50.67020738,1,2
26,2,40,4,2,1410,11,2,1,7500,48,3,1,50.67020738,1,2
26,2,41,4,2,1410,5,2,1,6400,52,3,1,50.67020738,1,2
26,2,42,4,2,1410,5,2,1,5000,60,3,1,50.67020738,1,2
26,2,54,4,1,1430,11,2,2,3600,48,3,1,50.67020738,1,2
26,2,54,4,1,1430,5,3,2,4000,48,3,1,50.67020738,1,2
26,1,30,4,2,2813,5,2,1,6000,48,3,1,52.30778676,1,2
26,1,30,4,2,2813,5,2,1,6200,48,3,1,52.30778676,1,2
26,2,25,4,1,1410,5,2,2,4600,52,3,1,50.67020738,1,2
26,2,26,4,1,1410,5,3,2,5500,54,3,1,50.67020738,1,2
26,1,61,4,1,146,1,5,2,4500,56,3,1,43.44978926,1,2
26,1,61,4,1,146,1,5,2,4500,48,3,1,43.44978926,1,2
26,2,23,5,2,1520,11,2,1,5500,48,3,1,41.50549951,1,2
26,2,23,5,2,1520,11,2,1,5500,48,3,1,41.50549951,1,2
26,2,34,4,2,1410,11,2,1,5600,48,3,1,50.67020738,1,2
26,2,34,4,2,1410,11,2,1,5200,48,3,1,50.67020738,1,2
26,2,48,4,1,1430,5,2,1,3600,48,3,1,50.67020738,1,2
26,2,48,4,1,1430,11,2,1,4000,48,3,1,50.67020738,1,2
26,1,24,5,2,2930,11,2,1,6500,48,3,1,46.37571447,1,2
26,1,24,5,2,2930,11,2,1,5500,48,3,1,46.37571447,1,2
26,2,23,5,2,2930,11,2,1,6200,48,3,1,41.50549951,1,2
26,2,23,5,2,2930,11,2,1,5000,48,3,1,41.50549951,1,2
26,2,33,4,2,1410,11,2,1,5700,48,3,1,50.67020738,1,2
26,2,33,4,2,1410,11,2,1,6200,48,3,1,50.67020738,1,2
26,2,50,4,1,1410,5,2,1,5800,50,3,1,50.67020738,1,2
26,2,51,4,2,1430,5,2,1,6000,56,3,1,50.67020738,1,2
26,2,44,4,5,1410,3,6,2,7000,52,3,1,50.67020738,1,2
26,2,45,4,2,1410,3,6,2,7200,56,3,1,50.67020738,1,2
26,2,45,3,5,1410,11,2,1,5200,52,3,1,50.67020738,1,2
26,2,45,3,2,1410,11,2,1,5200,52,3,1,50.67020738,1,2
26,2,33,4,2,1410,11,2,1,6500,48,3,1,50.67020738,1,2
26,2,34,4,2,1410,11,2,1,6800,48,3,1,50.67020738,1,2
26,2,33,4,2,1312,11,2,1,7200,52,3,1,50.67020738,1,2
26,2,34,4,2,1312,11,2,1,7800,52,3,1,50.67020738,1,2
26,2,38,4,2,1410,11,2,1,6700,48,3,1,83.55327421,1,2
26,2,38,4,2,1410,11,2,1,5500,48,3,1,83.55327421,1,2
26,1,24,5,2,3091,11,2,1,6500,56,3,1,21.44307845,1,2
26,1,24,5,2,3091,11,2,1,6500,56,3,1,21.44307845,1,2
26,2,31,5,2,1410,11,2,1,4500,48,3,1,23.42875456,1,2
26,2,31,5,2,1410,11,2,1,4500,48,3,1,23.42875456,1,2
26,2,33,4,2,1410,3,5,2,5600,48,3,1,23.42875456,1,2
26,2,34,4,5,1410,3,6,2,4500,48,3,1,23.42875456,1,2
26,2,35,5,2,1410,11,2,1,6000,48,3,1,23.42875456,1,2
26,2,35,5,2,1410,11,2,1,5500,56,3,1,23.42875456,1,2
26,2,45,4,1,2610,11,2,1,5000,60,3,1,23.42875456,1,2
26,2,45,4,2,2610,11,2,1,5000,60,3,1,23.42875456,1,2
26,1,31,5,1,1702,5,2,1,6500,48,3,1,24.18593412,1,2
26,1,31,5,5,1811,5,3,2,6500,48,3,1,24.18593412,1,2
26,2,29,5,2,1812,11,2,1,5500,52,3,1,23.42875456,1,2
26,2,29,5,2,1811,11,2,1,5500,52,3,1,23.42875456,1,2
26,2,18,5,1,2610,11,2,1,8000,72,3,1,34.03844864,1,2
26,2,23,5,1,2610,11,2,1,8300,70,3,1,34.03844864,1,2
26,2,26,5,2,2610,11,2,1,7000,52,3,1,41.55437886,1,2
26,2,26,5,2,2610,11,2,1,7000,52,3,1,41.55437886,1,2
26,1,32,5,5,3091,11,2,1,6800,60,3,1,42.89734936,1,2
26,1,32,5,2,3091,11,2,1,7000,60,3,1,42.89734936,1,2
26,1,33,4,2,3091,11,2,1,7500,52,3,1,42.89734936,1,2
26,1,33,4,2,3091,11,2,1,7500,52,3,1,42.89734936,1,2
26,2,35,5,5,2610,11,2,1,6500,52,3,1,41.55437886,1,2
26,2,36,5,6,2610,11,2,1,6500,52,3,1,41.55437886,1,2
26,2,20,5,1,2630,11,2,1,6500,60,3,1,34.03844864,1,2
26,2,28,5,1,2610,11,2,1,6500,52,3,1,41.55437886,1,2
26,2,29,5,2,2610,11,2,1,7800,52,3,1,41.55437886,1,2
26,2,19,4,1,2610,11,2,1,7000,52,3,1,34.03844864,1,2
26,2,20,4,1,2610,11,2,1,7000,52,3,1,34.03844864,1,2
26,2,25,5,2,2610,11,2,1,8000,52,3,1,41.55437886,1,2
26,2,25,5,2,2610,11,2,1,8000,52,3,1,41.55437886,1,2
26,2,38,5,1,2610,11,2,1,6000,60,3,1,41.55437886,1,2
26,2,21,4,1,2630,11,2,1,4700,56,3,1,34.03844864,1,2
26,1,53,4,1,2392,11,2,1,6000,48,3,1,42.89734936,1,2
26,1,53,4,1,2392,11,2,1,5300,60,3,1,42.89734936,1,2
26,2,46,3,1,2392,11,2,1,5600,48,3,1,41.55437886,1,2
26,2,46,3,1,2392,11,2,1,5000,48,3,1,41.55437886,1,2
26,2,30,5,2,2610,11,2,1,5800,70,3,1,41.55437886,1,2
26,2,30,5,2,1410,11,2,1,6300,65,3,1,41.55437886,1,2
26,2,22,5,2,2610,11,2,1,5500,52,3,1,34.03844864,1,2
26,2,22,5,2,2610,11,2,1,5500,52,3,1,34.03844864,1,2
26,1,32,5,2,1410,11,2,1,5000,48,3,1,42.89734936,1,2
26,1,32,5,2,1410,11,2,1,5000,48,3,1,42.89734936,1,2
26,2,35,4,2,2610,11,2,1,7800,52,3,1,41.55437886,1,2
26,2,36,4,2,2610,11,2,1,8200,64,3,1,41.55437886,1,2
26,2,23,4,2,2610,11,2,1,4500,52,3,1,34.03844864,1,2
26,2,24,4,2,2630,11,2,1,5000,52,3,1,34.03844864,1,2
26,2,34,4,2,2610,11,2,1,6300,48,3,1,41.55437886,1,2
26,2,35,4,2,2630,11,2,1,6200,48,3,1,41.55437886,1,2
26,2,20,5,1,2610,11,2,1,8000,60,3,1,34.03844864,1,2
26,2,21,5,2,2610,11,2,1,8200,65,3,1,34.03844864,1,2
26,1,34,5,2,2610,11,2,1,6500,52,3,1,42.89734936,1,2
26,1,35,5,2,2610,11,2,1,6500,52,3,1,42.89734936,1,2
26,2,34,5,2,2610,11,2,1,6000,52,3,1,41.55437886,1,2
26,2,35,5,2,2610,11,2,1,6000,52,3,1,41.55437886,1,2
26,2,26,5,2,2630,11,2,1,8000,52,3,1,41.55437886,1,2
26,2,27,5,2,2630,11,2,1,8000,52,3,1,41.55437886,1,2
26,1,34,5,5,3091,11,2,1,8600,65,3,1,42.89734936,1,2
26,1,35,5,5,3091,11,2,1,8000,65,3,1,42.89734936,1,2
26,1,38,4,2,3091,11,2,1,7800,63,3,1,42.89734936,1,2
26,1,32,5,2,3091,11,2,1,5000,52,3,1,42.89734936,1,2
26,1,32,5,2,3091,11,2,1,5000,52,3,1,42.89734936,1,2
26,2,26,4,2,2610,11,2,1,6000,52,3,1,41.55437886,1,2
26,2,27,5,2,2610,11,2,1,6000,52,3,1,41.55437886,1,2
26,1,34,3,2,3091,11,3,1,5200,48,3,2,56.10360506,1,2
26,1,34,4,2,3091,11,3,1,6500,48,3,2,56.10360506,1,2
26,2,31,3,2,1410,11,2,1,6800,48,3,2,55.84321421,1,2
26,2,32,3,2,1410,11,2,1,8200,48,3,2,55.84321421,1,2
26,1,54,4,1,3091,11,2,2,4500,72,3,2,56.10360506,1,2
26,1,54,4,1,3091,11,3,1,5500,72,3,2,56.10360506,1,2
26,1,40,4,2,1410,11,2,1,6800,52,3,2,56.10360506,1,2
26,1,40,4,2,1410,11,2,1,6800,52,3,2,56.10360506,1,2
26,2,36,5,2,1410,11,2,1,6500,52,3,2,55.84321421,1,2
26,2,36,5,2,1410,11,2,1,6500,52,3,2,55.84321421,1,2
26,2,47,4,1,1410,11,2,2,3300,48,3,2,55.84321421,1,2
26,2,47,4,1,1410,11,3,2,3500,48,3,2,55.84321421,1,2
26,1,24,5,1,3290,11,2,1,7600,48,3,2,59.84755084,1,2
26,1,24,5,2,3290,11,2,1,8200,56,3,2,59.84755084,1,2
26,2,36,4,2,2610,11,2,1,6800,48,3,2,55.84321421,1,2
26,2,37,4,1,2610,11,2,1,7600,48,3,2,55.84321421,1,2
26,1,39,4,1,1410,11,2,1,7200,48,3,2,56.10360506,1,2
26,2,35,4,2,1410,11,2,1,5500,48,3,2,55.84321421,1,2
26,2,35,4,5,1410,11,2,1,5500,48,3,2,55.84321421,1,2
26,2,35,4,2,2610,11,2,1,6800,48,3,2,55.84321421,1,2
26,2,35,4,2,2630,11,2,1,7500,48,3,2,55.84321421,1,2
26,2,35,4,2,1410,11,2,1,5600,48,3,2,55.84321421,1,2
26,2,35,4,2,1410,11,2,1,6000,48,3,2,55.84321421,1,2
26,1,30,5,2,1410,11,1,1,6800,48,3,2,56.10360506,1,2
26,1,31,5,2,1410,11,1,1,7200,48,3,2,56.10360506,1,2
26,2,27,5,2,1410,11,1,1,5900,48,3,2,55.84321421,1,2
26,2,27,5,2,1410,11,1,1,6500,48,3,2,55.84321421,1,2
26,1,43,4,1,2392,5,5,2,7000,60,3,2,56.10360506,1,2
26,2,37,2,1,3091,11,2,2,4200,48,3,2,55.84321421,1,2
26,2,37,3,2,3091,11,2,2,4500,48,3,2,55.84321421,1,2
26,2,36,4,2,2930,11,2,1,10000,56,3,2,55.84321421,1,2
26,2,37,4,2,1410,11,2,1,6500,60,3,2,55.84321421,1,2
26,1,31,5,2,2392,11,2,1,8600,52,3,2,56.10360506,1,2
26,1,32,5,2,2392,11,2,1,6000,52,3,2,56.10360506,1,2
26,1,52,4,1,1621,3,6,2,7000,52,3,2,56.10360506,1,2
26,1,53,4,2,1621,3,6,2,7000,56,3,2,56.10360506,1,2
26,2,22,5,1,2610,11,2,1,9000,63,3,2,64.7940934,1,2
26,2,23,5,2,2610,11,2,1,6800,60,3,2,64.7940934,1,2
26,1,32,4,1,1311,5,2,1,10000,48,3,2,56.10360506,1,2
26,1,32,4,2,1311,5,2,1,5900,48,3,2,56.10360506,1,2
26,2,31,5,2,2220,11,2,1,9500,48,3,2,55.84321421,1,2
26,2,31,5,2,2220,11,2,1,6500,56,3,2,55.84321421,1,2
26,1,35,5,2,2512,5,2,1,6000,48,3,2,56.10360506,1,2
26,1,35,5,2,2512,5,2,1,6000,48,3,2,56.10360506,1,2
26,2,39,1,1,1702,11,2,1,7500,52,3,2,55.84321421,1,2
26,2,39,3,2,1410,11,2,1,11500,56,3,2,55.84321421,1,2
26,2,33,3,2,1410,11,2,1,7300,48,3,2,55.84321421,1,2
26,2,34,3,2,1410,11,2,1,4500,48,3,2,55.84321421,1,2
26,1,30,4,2,3290,11,2,1,9600,52,3,2,56.10360506,1,2
26,1,31,4,2,3290,11,2,1,7000,52,3,2,56.10360506,1,2
26,2,25,5,2,3091,5,2,1,10400,52,3,2,55.84321421,1,2
26,2,26,5,2,3091,5,2,1,7200,52,3,2,55.84321421,1,2
26,1,34,5,2,2610,11,2,1,8000,48,3,2,56.10360506,1,2
26,1,35,5,1,2610,11,2,1,4800,48,3,2,56.10360506,1,2
26,2,29,5,2,1410,11,2,1,7800,52,3,2,55.84321421,1,2
26,2,30,5,2,1410,11,2,1,5200,52,3,2,55.84321421,1,2
26,2,29,5,1,2930,11,3,1,4200,48,3,1,44.94265898,1,2
26,2,29,5,1,2930,11,2,1,4200,48,3,1,44.94265898,1,2
26,1,47,5,2,3100,5,2,1,9000,56,3,1,46.39513323,1,2
26,1,48,5,2,3100,5,2,1,9000,56,3,1,46.39513323,1,2
26,1,23,5,2,3091,11,2,1,6800,58,3,1,46.06409816,1,2
26,1,24,5,2,3091,11,2,1,6000,50,3,1,46.06409816,1,2
26,1,42,4,2,2511,3,6,2,5600,56,3,1,51.95631057,1,2
26,1,42,4,2,2511,3,6,2,6000,56,3,1,51.95631057,1,2
26,2,21,5,1,1323,5,2,1,5000,48,3,1,41.22660805,1,2
26,2,21,5,2,1323,5,2,1,6000,48,3,1,41.22660805,1,2
26,1,22,5,1,3091,11,2,1,7000,48,3,1,46.06409816,1,2
26,1,22,5,2,3091,11,2,1,7000,48,3,1,46.06409816,1,2
26,1,30,5,2,2511,3,6,2,6000,56,3,1,51.95631057,1,2
26,1,30,5,2,2511,3,7,2,6200,52,3,1,51.95631057,1,2
26,2,29,5,2,1322,5,2,2,5800,50,3,1,50.32973471,1,2
26,1,28,5,6,3091,11,2,1,12000,48,3,1,51.95631057,1,2
26,1,28,5,2,3091,11,1,1,12000,48,3,1,51.95631057,1,2
26,2,25,5,2,1410,5,2,1,8500,48,3,1,50.32973471,1,2
26,2,25,5,2,1410,5,2,1,8500,48,3,1,50.32973471,1,2
26,2,38,5,2,2930,11,1,1,7060,48,3,1,50.32973471,1,2
26,2,39,5,2,2930,11,1,1,7040,48,3,1,50.32973471,1,2
26,2,35,4,1,2610,5,3,2,5000,48,3,1,50.32973471,1,2
26,2,35,4,1,2610,11,3,2,3600,48,3,1,50.32973471,1,2
26,2,22,5,2,3091,11,2,1,9960,48,3,1,41.22660805,1,2
26,2,22,5,2,3091,11,2,1,7060,48,3,1,41.22660805,1,2
26,1,19,5,1,3091,5,2,1,4500,48,3,1,46.06409816,1,2
26,1,19,5,1,3091,5,2,1,6000,48,3,1,46.06409816,1,2
26,1,21,5,2,2930,11,2,1,5600,48,3,1,46.06409816,1,2
26,1,21,5,2,2930,11,2,1,7100,48,3,1,46.06409816,1,2
26,2,32,5,2,2630,11,2,1,6500,50,3,1,50.32973471,1,2
26,2,26,5,2,1520,5,2,1,5000,48,3,1,50.32973471,1,2
26,1,34,3,5,2511,5,2,2,5500,48,3,1,51.95631057,1,2
26,1,34,3,2,2511,5,2,2,5200,48,3,1,51.95631057,1,2
26,2,26,5,2,1520,5,2,1,4000,48,3,1,50.32973471,1,2
26,2,32,5,5,2630,11,2,1,7500,50,3,1,50.32973471,1,2
26,2,35,5,2,1410,11,1,1,7200,48,3,1,33.77867312,1,2
26,2,36,5,2,1410,11,1,1,6700,52,3,1,33.77867312,1,2
26,1,37,5,2,3091,11,1,1,11300,48,3,1,34.87034535,1,2
26,1,37,5,2,3091,11,1,1,8800,48,3,1,34.87034535,1,2
26,2,36,5,2,1410,5,2,1,7500,48,3,1,33.77867312,1,2
26,2,36,5,2,1410,5,2,1,7000,48,3,1,33.77867312,1,2
26,1,28,5,2,3091,11,2,1,8300,48,3,1,34.87034535,1,2
26,1,28,5,2,3091,11,1,1,6800,48,3,1,34.87034535,1,2
26,2,32,5,2,3091,11,1,1,6500,50,3,1,33.77867312,1,2
26,2,32,5,1,3091,11,1,1,6500,48,3,1,33.77867312,1,2
26,1,35,5,2,3091,11,1,1,12800,48,3,1,34.87034535,1,2
26,1,36,5,2,3091,11,1,1,7800,48,3,1,34.87034535,1,2
26,2,32,4,5,3091,11,1,1,10000,48,3,1,33.77867312,1,2
26,2,32,4,2,3091,11,1,1,5600,48,3,1,33.77867312,1,2
26,1,20,5,1,3091,11,2,1,6500,52,3,1,30.91580202,1,2
26,1,20,5,1,3091,11,2,1,6800,50,3,1,30.91580202,1,2
26,1,40,5,2,3091,11,1,1,12000,52,3,1,34.87034535,1,2
26,1,40,5,2,3091,11,1,1,13000,52,3,1,34.87034535,1,2
26,2,33,2,2,1629,5,2,1,6500,48,3,1,33.77867312,1,2
26,2,34,2,2,3100,5,2,1,4500,48,3,1,33.77867312,1,2
26,1,23,5,2,3091,11,2,1,9000,48,3,1,30.91580202,1,2
26,1,23,5,2,3091,11,2,1,6000,48,3,1,30.91580202,1,2
26,1,24,5,2,3091,11,2,1,7500,48,3,1,30.91580202,1,2
26,1,24,5,2,3091,11,2,1,5500,48,3,1,30.91580202,1,2
26,1,60,4,1,2220,5,4,2,6000,56,3,1,28.96526982,1,2
26,1,60,4,1,2220,5,2,2,5000,56,3,1,28.96526982,1,2
26,1,35,5,2,2511,3,6,2,5200,48,3,1,34.87034535,1,2
26,1,35,5,2,2511,3,6,2,5000,48,3,1,34.87034535,1,2
26,2,29,4,2,1410,11,2,1,3500,48,3,1,33.77867312,1,2
26,2,30,4,2,1410,11,2,1,3500,48,3,1,33.77867312,1,2
26,1,20,5,1,3091,11,2,1,6700,58,3,1,30.91580202,1,2
26,1,20,5,1,3091,11,2,1,4300,50,3,1,30.91580202,1,2
26,1,28,5,2,3091,11,1,1,9000,51,3,1,34.87034535,1,2
26,1,28,5,2,3091,11,1,1,5500,52,3,1,34.87034535,1,2
26,1,29,5,2,3091,11,2,1,14000,48,3,1,34.87034535,1,2
26,1,29,5,2,3091,11,2,1,8000,48,3,1,34.87034535,1,2
26,2,34,5,1,3100,5,3,2,4800,48,3,1,35.42654419,1,2
26,2,35,5,2,3100,5,2,1,5300,48,3,1,35.42654419,1,2
26,2,26,4,2,2930,11,2,1,8000,48,3,1,35.42654419,1,2
26,2,27,4,2,2930,11,2,1,8000,48,3,1,35.42654419,1,2
26,2,30,5,2,2930,11,2,1,10000,48,3,1,35.42654419,1,2
26,2,31,5,2,2930,11,2,1,10000,48,3,1,35.42654419,1,2
26,2,44,4,2,1410,5,2,1,5760,48,3,1,35.42654419,1,2
26,2,45,4,2,1410,5,2,1,5770,52,3,1,35.42654419,1,2
26,2,38,4,2,1520,5,2,1,7000,48,3,1,35.42654419,1,2
26,2,38,4,2,1520,5,2,1,7000,48,3,1,35.42654419,1,2
26,2,38,5,2,2620,11,2,1,7700,48,3,1,92.07209105,1,2
26,2,38,5,2,2620,5,2,1,7700,48,3,1,92.07209105,1,2
26,1,51,4,1,2630,11,2,2,5000,50,3,1,95.04771254,1,2
26,1,51,4,1,2630,5,3,2,5000,56,3,1,95.04771254,1,2
26,2,30,5,2,2610,5,2,1,5400,50,3,1,92.07209105,1,2
26,2,29,5,2,2610,11,3,1,5400,50,3,1,92.07209105,1,2
26,2,43,4,1,2630,11,3,2,8000,56,3,1,66.05672592,1,2
26,2,50,4,1,1621,5,2,1,5500,48,3,1,66.05672592,1,2
26,2,51,4,1,1621,5,2,1,4000,48,3,1,66.05672592,1,2
26,1,27,5,2,2750,11,2,1,7540,48,3,1,68.19157276,1,2
26,1,27,5,2,2750,11,2,1,7000,48,3,1,68.19157276,1,2
26,2,43,4,1,2630,5,3,2,8000,48,3,1,66.05672592,1,2
26,2,33,3,5,3091,5,2,1,11000,48,3,2,54.11583261,1,2
26,1,22,8,2,3091,11,2,1,10000,48,3,2,57.99630428,1,2
26,1,22,5,2,3091,11,2,1,6500,48,3,2,57.99630428,1,2
26,2,21,5,2,3091,11,2,1,11000,48,3,2,62.78983691,1,2
26,2,21,5,1,3091,11,2,1,5000,48,3,2,62.78983691,1,2
26,1,60,4,2,3100,3,6,2,4000,40,3,2,46.72917069,1,2
26,1,61,4,2,3100,3,6,2,4000,40,3,2,46.72917069,1,2
26,2,25,4,2,2630,5,2,1,7100,48,3,2,54.11583261,1,2
26,2,25,4,2,2630,11,2,1,7000,48,3,2,54.11583261,1,2
26,2,27,4,2,1520,5,2,1,5690,48,3,2,54.11583261,1,2
26,2,27,4,2,1520,5,2,1,5670,50,3,2,54.11583261,1,2
26,2,35,3,2,1329,5,4,2,5600,55,3,2,54.11583261,1,2
26,2,35,3,2,1322,5,4,2,5460,55,3,2,54.11583261,1,2
26,1,18,5,1,3091,11,4,2,4480,48,3,2,57.99630428,1,2
26,2,33,5,2,1512,11,2,1,8500,48,3,2,54.11583261,1,2
26,2,33,5,2,1512,11,2,1,6000,48,3,2,54.11583261,1,2
26,2,38,3,2,1520,5,1,1,5200,48,3,2,54.11583261,1,2
26,2,38,3,2,1520,11,1,1,5200,48,3,2,54.11583261,1,2
26,2,23,5,2,3100,5,2,1,6200,50,3,2,62.78983691,1,2
26,2,32,5,2,3100,11,2,1,6300,50,3,2,54.11583261,1,2
26,2,30,4,2,2610,11,2,1,6300,48,3,2,54.11583261,1,2
26,2,30,4,2,2610,11,1,1,6870,50,3,2,54.11583261,1,2
26,2,44,3,1,1410,5,3,2,4000,48,3,2,54.11583261,1,2
26,2,43,3,1,1410,5,3,2,4700,48,3,2,54.11583261,1,2
26,2,25,3,1,1520,5,2,1,6000,48,3,2,54.11583261,1,2
26,2,26,3,2,1520,5,2,1,6500,48,3,2,54.11583261,1,2
26,1,25,3,1,2630,11,4,2,4340,48,3,2,54.36816887,1,2
26,1,26,3,2,2630,11,4,2,4340,48,3,2,54.36816887,1,2
26,2,30,3,2,2930,11,2,1,5000,48,3,2,54.11583261,1,2
26,2,31,3,2,2930,11,2,1,5500,48,3,2,54.11583261,1,2
26,2,30,4,1,1520,11,2,1,4000,56,3,2,139.3769561,1,2
26,2,30,4,1,1520,11,2,1,5030,60,3,2,139.3769561,1,2
26,1,34,3,2,1520,11,2,1,4100,56,3,2,140.0268557,1,2
26,1,34,4,2,1520,11,2,1,5100,60,3,2,140.0268557,1,2
26,2,31,3,2,1520,11,2,1,4100,56,3,2,139.3769561,1,2
26,2,31,3,2,1520,11,2,1,5100,60,3,2,139.3769561,1,2
26,2,35,3,2,1520,11,2,1,4000,56,3,2,139.3769561,1,2
26,2,35,4,1,1520,11,2,1,5090,60,3,2,139.3769561,1,2
26,2,29,5,1,2392,5,3,1,3500,56,3,2,139.3769561,1,2
26,2,36,4,2,1520,11,2,1,5200,48,3,2,139.3769561,1,2
26,2,36,4,2,1520,11,2,1,5500,60,3,2,139.3769561,1,2
26,2,33,4,1,1520,11,2,1,3650,48,3,2,139.3769561,1,2
26,2,33,4,1,1520,11,2,1,3200,55,3,2,139.3769561,1,2
26,2,18,5,2,2610,11,2,1,6000,48,3,2,161.7171153,1,2
26,2,19,5,1,2610,11,2,1,6000,48,3,2,161.7171153,1,2
26,1,23,4,1,2640,11,2,1,3000,48,3,2,149.3712277,1,2
26,1,23,4,1,2630,11,2,1,3000,48,3,2,149.3712277,1,2
26,2,20,4,1,1520,11,2,1,5900,48,3,2,161.7171153,1,2
26,2,20,4,1,1520,11,2,1,6000,48,3,2,161.7171153,1,2
26,2,36,4,2,1520,11,2,1,6000,48,3,2,139.3769561,1,2
26,2,36,3,2,1520,11,2,1,6000,48,3,2,139.3769561,1,2
26,2,37,4,1,2610,11,2,1,7000,48,3,2,139.3769561,1,2
26,2,37,4,1,2630,11,2,1,7000,48,3,2,139.3769561,1,2
26,1,57,4,2,161,10,3,2,1600,40,3,2,140.8045237,1,2
26,1,58,4,1,1061,10,3,2,1690,40,3,2,140.0268557,1,2
26,2,34,3,2,1410,11,2,1,7000,58,3,2,139.3769561,1,2
26,1,34,4,1,2392,5,2,1,6000,48,3,2,140.0268557,1,2
26,1,34,4,1,2392,11,2,1,6000,48,3,2,140.0268557,1,2
26,2,28,4,1,2610,11,2,1,6000,48,3,2,139.3769561,1,2
26,2,29,4,2,2610,11,2,1,6000,60,3,2,139.3769561,1,2
26,2,25,4,6,2630,11,2,1,7000,55,3,2,139.3769561,1,2
26,2,25,4,1,2630,11,2,1,6000,60,3,2,139.3769561,1,2
26,2,32,4,2,1520,11,2,1,7000,48,3,2,139.3769561,1,2
26,2,32,4,2,1520,11,2,1,6200,60,3,2,139.3769561,1,2
26,2,32,3,1,1520,11,2,1,7000,60,3,1,119.7363634,1,2
26,2,32,3,1,1520,11,2,1,6000,60,3,1,119.7363634,1,2
26,2,36,4,2,1520,11,2,1,6000,50,3,1,119.7363634,1,2
26,2,36,4,2,1520,11,2,1,4300,50,3,1,119.7363634,1,2
26,2,48,4,1,118,4,2,1,4420,48,3,1,119.7363634,1,2
26,2,49,4,1,118,4,2,1,4420,48,3,1,119.7363634,1,2
26,2,33,5,1,2610,11,2,1,13000,58,3,1,119.7363634,1,2
26,2,34,5,5,2610,11,2,1,5500,50,3,1,119.7363634,1,2
26,2,32,2,1,1520,11,2,1,6000,50,3,1,119.7363634,1,2
26,2,32,2,1,1520,11,2,1,4500,50,3,1,119.7363634,1,2
26,2,18,5,1,2610,11,4,2,3350,58,3,1,98.07967702,1,2
26,2,18,5,1,2610,11,2,1,5200,48,3,1,98.07967702,1,2
26,2,35,3,1,1520,11,2,1,4500,56,3,1,119.7363634,1,2
26,2,36,3,1,1520,11,2,1,5800,50,3,1,119.7363634,1,2
26,2,31,4,1,2610,11,2,1,7500,60,3,1,119.7363634,1,2
26,2,32,4,1,2610,11,2,1,7500,48,3,1,119.7363634,1,2
26,2,36,3,2,1520,3,6,2,3000,40,3,1,119.7363634,1,2
26,1,23,5,1,2610,11,2,1,9000,58,3,1,109.588251,1,2
26,1,23,5,1,2610,11,2,1,7000,48,3,1,109.588251,1,2
26,2,22,5,1,2610,11,2,1,3900,48,3,1,98.07967702,1,2
26,2,22,5,2,2610,11,2,1,3600,48,3,1,98.07967702,1,2
26,2,43,3,1,1520,11,2,1,5000,55,3,1,119.7363634,1,2
26,2,44,3,1,1520,11,2,1,5000,50,3,1,119.7363634,1,2
26,2,19,5,1,2610,11,2,1,6500,56,3,1,98.07967702,1,2
26,2,19,5,1,2630,11,2,1,6500,50,3,1,98.07967702,1,2
26,2,24,5,1,1520,11,2,1,4500,56,3,1,98.07967702,1,2
26,2,24,5,1,1520,11,2,1,4500,48,3,1,98.07967702,1,2
26,2,41,4,1,1520,11,2,1,4500,56,3,1,119.7363634,1,2
26,2,41,4,1,1520,11,2,1,5500,54,3,1,119.7363634,1,2
26,1,20,4,1,121,1,6,2,2000,40,3,2,131.7550803,1,2
26,1,26,5,1,3091,11,2,1,5500,48,3,2,122.8305752,1,2
26,1,26,5,5,3091,11,2,1,5500,48,3,2,122.8305752,1,2
26,1,45,5,1,2392,5,3,2,6000,48,3,2,122.8305752,1,2
26,1,45,5,1,2392,5,3,1,7000,48,3,2,122.8305752,1,2
26,1,19,4,1,3091,11,3,2,6000,49,3,2,131.0273927,1,2
26,1,20,4,1,3091,11,2,1,6000,48,3,2,131.0273927,1,2
26,2,27,4,1,2610,11,3,1,5040,56,3,2,122.2604878,1,2
26,2,27,4,1,2610,11,2,1,4500,56,3,2,122.2604878,1,2
26,2,30,4,1,1520,11,4,2,3670,48,3,2,122.2604878,1,2
26,2,32,3,1,1410,11,3,1,7800,48,3,2,122.2604878,1,2
26,2,37,5,2,1410,11,2,1,5500,60,3,2,122.2604878,1,2
26,2,38,5,2,1410,11,2,1,5500,50,3,2,122.2604878,1,2
26,2,40,3,1,2392,5,2,1,4500,48,3,2,122.2604878,1,2
26,2,41,3,1,2392,5,2,2,5000,50,3,2,122.2604878,1,2
26,1,20,5,1,2630,11,4,2,5200,48,3,2,131.0273927,1,2
26,2,18,5,1,2630,11,4,2,5200,48,3,2,141.8571187,1,2
26,2,18,5,1,2630,11,4,2,3000,48,3,2,141.8571187,1,2
26,1,19,4,1,2610,11,2,1,6000,60,3,2,144.7347047,1,2
26,1,20,4,1,2610,11,2,1,6000,55,3,2,144.7347047,1,2
26,2,36,5,2,1520,11,2,1,5000,48,3,2,135.050658,1,2
26,2,36,5,2,1520,11,2,1,5000,55,3,2,135.050658,1,2
26,1,24,5,1,2511,3,6,2,5000,58,3,2,144.7347047,1,2
26,1,25,5,2,2511,3,6,2,5600,58,3,2,135.6803845,1,2
26,1,26,5,1,3290,11,2,1,6200,48,3,2,135.6803845,1,2
26,1,27,5,2,3290,11,2,1,6200,58,3,2,135.6803845,1,2
26,2,27,5,2,3290,11,2,1,8200,48,3,2,135.050658,1,2
26,2,28,5,2,3290,11,2,1,8000,60,3,2,135.050658,1,2
26,2,36,3,1,1520,11,2,1,4300,48,3,2,135.050658,1,2
26,2,37,3,2,1520,11,2,1,5800,60,3,2,135.050658,1,2
26,2,27,4,2,2610,11,2,1,7000,60,3,2,135.050658,1,2
26,2,28,4,2,2610,11,2,1,7000,60,3,2,135.050658,1,2
26,2,49,4,1,2630,11,3,2,4200,50,3,2,134.6523135,1,2
26,2,49,4,1,2610,11,2,1,4000,48,3,2,134.6523135,1,2
26,1,25,5,1,2610,11,3,1,4500,48,3,2,135.2801827,1,2
26,2,34,3,1,2610,11,2,1,6000,60,3,2,134.6523135,1,2
26,2,34,3,1,2610,11,2,1,6200,48,3,2,134.6523135,1,2
26,1,30,5,2,2910,11,2,1,6000,56,3,2,135.2801827,1,2
26,1,30,5,2,2910,11,2,1,6600,56,3,2,135.2801827,1,2
26,2,26,5,2,2630,11,2,1,6000,48,3,2,134.6523135,1,2
26,2,27,5,2,2630,11,2,1,6000,56,3,2,134.6523135,1,2
26,2,49,4,1,1520,11,2,1,3700,60,3,2,134.6523135,1,2
26,2,50,4,1,1520,5,2,1,3700,60,3,2,134.6523135,1,2
26,2,28,3,1,2630,11,2,1,6000,50,3,2,134.6523135,1,2
26,2,28,3,1,2610,11,2,1,5000,50,3,2,134.6523135,1,2
26,1,30,5,1,2610,11,2,1,7500,60,3,2,135.2801827,1,2
26,1,30,5,2,2610,11,2,1,5500,48,3,2,135.2801827,1,2
26,2,40,4,1,1520,11,2,1,8500,55,3,2,134.6523135,1,2
26,2,41,4,1,1520,11,2,1,6000,58,3,2,134.6523135,1,2
26,1,52,4,1,2610,11,3,1,6000,56,3,2,135.2801827,1,2
26,2,18,5,1,2610,11,4,2,4000,48,3,2,156.2351792,1,2
26,2,28,5,1,2610,11,2,1,14000,60,3,2,134.6523135,1,2
26,2,29,5,1,2630,11,4,2,3500,54,3,2,134.6523135,1,2
26,1,28,4,1,3091,11,2,1,15000,58,3,2,135.2801827,1,2
26,2,29,4,2,1520,11,2,1,8500,60,3,2,134.6523135,1,2
26,2,30,4,2,1520,11,2,1,5800,60,3,2,134.6523135,1,2
26,2,31,5,2,2610,11,2,1,15000,58,3,2,134.6523135,1,2
26,1,57,4,1,1410,11,2,1,5000,48,3,2,54.49040236,1,2
26,1,58,4,1,1410,11,2,1,5000,48,3,2,54.49040236,1,2
26,2,20,5,1,1410,11,2,1,4500,48,3,2,62.93100445,1,2
26,2,21,5,1,1410,11,2,1,4100,48,3,2,62.93100445,1,2
26,2,40,4,1,1410,11,2,1,5500,48,3,2,54.23749878,1,2
26,2,41,4,1,1410,11,2,1,5000,48,3,2,54.23749878,1,2
26,2,19,5,2,1520,11,2,1,4000,60,3,2,62.93100445,1,2
26,2,19,5,2,1520,11,2,1,5000,48,3,2,62.93100445,1,2
26,2,38,4,1,2391,11,2,1,8000,48,3,2,54.23749878,1,2
26,2,39,4,2,2391,11,2,1,8000,48,3,2,54.23749878,1,2
26,2,31,4,5,1410,11,2,1,4600,48,3,2,54.23749878,1,2
26,2,31,4,1,1410,11,2,1,5500,52,3,2,54.23749878,1,2
26,2,21,5,1,2630,11,2,1,5600,56,3,2,62.93100445,1,2
26,2,21,5,2,2630,11,2,1,5600,56,3,2,62.93100445,1,2
26,2,18,5,1,2630,11,3,2,3000,56,3,2,62.93100445,1,2
26,2,18,5,1,2610,11,2,1,5000,50,3,2,62.93100445,1,2
26,1,30,5,1,3091,11,2,1,6000,48,3,2,54.49040236,1,2
26,1,30,5,1,3091,11,2,1,6000,56,3,2,54.49040236,1,2
26,2,38,5,2,1520,11,2,1,4500,60,3,2,54.23749878,1,2
26,2,40,5,1,1520,11,2,1,4500,56,3,2,54.23749878,1,2
26,2,42,4,1,1520,11,2,1,5000,60,3,2,54.23749878,1,2
26,2,43,4,1,1520,11,2,1,5000,56,3,2,54.23749878,1,2
26,1,26,3,1,1520,11,2,1,3500,60,3,2,54.49040236,1,2
26,1,27,5,1,1520,11,2,1,4700,56,3,2,54.49040236,1,2
26,1,23,3,1,2610,11,2,1,4600,60,3,2,58.12669474,1,2
26,1,23,5,1,2610,11,2,1,5200,56,3,2,58.12669474,1,2
26,2,33,4,1,1410,11,2,1,4600,56,3,2,54.23749878,1,2
26,2,33,4,1,1410,11,2,1,4600,56,3,2,54.23749878,1,2
26,2,54,4,1,1410,5,4,2,3500,48,3,1,125.2939796,1,2
26,2,54,4,1,1410,5,2,2,4800,54,3,1,125.2939796,1,2
26,2,38,3,2,2610,11,2,1,6940,60,3,1,125.2939796,1,2
26,2,38,3,2,2610,11,2,1,5700,55,3,1,125.2939796,1,2
26,1,34,5,2,2610,11,2,1,5100,48,3,1,129.3432789,1,2
26,1,35,5,2,2610,11,2,1,4800,48,3,1,129.3432789,1,2
26,2,35,4,2,2630,11,2,1,5000,48,3,1,125.2939796,1,2
26,2,35,4,2,2630,11,1,1,7000,60,3,1,125.2939796,1,2
26,1,20,5,1,3290,11,2,1,6000,48,3,1,114.674838,1,2
26,1,20,5,2,3290,11,1,1,6200,60,3,1,114.674838,1,2
26,1,37,7,2,2630,11,2,1,10500,48,3,1,129.3432789,1,2
26,1,38,7,1,2610,11,3,1,11480,48,3,1,129.3432789,1,2
26,2,44,5,1,2220,5,6,2,3500,48,3,1,125.2939796,1,2
26,2,45,5,1,2220,5,6,2,3500,48,3,1,125.2939796,1,2
26,2,30,3,2,1410,11,2,1,6200,60,3,1,125.2939796,1,2
26,2,39,3,2,1410,11,2,1,6200,60,3,1,125.2939796,1,2
26,2,36,4,2,1410,11,2,1,4600,48,3,1,125.2939796,1,2
26,2,36,4,2,1410,11,3,1,4600,48,3,1,125.2939796,1,2
26,2,34,4,1,2630,11,1,1,5000,48,3,1,125.2939796,1,2
26,2,34,4,5,2630,11,1,1,5300,48,3,1,125.2939796,1,2
26,2,28,5,5,1410,11,2,1,4500,48,3,1,125.2939796,1,2
26,2,28,5,1,1410,11,2,1,5000,48,3,1,125.2939796,1,2
26,2,29,3,2,1520,5,2,1,5500,54,3,2,132.8995014,1,2
26,2,29,3,2,1520,5,3,1,5400,55,3,2,132.8995014,1,2
26,2,45,5,1,1410,11,2,1,6000,48,3,2,132.8995014,1,2
26,2,45,5,2,1410,11,2,1,6300,48,3,2,132.8995014,1,2
26,2,41,4,1,1629,3,6,2,3600,56,3,2,132.8995014,1,2
26,1,18,5,1,2212,11,2,1,7100,48,3,2,142.4292957,1,2
26,1,19,5,1,2212,11,2,1,7000,48,3,2,142.4292957,1,2
26,2,33,3,2,1410,11,1,1,5900,48,3,2,132.8995014,1,2
26,2,34,3,2,1410,11,1,1,5800,48,3,2,132.8995014,1,2
26,1,28,3,1,1410,5,3,2,4500,48,3,2,133.5191974,1,2
26,1,28,3,1,1410,11,3,1,7450,48,3,2,133.5191974,1,2
26,2,23,4,1,1410,11,3,1,6480,48,3,2,154.201416,1,2
26,1,26,7,1,1410,11,3,1,10360,48,3,2,133.5191974,1,2
26,1,26,3,5,1410,11,3,1,10480,48,3,2,133.5191974,1,2
26,1,61,4,1,3091,5,3,2,4000,70,3,2,114.759086,1,2
26,2,28,5,2,2610,11,2,1,6000,48,3,2,132.8995014,1,2
26,2,28,5,2,2610,11,2,1,6400,48,3,2,132.8995014,1,2
26,1,26,3,2,1410,11,2,1,8800,54,3,2,133.5191974,1,2
26,1,26,3,2,1410,11,2,1,4500,54,3,2,133.5191974,1,2
26,2,24,4,1,2630,11,3,1,7000,48,3,2,154.201416,1,2
26,2,24,4,2,2610,11,2,1,7200,54,3,2,154.201416,1,2
26,2,34,1,1,146,1,6,2,6000,63,3,2,133.6375861,1,2
26,2,35,1,1,146,1,6,2,5000,70,3,2,133.6375861,1,2
26,2,19,5,1,2610,11,2,1,9600,48,3,2,154.201416,1,2
26,2,19,5,1,2610,11,2,1,7000,48,3,2,154.201416,1,2
26,2,20,5,1,1520,5,2,1,4500,48,3,2,154.201416,1,2
26,2,20,5,1,1520,5,2,1,4700,48,3,2,154.201416,1,2
26,2,36,7,2,1410,5,3,1,10400,60,3,2,132.8995014,1,2
26,2,36,3,1,1410,5,3,1,6000,55,3,2,132.8995014,1,2
26,2,29,5,2,2610,11,2,1,12000,48,3,2,132.8995014,1,2
26,2,29,5,2,2610,11,3,1,6500,48,3,2,132.8995014,1,2
26,2,20,5,1,2630,11,2,1,4500,48,3,2,161.4154043,1,2
26,1,18,5,1,1410,11,2,1,5300,54,3,2,149.0925501,1,2
26,2,29,3,2,1410,11,2,1,5000,48,3,2,139.1169245,1,2
26,2,30,2,2,1410,11,3,1,5480,48,3,2,139.1169245,1,2
26,2,36,3,2,1410,11,1,1,5000,48,3,2,139.1169245,1,2
26,2,37,3,2,1410,11,1,1,5500,48,3,2,139.1169245,1,2
26,1,20,5,1,3091,11,2,1,5600,48,3,2,149.0925501,1,2
26,1,20,5,2,3091,11,2,1,4700,48,3,2,149.0925501,1,2
26,1,19,5,1,2630,11,2,1,8200,60,3,2,149.0925501,1,2
26,2,27,4,1,150,5,3,2,3500,48,3,2,139.8895389,1,2
26,2,20,5,1,2630,11,2,1,4800,48,3,2,161.4154043,1,2
26,2,21,5,1,2610,11,3,1,5480,48,3,2,161.4154043,1,2
26,2,29,3,1,2630,11,2,1,6000,48,3,2,139.1169245,1,2
26,2,30,3,1,2610,11,3,1,6480,48,3,2,139.1169245,1,2
26,2,30,7,2,2630,11,2,1,7800,54,3,2,139.1169245,1,2
26,2,31,7,2,2630,11,2,1,7500,55,3,2,139.1169245,1,2
26,2,32,5,2,1410,11,2,1,6800,55,3,2,139.1169245,1,2
26,2,33,5,2,1410,5,2,1,6800,65,3,2,139.1169245,1,2
26,2,33,3,1,2630,11,2,1,8000,48,3,2,139.1169245,1,2
26,2,33,3,1,2630,11,2,1,7000,48,3,2,139.1169245,1,2
26,2,30,4,2,1410,5,2,1,4600,55,3,2,139.1169245,1,2
26,2,30,4,2,1410,5,2,1,3500,60,3,2,139.1169245,1,2
26,1,19,4,1,1702,3,6,2,3500,48,3,2,149.0925501,1,2
26,2,37,3,2,2630,11,2,1,5500,54,3,2,139.1169245,1,2
26,2,37,3,2,2630,11,3,1,6300,54,3,2,139.1169245,1,2
26,2,30,4,2,1410,11,3,1,5200,48,3,2,139.1169245,1,2
26,2,31,4,2,1410,11,2,1,5200,48,3,2,139.1169245,1,2
26,2,19,5,1,1520,5,2,1,5000,48,3,2,161.4154043,1,2
26,2,19,5,1,1520,5,2,1,5000,48,3,2,161.4154043,1,2
26,2,27,3,2,2630,11,2,1,5800,55,3,2,139.1169245,1,2
26,2,27,3,2,2630,11,2,1,6800,54,3,2,139.1169245,1,2
26,2,20,5,2,2610,11,3,1,5000,48,3,2,161.4154043,1,2
26,2,20,5,2,2610,11,2,1,4800,48,3,2,161.4154043,1,2
26,1,48,2,2,3100,3,6,2,6000,56,3,2,142.6454682,1,2
26,1,48,3,2,3100,3,6,2,6000,56,3,2,142.6454682,1,2
26,2,44,2,2,1410,11,3,1,4500,48,3,2,141.9834149,1,2
26,2,45,3,2,1410,11,3,1,5480,48,3,2,141.9834149,1,2
26,2,34,4,2,1410,5,2,1,7800,60,3,2,141.9834149,1,2
26,2,35,6,2,1410,5,3,2,7300,48,3,2,141.9834149,1,2
26,1,39,3,2,1410,11,2,1,7000,48,3,2,142.6454682,1,2
26,1,40,3,2,1410,11,1,1,9300,48,3,2,142.6454682,1,2
26,2,35,3,2,3290,5,2,1,5000,48,3,2,141.9834149,1,2
26,2,36,3,2,3290,5,1,1,6400,48,3,2,141.9834149,1,2
26,1,24,5,2,3091,11,2,1,7000,48,3,2,152.1645873,1,2
26,1,24,5,2,3091,11,2,1,9800,48,3,2,152.1645873,1,2
26,2,22,4,2,1410,11,1,1,5000,48,3,2,164.7413527,1,2
26,2,23,4,2,1410,11,1,1,5400,48,3,2,164.7413527,1,2
26,2,27,5,2,2610,11,2,1,4500,48,3,2,141.9834149,1,2
26,2,27,5,2,2610,11,3,1,4980,48,3,2,141.9834149,1,2
26,2,44,4,2,1410,11,1,1,4500,48,3,2,141.9834149,1,2
26,2,45,4,2,1410,11,1,1,5000,48,3,2,141.9834149,1,2
26,2,29,5,2,3290,5,2,1,5700,54,3,2,141.9834149,1,2
26,2,30,5,2,3290,5,2,1,5800,54,3,2,141.9834149,1,2
26,2,18,5,1,1322,5,7,2,3600,60,3,2,164.7413527,1,2
26,2,18,5,1,2610,11,2,1,6000,48,3,2,164.7413527,1,2
26,2,21,5,1,1410,11,1,1,5200,48,3,2,164.7413527,1,2
26,2,21,5,1,1410,11,1,1,5500,48,3,2,164.7413527,1,2
26,1,36,5,1,2610,11,2,1,8650,48,3,2,142.6454682,1,2
26,2,31,4,2,1410,11,2,1,6050,48,3,2,141.9834149,1,2
26,2,32,4,5,1410,11,2,1,6000,48,3,2,141.9834149,1,2
26,1,48,4,2,1312,11,1,1,6400,48,3,2,142.6454682,1,2
26,1,48,4,2,1312,11,1,1,3700,48,3,2,142.6454682,1,2
26,2,27,5,2,1410,11,2,1,4900,48,3,2,141.9834149,1,2
26,2,27,5,5,1410,11,2,1,5200,48,3,2,141.9834149,1,2
26,2,19,5,1,2610,11,2,1,4500,48,3,2,164.7413527,1,2
26,2,20,5,1,2630,11,2,1,5200,48,3,2,164.7413527,1,2
26,2,36,4,1,1520,5,2,1,7000,48,3,2,58.26757638,1,2
26,2,37,4,2,1520,5,2,1,4500,48,3,2,58.26757638,1,2
26,2,38,3,2,1410,11,2,1,9000,48,3,2,58.26757638,1,2
26,1,32,5,2,3091,11,2,1,17200,70,3,2,58.53927177,1,2
26,1,33,5,2,3091,11,1,1,8000,48,3,2,58.53927177,1,2
26,2,31,4,2,1410,11,2,1,11600,56,3,2,58.26757638,1,2
26,2,31,4,2,1410,11,1,1,7000,48,3,2,58.26757638,1,2
26,2,18,5,1,2610,11,3,2,4000,48,3,2,67.60704662,1,2
26,2,34,4,2,1410,11,1,1,14000,48,3,2,58.26757638,1,2
26,1,44,3,2,2511,3,6,2,4680,56,3,2,58.53927177,1,2
26,1,45,3,2,2511,3,6,2,2600,63,3,2,58.53927177,1,2
26,2,19,5,1,2610,11,2,1,10200,48,3,2,67.60704662,1,2
26,1,22,5,2,2630,11,2,1,8800,70,3,2,62.4457562,1,2
26,1,22,5,2,2630,11,2,1,7500,65,3,2,62.4457562,1,2
26,2,19,5,1,1520,5,2,1,5200,55,3,2,67.60704662,1,2
26,2,23,4,2,1520,5,2,1,5000,48,3,2,67.60704662,1,2
26,2,23,4,2,1520,5,2,1,6300,54,3,2,67.60704662,1,2
26,2,18,5,1,1520,5,6,2,6000,48,3,2,67.60704662,1,2
26,2,20,5,2,2630,11,2,1,6500,54,3,2,67.60704662,1,2
26,2,20,5,2,2630,11,2,1,7200,50,3,2,67.60704662,1,2
26,1,22,5,2,3091,11,2,1,5800,48,3,2,62.4457562,1,2
26,1,22,5,2,3091,11,2,1,6800,54,3,2,62.4457562,1,2
26,2,21,5,2,1410,11,2,1,4800,48,3,2,67.60704662,1,2
26,2,22,5,2,1410,11,2,1,5500,55,3,2,67.60704662,1,2
26,2,22,5,2,2610,11,2,1,6800,48,3,2,67.60704662,1,2
26,2,22,5,2,2610,11,2,1,6500,48,3,2,67.60704662,1,2
26,2,30,4,2,1410,3,6,2,3000,56,3,2,58.26757638,1,2
26,2,30,4,5,1410,3,6,2,3500,56,3,2,58.26757638,1,2
26,1,31,5,1,3091,11,2,1,5000,48,3,2,58.53927177,1,2
26,1,31,5,1,3091,11,2,1,5660,48,3,2,58.53927177,1,2
26,2,25,5,2,1520,5,2,1,4500,48,3,2,58.26757638,1,2
26,2,25,5,2,1520,5,2,1,4960,48,3,2,58.26757638,1,2
26,2,35,3,2,1520,11,2,1,5500,48,3,2,58.26757638,1,2
26,2,36,3,5,1520,5,3,1,5860,48,3,2,58.26757638,1,2
26,1,20,5,1,2610,11,6,1,4000,48,3,2,62.4457562,1,2
26,1,20,5,1,2610,11,2,1,5400,48,3,2,62.4457562,1,2
26,2,17,4,5,2610,11,2,1,5400,48,3,2,151.6097956,1,2
26,2,18,4,5,2610,11,3,1,5900,56,3,2,151.6097956,1,2
26,2,20,5,1,2610,11,2,1,5000,50,3,2,151.6097956,1,2
26,2,20,5,2,2610,11,2,1,5300,56,3,2,151.6097956,1,2
26,2,20,5,1,2610,11,2,1,5600,54,3,2,151.6097956,1,2
26,2,33,4,2,2610,11,2,1,5000,48,3,2,130.6658963,1,2
26,2,33,4,2,2610,11,2,1,5500,53,3,2,130.6658963,1,2
26,2,37,3,5,2610,11,2,1,5100,50,3,2,130.6658963,1,2
26,2,37,3,2,2610,11,2,1,5000,48,3,2,130.6658963,1,2
26,1,18,5,1,2610,11,2,1,5800,48,3,2,140.035526,1,2
26,1,18,5,1,2610,11,2,1,5000,50,3,2,140.035526,1,2
26,1,18,5,1,2610,11,2,1,5800,48,3,2,140.035526,1,2
26,1,18,5,1,2610,11,2,1,5000,50,3,2,140.035526,1,2
26,2,26,5,2,2610,11,2,1,5500,50,3,2,130.6658963,1,2
26,2,26,1,1,2610,11,2,1,5500,52,3,2,130.6658963,1,2
26,2,30,4,1,2630,11,3,1,6500,56,3,2,130.6658963,1,2
26,2,30,4,1,2630,11,3,1,7000,48,3,2,130.6658963,1,2
26,2,30,4,1,2630,11,3,1,6500,55,3,2,130.6658963,1,2
26,2,30,4,1,2610,11,3,1,7000,48,3,2,130.6658963,1,2
26,2,22,4,2,2630,11,3,1,6500,56,3,2,151.6097956,1,2
26,2,27,3,1,2610,11,2,1,6000,52,3,2,130.6658963,1,2
26,2,27,3,1,2610,11,2,1,5000,51,3,2,130.6658963,1,2
26,1,24,5,2,2610,11,2,1,6000,51,3,2,140.035526,1,2
26,1,24,5,2,2610,11,2,1,5900,53,3,2,140.035526,1,2
26,2,18,4,1,2610,11,2,1,5000,50,3,2,151.6097956,1,2
26,2,19,4,1,2610,11,2,1,5000,50,3,2,151.6097956,1,2
26,2,27,4,1,2610,11,2,1,5500,51,3,2,130.6658963,1,2
26,2,37,4,1,2610,11,2,1,5600,50,3,2,130.6658963,1,2
26,2,29,4,1,2610,11,2,1,6000,50,3,2,130.6658963,1,2
26,2,29,4,1,2610,11,2,1,5200,49,3,2,130.6658963,1,2
26,2,38,3,2,2630,11,3,1,7000,48,3,2,130.6658963,1,2
26,2,39,3,2,2610,11,3,1,7000,48,3,2,130.6658963,1,2
26,1,26,4,2,2630,11,3,1,7500,48,3,2,131.2751772,1,2
26,1,26,4,2,2610,11,3,1,7500,48,3,2,131.2751772,1,2
26,2,33,4,2,2630,11,3,1,7000,48,3,2,130.6658963,1,2
26,1,33,4,2,2610,11,3,1,6500,48,3,2,131.2751772,1,2
26,1,26,4,6,2630,11,3,1,7500,48,3,2,131.2751772,1,2
26,1,27,4,2,2610,11,3,1,7500,48,3,2,131.2751772,1,2
26,2,25,4,2,2630,11,3,1,7000,48,3,2,130.6658963,1,2
26,2,25,4,2,2610,11,3,1,6500,48,3,2,130.6658963,1,2
26,1,27,4,1,2610,11,3,1,6000,56,3,2,131.2751772,1,2
26,1,27,4,5,2610,11,3,1,9200,54,3,2,131.2751772,1,2
26,2,26,4,1,2610,11,3,1,5500,48,3,2,130.6658963,1,2
26,2,26,4,1,2610,11,3,1,8800,50,3,2,130.6658963,1,2
26,2,27,5,1,2610,11,3,1,5500,48,3,2,130.6658963,1,2
26,2,27,5,2,2610,11,3,1,8900,54,3,2,130.6658963,1,2
26,1,30,4,2,3091,11,2,1,7500,48,3,2,131.2751772,1,2
26,1,30,4,2,3091,11,3,1,10500,54,3,2,131.2751772,1,2
26,2,28,4,1,2610,11,2,1,5800,48,3,2,130.6658963,1,2
26,2,28,4,2,2610,11,3,1,8900,52,3,2,130.6658963,1,2
26,1,27,4,1,2610,11,3,1,6500,52,3,2,131.2751772,1,2
26,1,28,4,2,2610,11,3,1,9000,54,3,2,131.2751772,1,2
26,2,24,3,1,2610,11,3,1,5800,48,3,2,151.6097956,1,2
26,2,24,3,2,2610,11,3,1,8600,52,3,2,151.6097956,1,2
26,2,22,5,1,2630,11,2,1,7500,48,3,2,155.0295654,1,2
26,2,22,5,2,2630,11,2,1,7500,48,3,2,155.0295654,1,2
26,2,19,3,1,2630,11,3,1,7500,48,3,2,155.0295654,1,2
26,2,19,3,2,2630,11,3,1,7500,48,3,2,155.0295654,1,2
26,2,36,3,1,2630,11,3,1,7000,48,3,2,133.6132474,1,2
26,2,36,2,2,2630,11,2,1,7500,48,3,2,133.6132474,1,2
26,1,26,4,1,3091,11,3,1,7000,55,3,2,134.2362715,1,2
26,1,26,4,1,3091,11,2,1,7500,55,3,2,134.2362715,1,2
26,2,20,5,1,2610,11,3,1,6000,50,3,2,155.0295654,1,2
26,2,34,3,2,2610,11,2,1,5000,48,3,2,133.6132474,1,2
26,1,28,5,2,2610,11,2,1,6000,50,3,2,134.2362715,1,2
26,1,28,5,2,2610,11,2,1,6000,52,3,2,134.2362715,1,2
26,2,27,4,2,2610,11,2,1,5000,50,3,2,133.6132474,1,2
26,1,19,5,1,3091,11,2,1,6000,48,3,2,143.1942221,1,2
26,1,19,5,1,3091,11,2,1,5000,52,3,2,143.1942221,1,2
26,2,25,4,2,2630,11,3,1,5200,48,3,2,133.6132474,1,2
26,2,26,4,2,2630,11,3,1,5900,50,3,2,133.6132474,1,2
26,2,34,5,2,2630,11,3,1,5600,48,3,2,133.6132474,1,2
26,2,35,5,2,2630,11,3,1,6500,48,3,2,133.6132474,1,2
26,2,29,5,2,2630,11,3,1,5800,48,3,2,133.6132474,1,2
26,2,29,5,2,2630,11,3,1,6500,48,3,2,133.6132474,1,2
26,1,26,5,2,2630,11,2,1,6500,50,3,2,134.2362715,1,2
26,1,26,5,2,2630,11,2,1,6000,52,3,2,134.2362715,1,2
26,2,26,5,2,3091,11,2,1,6000,51,3,2,133.6132474,1,2
26,2,26,5,2,3091,11,2,1,6200,53,3,2,133.6132474,1,2
26,2,38,5,2,1520,5,2,1,6000,51,3,2,133.6132474,1,2
26,2,39,5,1,1520,5,2,1,5600,51,3,2,133.6132474,1,2
26,1,19,5,1,2630,11,3,1,6000,56,3,2,135.4691501,1,2
26,1,19,5,2,2630,11,3,1,7000,48,3,2,135.4691501,1,2
26,2,20,5,2,2610,11,3,1,7000,48,3,2,146.6659979,1,2
26,2,20,5,1,2610,11,3,1,9000,50,3,2,146.6659979,1,2
26,1,21,4,1,2630,11,2,1,4000,53,3,2,135.4691501,1,2
26,1,21,4,1,2610,11,2,1,6000,52,3,2,135.4691501,1,2
26,2,38,4,6,2610,11,2,1,6000,50,3,2,126.4050519,1,2
26,2,38,4,1,2610,11,2,1,5500,50,3,2,126.4050519,1,2
26,1,27,4,1,1621,11,3,1,4000,48,3,2,56.94431842,1,2
26,1,27,4,1,1621,11,3,1,4600,48,3,2,56.94431842,1,2
26,2,22,4,1,2630,11,3,1,6000,48,3,2,65.76503386,1,2
26,2,22,4,1,2630,11,3,1,5100,50,3,2,65.76503386,1,2
26,1,38,3,1,1621,11,3,1,6000,48,3,2,56.94431842,1,2
26,1,38,3,2,1621,11,3,1,4420,48,3,2,56.94431842,1,2
26,2,34,3,1,1621,11,3,1,6000,48,3,2,56.68002561,1,2
26,2,34,3,2,1621,11,3,1,4420,48,3,2,56.68002561,1,2
26,1,36,3,1,1621,11,3,1,5000,48,3,2,56.94431842,1,2
26,1,37,3,2,1621,11,3,1,5500,48,3,2,56.94431842,1,2
26,2,35,5,2,3290,11,2,1,5000,50,3,2,56.68002561,1,2
26,2,36,4,2,3290,11,2,1,5500,52,3,2,56.68002561,1,2
26,1,30,5,2,3091,5,3,1,8000,48,3,2,56.94431842,1,2
26,1,30,5,2,3091,5,3,1,8000,48,3,2,56.94431842,1,2
26,2,21,5,2,2630,11,3,2,8000,48,3,2,65.76503386,1,2
26,2,21,5,2,2630,11,3,1,6000,48,3,2,65.76503386,1,2
26,2,41,3,2,1621,11,2,1,5000,50,3,2,56.68002561,1,2
26,2,41,3,1,1621,11,3,1,5000,48,3,2,56.68002561,1,2
26,1,23,4,2,2610,11,2,1,5200,49,3,2,60.74436728,1,2
26,1,24,4,1,2610,11,3,1,5500,52,3,2,60.74436728,1,2
26,2,22,5,1,2610,11,2,1,5000,50,3,2,65.76503386,1,2
26,2,22,5,2,2610,11,3,1,5000,48,3,2,65.76503386,1,2
26,1,42,3,1,1621,11,4,1,6000,48,3,2,56.94431842,1,2
26,1,43,3,2,1621,11,3,1,5500,48,3,2,56.94431842,1,2
26,2,38,3,1,1410,11,3,1,5000,48,3,2,56.68002561,1,2
26,2,39,3,1,1410,11,3,1,5000,48,3,2,56.68002561,1,2
26,1,25,4,2,2630,11,3,1,7000,48,3,2,56.94431842,1,2
26,1,25,4,2,2630,11,3,1,7000,48,3,2,56.94431842,1,2
26,2,25,5,2,1410,11,3,1,5000,48,3,2,56.68002561,1,2
26,2,25,5,2,1410,11,3,1,5000,48,3,2,56.68002561,1,2
26,1,24,5,2,2610,11,2,1,5000,50,3,2,60.74436728,1,2
26,1,25,5,2,2610,11,3,1,5600,52,3,2,56.94431842,1,2
26,1,21,4,2,3091,11,2,1,5500,49,3,2,60.74436728,1,2
26,1,21,4,1,3091,11,3,1,5800,54,3,2,60.74436728,1,2
26,2,19,5,1,2610,11,2,1,5100,51,3,2,65.76503386,1,2
26,2,19,1,1,2610,11,3,1,5100,48,3,2,65.76503386,1,2
26,1,22,4,1,3091,11,2,1,5000,50,3,2,60.74436728,1,2
26,1,23,4,1,3091,11,2,1,5000,54,3,2,60.74436728,1,2
26,1,30,4,2,2824,11,2,1,6000,53,3,2,56.94431842,1,2
26,1,31,4,2,2824,11,3,1,10500,54,3,2,56.94431842,1,2
26,2,31,4,2,2610,11,2,1,4000,48,3,2,56.68002561,1,2
26,2,31,5,1,2610,11,3,1,8600,54,3,2,56.68002561,1,2
26,2,33,3,2,2630,11,3,1,5000,48,3,2,56.68002561,1,2
26,2,33,3,2,2610,11,3,1,6000,48,3,2,56.68002561,1,2
26,1,31,4,2,1621,5,2,1,5000,53,3,2,56.94431842,1,2
26,1,32,4,1,1621,11,3,1,9800,54,3,2,56.94431842,1,2
26,2,28,4,2,2610,11,2,1,5000,49,3,2,56.68002561,1,2
26,2,29,4,1,2610,11,3,1,8600,50,3,2,56.68002561,1,2
26,1,22,4,1,1621,5,2,1,5000,48,3,2,60.74436728,1,2
26,1,23,4,1,1621,11,2,2,6000,52,3,2,60.74436728,1,2
26,1,28,4,2,2610,11,2,1,5500,50,3,2,56.94431842,1,2
26,1,29,4,2,2610,11,2,1,6000,52,3,2,56.94431842,1,2
26,2,24,5,2,2610,11,2,1,5000,50,3,2,65.76503386,1,2
26,2,25,5,2,2610,11,2,1,5800,50,3,2,56.68002561,1,2
26,2,43,4,1,1410,11,3,1,5000,48,3,2,56.68002561,1,2
26,2,44,4,2,1410,11,3,1,5000,48,3,2,56.68002561,1,2
26,1,30,4,1,1621,5,3,1,5000,54,3,2,56.94431842,1,2
26,1,31,4,1,1621,11,3,1,9000,54,3,2,56.94431842,1,2
26,2,30,4,2,1410,11,2,1,5000,50,3,2,56.68002561,1,2
26,2,31,4,2,1410,5,3,1,8500,50,3,2,56.68002561,1,2
26,1,60,4,1,1410,5,2,1,5000,50,3,2,48.94335841,1,2
26,1,60,4,1,1410,11,2,1,4000,50,3,2,48.94335841,1,2
26,2,20,5,2,2630,11,3,1,7000,48,3,2,65.76503386,1,2
26,2,20,5,1,2630,11,3,1,6500,48,3,2,65.76503386,1,2
26,1,23,5,2,2610,11,3,1,7000,48,3,2,60.74436728,1,2
26,1,24,5,2,2630,11,3,1,6500,48,3,2,60.74436728,1,2
26,2,34,4,2,1410,11,3,1,6000,50,3,1,48.78050177,1,2
26,2,35,4,2,1410,11,2,1,6000,50,3,1,48.78050177,1,2
26,1,20,5,2,2610,11,3,1,6500,50,3,1,44.64616861,1,2
26,2,18,5,1,1410,11,2,2,4200,56,3,1,39.95758449,1,2
26,2,23,5,1,1410,11,2,1,4000,50,3,1,39.95758449,1,2
26,2,23,5,1,1410,11,2,1,4500,50,3,1,39.95758449,1,2
26,1,28,3,1,1080,11,3,2,4500,48,3,1,50.35700891,1,2
26,1,28,3,1,1080,11,4,2,4300,48,3,1,50.35700891,1,2
26,2,30,5,2,1410,11,2,1,5000,50,3,1,48.78050177,1,2
26,2,31,4,2,2220,5,2,1,6350,54,3,1,48.78050177,1,2
26,2,28,5,2,2610,11,2,1,4600,56,3,1,48.78050177,1,2
26,2,29,5,2,2610,11,2,1,5500,52,3,1,48.78050177,1,2
26,1,58,5,1,1430,11,2,1,4000,55,3,1,50.35700891,1,2
26,1,59,5,1,1430,11,2,1,4000,56,3,1,50.35700891,1,2
26,2,27,5,2,2910,11,2,1,5000,50,3,1,48.78050177,1,2
26,2,28,5,2,2910,11,2,1,6300,52,3,1,48.78050177,1,2
26,2,48,5,2,1410,11,2,1,5000,50,3,1,48.78050177,1,2
26,2,49,5,2,1410,11,2,1,5650,50,3,1,48.78050177,1,2
26,2,38,4,1,1410,11,2,1,5000,56,3,1,48.78050177,1,2
26,2,38,4,2,1410,11,2,1,4700,49,3,1,48.78050177,1,2
26,2,34,5,2,2220,11,3,1,5000,48,3,1,48.78050177,1,2
26,1,29,5,2,2392,11,2,1,5000,58,3,1,50.35700891,1,2
26,1,33,4,1,2392,5,6,2,6000,50,3,2,124.114713,1,2
26,1,33,2,1,2392,5,6,2,5700,50,3,2,124.114713,1,2
26,2,31,4,1,2610,11,2,1,6000,55,3,2,123.5386656,1,2
26,2,31,4,2,2610,11,2,1,6500,50,3,2,123.5386656,1,2
26,1,53,4,1,2610,11,4,2,5300,56,3,2,124.114713,1,2
26,1,30,2,1,2392,5,2,1,6300,56,3,2,124.114713,1,2
26,1,30,2,1,2392,5,4,2,7000,48,3,2,124.114713,1,2
26,2,27,4,1,2630,11,2,1,8200,60,3,2,123.5386656,1,2
26,2,27,4,2,2630,11,2,1,7500,58,3,2,123.5386656,1,2
26,2,26,4,1,2610,11,2,1,6000,60,3,2,123.5386656,1,2
26,2,26,4,2,2610,11,2,1,6000,60,3,2,123.5386656,1,2
26,1,30,4,2,2392,5,2,1,6000,60,3,2,124.114713,1,2
26,1,30,4,2,2392,11,2,1,6000,60,3,2,124.114713,1,2
26,2,27,5,1,2392,5,2,1,6000,60,3,2,123.5386656,1,2
26,2,28,5,1,2392,11,2,1,6000,60,3,2,123.5386656,1,2
26,1,30,4,2,2392,5,2,1,6000,60,3,2,124.114713,1,2
26,1,31,4,2,2392,5,2,1,6000,60,3,2,124.114713,1,2
26,2,30,5,2,2610,11,2,1,6000,60,3,2,123.5386656,1,2
26,2,31,5,2,2630,11,2,1,6000,60,3,2,123.5386656,1,2
26,1,42,4,1,2392,5,2,1,6000,52,3,2,124.114713,1,2
26,1,42,4,2,2392,5,1,1,6400,48,3,2,124.114713,1,2
26,2,40,4,1,1702,11,2,1,6700,58,3,2,123.5386656,1,2
26,2,41,4,2,1702,11,2,1,7200,58,3,2,123.5386656,1,2
26,1,27,5,2,3091,11,2,1,7800,56,3,2,124.114713,1,2
26,1,28,5,2,3091,11,2,1,8100,56,3,2,124.114713,1,2
26,1,25,5,2,3091,11,2,1,7500,56,3,2,124.114713,1,2
26,1,25,5,2,3091,11,2,1,6800,52,3,2,124.114713,1,2
26,2,21,5,1,2610,11,2,1,5900,56,3,2,143.3401704,1,2
26,2,21,5,1,2610,11,2,1,6700,56,3,2,143.3401704,1,2
26,2,35,3,2,1410,11,2,1,5500,50,3,2,123.5386656,1,2
26,2,35,3,2,1410,11,2,1,5700,50,3,2,123.5386656,1,2
26,2,43,4,2,2392,5,2,1,7000,60,3,2,123.5386656,1,2
26,2,44,4,2,2392,11,2,1,5000,55,3,2,123.5386656,1,2
26,2,21,5,2,1811,11,2,1,10000,60,3,2,143.3401704,1,2
26,1,47,4,1,2392,5,2,1,6000,60,3,2,124.114713,1,2
26,1,48,4,1,2392,11,2,1,4000,65,3,2,124.114713,1,2
26,2,44,5,1,2392,5,2,1,7000,50,3,2,123.5386656,1,2
26,2,45,5,1,2392,5,2,1,5000,50,3,2,123.5386656,1,2
26,1,21,5,1,2610,11,2,1,13000,60,3,2,132.3972246,1,2
26,1,22,5,1,3091,11,2,1,5900,45,3,2,132.3972246,1,2
26,2,21,5,1,2610,11,2,1,9000,50,3,2,143.3401704,1,2
26,2,22,5,1,2610,11,2,1,6600,60,3,2,143.3401704,1,2
26,1,19,5,1,2610,11,2,1,13000,60,3,2,132.3972246,1,2
26,1,20,5,1,2610,11,2,1,6000,60,3,2,132.3972246,1,2
26,1,20,5,2,2610,11,2,1,5000,50,3,2,132.3972246,1,2
26,1,19,5,1,2610,11,3,1,10000,50,3,2,132.3972246,1,2
26,1,26,5,2,2910,11,2,1,14800,56,3,2,124.114713,1,2
26,2,25,5,2,2610,11,2,1,8700,56,3,2,123.5386656,1,2
26,2,43,2,1,2610,11,2,2,3900,56,3,2,123.5386656,1,2
26,2,43,2,2,2610,11,2,1,4000,55,3,2,123.5386656,1,2
26,1,24,5,2,2392,11,2,1,13400,58,3,2,132.3972246,1,2
26,1,25,5,2,2392,11,2,1,6500,56,3,2,124.114713,1,2
26,1,21,5,2,2610,11,2,1,12000,56,3,2,132.3972246,1,2
26,1,22,5,2,2610,11,2,1,7200,58,3,2,132.3972246,1,2
26,2,23,5,2,2610,11,2,1,10500,58,3,2,143.3401704,1,2
26,2,23,5,2,2610,11,2,1,6400,54,3,2,143.3401704,1,2
26,1,36,5,1,2392,5,2,1,9400,65,3,2,124.114713,1,2
26,1,36,5,2,2392,5,2,1,7400,58,3,2,124.114713,1,2
26,2,33,4,1,2392,5,2,1,5500,56,3,2,123.5386656,1,2
26,2,33,4,2,2392,6,2,1,5500,50,3,2,123.5386656,1,2
26,1,30,5,2,2610,11,2,1,11000,60,3,2,124.114713,1,2
26,1,31,5,1,2610,11,4,1,7800,52,3,2,124.114713,1,2
26,2,32,5,2,2610,11,2,1,8100,56,3,2,123.5386656,1,2
26,2,32,5,2,2610,11,2,1,5400,52,3,2,123.5386656,1,2
26,1,48,5,1,2392,5,3,2,4500,48,3,2,124.114713,1,2
26,2,21,5,1,2610,11,3,1,5900,52,3,2,143.3401704,1,2
26,2,44,4,1,2610,11,2,1,12000,60,3,2,123.5386656,1,2
26,2,45,4,1,2610,11,2,1,4000,50,3,2,123.5386656,1,2
26,2,18,5,2,2610,11,2,1,14000,55,3,2,143.3401704,1,2
26,2,19,5,1,2610,11,2,1,5600,60,3,2,143.3401704,1,2
26,1,39,5,2,2393,11,2,1,12000,58,3,2,124.114713,1,2
26,1,40,5,1,2610,11,2,1,8500,56,3,2,124.114713,1,2
26,1,41,4,2,2392,5,2,2,10000,48,3,2,124.114713,1,2
26,1,42,4,2,2392,11,2,1,5900,50,3,2,124.114713,1,2
26,2,37,3,1,1709,11,3,1,4500,48,3,2,123.5386656,1,2
26,2,38,3,2,2610,11,2,1,4500,50,3,2,123.5386656,1,2
26,2,18,5,1,2610,11,3,1,5300,52,3,2,143.3401704,1,2
26,1,35,4,2,3091,11,2,1,8500,48,3,2,129.7307634,1,2
26,1,36,4,2,3091,11,2,1,8900,48,3,2,129.7307634,1,2
26,2,27,5,2,2610,11,2,1,5500,50,3,2,129.1286505,1,2
26,2,28,5,2,2610,11,2,1,5800,50,3,2,129.1286505,1,2
26,2,34,5,2,2220,11,2,1,8000,56,3,2,129.1286505,1,2
26,2,35,5,2,2220,11,2,1,8600,56,3,2,129.1286505,1,2
26,1,29,3,2,3100,3,6,2,8000,50,3,2,129.7307634,1,2
26,1,30,3,2,3100,3,6,2,8300,50,3,2,129.7307634,1,2
26,2,29,5,2,3290,11,2,1,5400,50,3,2,129.1286505,1,2
26,2,29,5,2,3290,11,2,1,5800,50,3,2,129.1286505,1,2
26,2,38,4,2,1410,11,2,1,6200,54,3,2,129.1286505,1,2
26,2,39,4,2,1410,11,2,1,6700,56,3,2,129.1286505,1,2
26,2,25,4,2,2610,11,2,1,6500,60,3,2,129.1286505,1,2
26,2,25,4,2,2610,11,2,1,6500,60,3,2,129.1286505,1,2
26,2,48,4,1,3091,11,2,2,4000,56,3,2,129.1286505,1,2
26,2,48,4,1,3091,11,2,2,4000,45,3,2,129.1286505,1,2
26,2,28,5,2,2610,11,2,1,7000,56,3,2,129.1286505,1,2
26,2,28,5,2,2610,11,2,1,6000,56,3,2,129.1286505,1,2
26,1,21,5,1,3091,11,3,1,4500,50,3,2,138.3880492,1,2
26,2,27,5,1,1520,11,2,1,4500,50,3,2,129.1286505,1,2
26,2,28,5,2,1520,11,3,1,4500,50,3,2,129.1286505,1,2
26,2,61,4,1,1080,11,3,2,3500,48,3,2,110.9854328,1,2
26,2,61,4,1,1080,11,3,2,3500,48,3,2,110.9854328,1,2
26,1,34,5,2,3091,11,2,1,7500,58,3,2,129.7307634,1,2
26,1,35,5,2,3091,11,2,1,7500,58,3,2,129.7307634,1,2
26,2,30,5,2,1410,11,2,1,4700,58,3,2,129.1286505,1,2
26,2,30,5,2,1410,11,2,1,4700,56,3,2,129.1286505,1,2
26,2,50,5,1,3290,11,3,2,4500,50,3,2,129.1286505,1,2
26,2,50,5,1,3290,11,3,2,4000,55,3,2,129.1286505,1,2
26,2,40,4,2,2610,11,2,1,6500,58,3,2,129.1286505,1,2
26,2,40,4,2,2610,11,2,1,6500,56,3,2,129.1286505,1,2
26,1,18,5,1,3091,11,2,1,4000,59,3,2,138.3880492,1,2
26,1,18,5,1,3091,11,2,1,4000,56,3,2,138.3880492,1,2
26,2,44,3,1,3100,3,6,2,2400,50,3,2,131.6059388,1,2
26,2,24,4,1,1811,11,2,1,4000,50,3,2,152.7005136,1,2
26,2,25,4,1,1311,11,2,1,4000,48,3,2,131.6059388,1,2
26,2,38,4,2,2220,11,2,1,6000,60,3,2,131.6059388,1,2
26,2,38,4,2,2220,11,2,1,6000,48,3,2,131.6059388,1,2
26,2,32,5,2,1410,11,2,1,5400,48,3,2,131.6059388,1,2
26,2,32,5,2,1410,11,2,1,7200,56,3,2,131.6059388,1,2
26,1,40,4,2,3100,3,6,2,7000,50,3,2,132.219603,1,2
26,1,41,4,2,3100,3,6,2,7000,55,3,2,132.219603,1,2
26,2,39,4,2,1410,11,2,1,5500,50,3,2,131.6059388,1,2
26,2,40,4,2,1410,11,2,1,5800,52,3,2,131.6059388,1,2
26,2,25,5,2,2610,11,2,1,6400,50,3,2,131.6059388,1,2
26,2,22,5,2,2610,11,2,1,6200,52,3,2,152.7005136,1,2
26,2,19,5,2,2610,11,2,1,5500,50,3,2,152.7005136,1,2
26,2,19,5,2,2610,11,2,1,5900,52,3,2,152.7005136,1,2
26,2,29,5,2,3091,11,2,1,7200,56,3,2,131.6059388,1,2
26,2,30,5,2,3091,11,2,1,7200,50,3,2,131.6059388,1,2
26,1,29,4,2,3100,3,6,2,4000,36,3,2,132.219603,1,2
26,1,29,4,2,3100,3,6,2,4500,40,3,2,132.219603,1,2
26,2,26,5,1,2610,11,2,1,8000,60,3,2,131.6059388,1,2
26,2,26,5,1,2610,11,2,1,8000,58,3,2,131.6059388,1,2
26,2,32,3,1,2610,11,2,1,6500,58,3,2,131.6059388,1,2
26,2,32,3,1,2610,11,2,1,3300,56,3,2,131.6059388,1,2
26,1,27,4,5,2392,11,2,1,7000,48,3,2,132.219603,1,2
26,1,27,4,2,2393,11,2,1,6900,48,3,2,132.219603,1,2
26,2,24,5,1,2431,11,3,1,7000,56,3,2,152.7005136,1,2
26,2,24,5,2,2431,11,2,1,6500,52,3,2,152.7005136,1,2
26,1,41,3,2,1410,11,2,1,4500,50,3,2,132.219603,1,2
26,1,42,3,2,1410,11,2,1,5500,52,3,2,132.219603,1,2
26,2,41,3,2,1410,11,2,1,5500,50,3,2,131.6059388,1,2
26,2,41,3,2,1410,11,2,1,5900,52,3,2,131.6059388,1,2
26,1,36,4,5,3100,3,6,2,6000,50,3,2,132.219603,1,2
26,1,37,4,2,3100,3,6,2,6000,60,3,2,132.219603,1,2
26,2,31,5,2,1410,11,2,1,5000,60,3,2,131.6059388,1,2
26,2,32,5,2,1410,11,2,1,5000,60,3,2,131.6059388,1,2
26,2,45,4,1,3100,3,6,2,2200,40,3,2,131.6059388,1,2
26,1,21,5,1,2610,11,2,1,5000,60,3,2,141.0429758,1,2
26,1,22,5,1,2610,11,2,1,5000,60,3,2,141.0429758,1,2
26,2,27,5,1,2432,11,2,1,4500,48,3,2,131.6059388,1,2
26,2,27,5,2,3091,11,2,1,5000,50,3,2,131.6059388,1,2
26,1,40,4,2,2511,3,6,2,5500,48,3,2,132.219603,1,2
26,1,40,4,2,2511,3,6,2,5000,50,3,2,132.219603,1,2
26,2,40,4,2,1410,11,2,1,5000,50,3,2,131.6059388,1,2
26,2,40,4,1,1410,11,3,1,5500,50,3,2,131.6059388,1,2
26,1,19,5,1,1410,11,2,1,6000,50,3,2,141.0429758,1,2
26,1,19,5,2,1410,11,2,1,5500,50,3,2,141.0429758,1,2
26,1,46,4,2,3100,3,6,2,5000,55,3,2,132.219603,1,2
26,1,46,4,2,3100,3,6,2,5000,50,3,2,132.219603,1,2
26,1,23,5,1,2392,11,2,1,6000,57,3,2,141.0429758,1,2
26,1,23,5,1,2392,11,2,1,6000,55,3,2,141.0429758,1,2
26,1,21,4,1,2392,11,2,1,5000,50,3,2,141.0429758,1,2
26,2,38,4,2,2220,11,2,1,5000,50,3,2,131.6059388,1,2
26,2,38,4,1,2220,11,2,1,5000,50,3,2,131.6059388,1,2
26,1,34,4,2,3100,3,6,2,5000,50,3,2,132.219603,1,2
26,1,35,4,2,3100,3,6,2,5000,48,3,2,132.219603,1,2
26,2,31,4,1,2610,11,2,1,4500,50,3,2,131.6059388,1,2
26,2,32,4,1,2610,11,3,1,5500,50,3,2,131.6059388,1,2
26,2,28,2,2,3091,11,2,1,5000,56,3,2,131.6059388,1,2
26,2,29,4,2,3091,11,2,1,5000,56,3,2,131.6059388,1,2
26,1,33,5,2,3091,11,2,1,6000,50,3,2,132.219603,1,2
26,2,31,4,1,2610,11,2,1,4000,50,3,2,131.6059388,1,2
26,2,31,4,1,2610,11,2,1,4000,50,3,2,131.6059388,1,2
26,2,30,4,2,1410,11,2,1,5000,50,3,2,131.6059388,1,2
26,2,30,4,2,1410,11,2,1,5000,48,3,2,131.6059388,1,2
26,1,21,5,1,2630,11,2,1,6000,50,3,2,141.0429758,1,2
26,1,21,5,1,2610,11,2,1,6000,50,3,2,141.0429758,1,2
26,2,27,4,1,2610,11,2,1,5000,50,3,2,131.6059388,1,2
26,2,28,4,1,2610,11,2,1,5000,50,3,2,131.6059388,1,2
26,1,32,4,2,3100,3,6,2,7000,50,3,1,129.7487437,1,2
26,1,33,4,2,3100,3,6,2,7000,54,3,1,129.7487437,1,2
26,2,30,4,2,1410,11,2,1,6200,50,3,1,125.6867507,1,2
26,2,30,4,2,1410,11,2,1,6400,52,3,1,125.6867507,1,2
26,2,42,4,1,1410,11,2,1,7000,58,3,1,125.6867507,1,2
26,2,42,4,2,1410,11,2,1,6000,52,3,1,125.6867507,1,2
26,1,18,5,1,2610,11,2,1,7200,56,3,1,115.0343202,1,2
26,1,18,5,2,2630,11,2,1,7000,57,3,1,115.0343202,1,2
26,1,49,5,2,3100,3,6,2,6800,48,3,1,129.7487437,1,2
26,1,50,5,2,3100,3,6,2,7000,48,3,1,129.7487437,1,2
26,2,48,4,1,2610,11,2,1,4800,48,3,1,125.6867507,1,2
26,2,48,4,1,2610,11,2,1,6500,48,3,1,125.6867507,1,2
26,2,40,4,2,1410,11,2,1,5000,58,3,1,125.6867507,1,2
26,2,40,4,2,1410,11,2,1,5000,52,3,1,125.6867507,1,2
26,2,20,5,1,2610,11,2,1,7000,58,3,1,102.9538192,1,2
26,2,20,5,2,2610,11,2,1,6500,53,3,1,102.9538192,1,2
26,2,18,5,1,3091,11,4,2,5300,58,3,1,102.9538192,1,2
26,2,18,5,1,2610,11,3,1,5000,50,3,1,102.9538192,1,2
26,2,34,5,2,1410,11,2,1,5000,60,3,1,125.6867507,1,2
26,2,34,5,2,1410,11,2,1,5000,60,3,1,125.6867507,1,2
26,1,26,4,2,3100,3,6,2,7000,56,3,1,129.7487437,1,2
26,1,27,4,2,1622,3,6,2,7000,54,3,1,129.7487437,1,2
26,2,38,3,1,2220,11,2,1,6500,50,3,1,125.6867507,1,2
26,2,39,4,1,2220,11,3,1,6400,52,3,1,125.6867507,1,2
26,1,36,5,2,3100,3,6,2,5000,50,3,1,129.7487437,1,2
26,1,36,5,2,3100,3,6,2,5000,50,3,1,129.7487437,1,2
26,2,34,4,2,1410,11,2,1,5000,60,3,1,125.6867507,1,2
26,2,35,4,2,1410,11,2,1,5000,60,3,1,125.6867507,1,2
26,1,23,5,1,2930,11,3,1,5800,50,3,1,115.0343202,1,2
26,2,28,5,1,2610,11,2,1,7000,60,3,1,125.6867507,1,2
26,2,28,5,1,2610,11,2,1,7000,60,3,1,125.6867507,1,2
26,1,50,4,2,3100,3,6,2,8000,60,3,1,129.7487437,1,2
26,1,24,4,2,3100,3,6,2,7000,60,3,1,115.0343202,1,2
26,2,22,5,2,1410,11,2,1,4800,56,3,1,102.9538192,1,2
26,1,53,4,2,3100,3,6,2,6300,53,3,1,129.7487437,1,2
26,1,46,5,2,3100,3,6,2,7000,60,3,1,129.7487437,1,2
26,2,31,5,1,3091,11,2,1,5000,60,3,1,125.6867507,1,2
26,2,31,5,1,3091,11,2,1,5000,48,3,1,125.6867507,1,2
26,1,18,5,1,2511,3,6,2,3100,56,3,2,60.39277954,1,2
26,1,16,4,1,2511,3,6,2,1200,32,3,2,60.39277954,1,2
26,1,23,5,1,3091,11,2,1,7200,56,3,2,60.39277954,1,2
26,2,17,3,1,2610,11,2,1,3900,48,3,2,65.38438655,1,2
26,2,16,3,1,1410,5,2,1,3800,48,3,2,65.38438655,1,2
26,1,23,5,2,3091,11,2,1,7200,56,3,2,60.39277954,1,2
26,2,19,5,2,1410,5,1,1,4400,48,3,2,65.38438655,1,2
26,2,20,5,2,1410,11,2,1,2500,48,3,2,65.38438655,1,2
26,2,28,5,2,1410,11,2,1,4600,48,3,2,56.35196223,1,2
26,2,29,5,2,1410,11,2,1,4900,48,3,2,56.35196223,1,2
26,2,31,4,2,1410,11,2,1,4800,48,3,2,56.35196223,1,2
26,2,32,4,2,1410,11,2,1,5000,48,3,2,56.35196223,1,2
26,2,34,4,2,1410,3,6,2,5000,45,3,2,56.35196223,1,2
26,2,35,4,2,1410,3,6,2,5000,45,3,2,56.35196223,1,2
26,2,30,4,2,1410,11,2,1,4300,48,3,2,56.35196223,1,2
26,2,30,4,2,1410,11,2,1,4600,48,3,2,56.35196223,1,2
26,2,23,5,2,1410,11,2,1,5000,48,3,2,65.38438655,1,2
26,2,24,4,2,1410,11,2,1,5300,48,3,2,65.38438655,1,2
26,2,24,4,2,1410,11,2,1,5100,50,3,2,65.38438655,1,2
26,2,23,5,2,1410,11,2,1,5200,48,3,2,65.38438655,1,2
26,2,15,3,1,2610,11,6,2,3590,48,3,2,65.38438655,1,2
26,2,15,3,1,2610,11,3,2,3500,48,3,2,65.38438655,1,2
26,2,25,4,1,3100,3,6,2,3200,48,3,2,134.1974071,1,2
26,2,26,4,1,3100,3,6,2,3100,45,3,2,134.1974071,1,2
26,1,22,4,1,1410,11,2,1,5800,48,3,2,143.8202699,1,2
26,1,22,4,2,1410,11,2,1,5200,48,3,2,143.8202699,1,2
26,2,42,4,2,1322,3,6,2,3000,48,3,2,111.9993397,1,2
26,2,42,4,2,1322,3,6,2,3500,48,3,2,111.9993397,1,2
26,2,33,4,1,2220,3,6,2,3800,48,3,2,111.9993397,1,2
26,2,33,4,2,2220,3,6,2,3750,52,3,2,111.9993397,1,2
26,1,50,4,2,2511,3,6,2,6500,50,3,2,119.1574686,1,2
26,1,19,5,1,2511,3,6,2,2700,28,3,2,127.1091697,1,2
26,1,19,5,1,2511,3,6,2,3000,34,3,2,127.1091697,1,2
26,1,50,4,1,2511,3,6,2,5000,50,3,2,119.1574686,1,2
26,1,27,3,2,3100,3,6,2,2200,45,3,2,119.1574686,1,2
26,1,58,3,2,3100,3,6,2,4500,52,3,2,119.1574686,1,2
26,1,28,5,1,2630,11,2,1,6500,54,3,2,119.1574686,1,2
26,1,28,5,1,2630,11,2,1,6500,54,3,2,119.1574686,1,2
26,2,20,5,1,2610,11,2,1,6000,56,3,2,137.6150452,1,2
26,2,20,5,1,2610,11,2,1,6000,54,3,2,137.6150452,1,2
26,1,24,4,1,3100,3,6,2,4500,45,3,2,127.1091697,1,2
26,2,29,4,5,2220,5,4,2,3000,48,3,2,118.604429,1,2
26,2,38,4,2,1410,5,2,1,5400,54,3,2,118.604429,1,2
26,2,38,4,2,1410,5,2,1,5300,54,3,2,118.604429,1,2
26,2,25,5,2,2620,11,2,1,6500,48,3,2,118.604429,1,2
26,2,25,5,2,2620,11,1,1,6500,48,3,2,118.604429,1,2
26,2,41,3,2,1313,3,6,2,500,15,3,2,118.604429,1,2
26,2,41,3,1,1313,3,2,2,500,30,3,2,118.604429,1,2
26,1,46,5,2,3091,11,2,1,12000,48,3,2,119.1574686,1,2
26,1,46,5,2,3091,11,1,1,12500,48,3,2,119.1574686,1,2
26,2,32,4,1,2630,11,2,1,5000,54,3,2,118.604429,1,2
26,2,32,4,1,2630,11,2,1,5000,52,3,2,118.604429,1,2
26,1,33,3,2,2410,11,2,1,7500,48,3,2,119.1574686,1,2
26,1,34,3,2,2410,11,1,1,7500,48,3,2,119.1574686,1,2
26,2,33,5,2,2630,11,2,1,6600,54,3,2,118.604429,1,2
26,2,33,5,2,2630,11,2,1,6200,54,3,2,118.604429,1,2
26,2,38,4,1,2630,11,3,1,5000,54,3,2,110.9765147,1,2
26,2,38,4,1,2630,11,3,1,5000,54,3,2,110.9765147,1,2
26,2,35,4,1,1410,11,4,1,3000,48,3,2,110.9765147,1,2
26,1,61,3,1,161,4,2,2,1000,28,3,2,96.36072991,1,2
26,1,61,3,1,161,4,2,2,1000,12,3,2,96.36072991,1,2
26,1,48,4,2,1610,3,6,2,3000,40,3,2,111.4939862,1,2
26,1,49,4,1,1610,3,6,2,3500,42,3,2,111.4939862,1,2
26,2,19,5,1,1410,11,2,1,4000,48,3,2,128.7644839,1,2
26,2,19,5,1,1410,11,2,1,4000,48,3,2,128.7644839,1,2
26,1,27,5,2,1080,5,6,2,4500,48,3,2,128.0338148,1,2
26,1,27,5,2,1080,5,3,2,4500,48,3,2,128.0338148,1,2
26,2,24,5,6,2630,11,1,1,5600,40,3,2,147.8663439,1,2
26,2,24,5,6,2630,11,1,1,5600,40,3,2,147.8663439,1,2
26,1,21,5,1,3091,5,3,2,3300,52,3,2,136.5778587,1,2
26,1,21,5,1,3091,5,3,2,3500,50,3,2,136.5778587,1,2
26,2,45,4,1,2610,11,4,2,3200,48,3,2,127.4395779,1,2
26,2,45,4,1,2610,11,3,1,3500,48,3,2,127.4395779,1,2
26,1,23,5,2,2630,11,2,1,5120,52,3,2,136.5778587,1,2
26,2,49,4,1,118,1,6,2,1200,28,3,2,128.1473398,1,2
26,2,49,4,1,118,1,6,2,1300,40,3,2,128.1473398,1,2
26,2,26,3,2,2610,11,2,1,5450,52,3,2,127.4395779,1,2
26,2,27,3,1,2610,11,2,1,5300,51,3,2,127.4395779,1,2
26,2,40,3,2,1410,11,2,1,3800,63,3,2,127.4395779,1,2
26,2,19,5,1,2630,11,2,2,3000,48,3,2,147.8663439,1,2
26,2,30,5,2,2630,11,2,1,4500,63,3,2,127.4395779,1,2
26,2,31,4,2,2733,5,2,1,4500,63,3,2,127.4395779,1,2
26,2,22,5,2,2630,11,2,1,3600,63,3,2,147.8663439,1,2
26,2,19,5,1,2630,11,2,1,3700,54,3,2,147.8663439,1,2
26,2,20,5,2,2630,11,2,1,4200,62,3,2,147.8663439,1,2
26,2,34,4,2,1702,5,2,1,3200,61,3,2,127.4395779,1,2
26,2,34,4,2,1702,5,2,1,4500,62,3,2,127.4395779,1,2
26,2,18,5,2,2630,11,2,1,4000,54,3,2,147.8663439,1,2
26,2,33,3,2,1520,5,2,1,5300,64,3,2,127.4395779,1,2
26,2,29,2,2,1520,5,2,2,4300,60,3,2,127.4395779,1,2
26,1,52,3,2,2511,3,6,2,4500,54,3,2,128.0338148,1,2
26,2,24,5,2,2630,11,2,1,4100,48,3,2,147.8663439,1,2
26,2,25,5,2,2630,11,2,1,4800,63,3,2,127.4395779,1,2
26,2,18,5,1,2630,11,3,1,4200,48,3,2,147.8860462,1,2
26,2,18,5,1,2630,11,3,1,4500,48,3,2,147.8860462,1,2
26,2,33,4,1,2630,11,3,1,5000,48,3,2,127.4565585,1,2
26,2,33,4,1,2630,11,3,1,5000,48,3,2,127.4565585,1,2
26,2,18,5,1,2610,11,2,1,4300,48,3,2,147.8860462,1,2
26,2,18,5,2,2610,11,3,1,4300,48,3,2,147.8860462,1,2
26,1,21,4,2,2511,3,6,2,4000,48,3,2,136.5960569,1,2
26,1,22,4,2,2511,3,6,2,4200,48,3,2,136.5960569,1,2
26,2,19,5,1,2610,11,2,1,4500,48,3,2,147.8860462,1,2
26,2,20,5,1,2610,11,2,1,4400,48,3,2,147.8860462,1,2
26,2,26,4,2,1520,11,2,1,4300,48,3,2,127.4565585,1,2
26,2,27,4,1,1520,11,2,1,5200,48,3,2,127.4565585,1,2
26,2,18,4,2,2610,11,2,1,5700,48,3,2,147.8860462,1,2
26,2,19,4,2,2610,11,2,1,5300,48,3,2,147.8860462,1,2
26,2,33,4,2,1520,11,2,1,5600,48,3,2,127.4565585,1,2
26,2,33,4,2,1520,11,2,1,5800,48,3,2,127.4565585,1,2
26,1,23,5,2,3091,11,2,1,4800,48,3,2,136.5960569,1,2
26,1,24,5,2,3091,11,2,1,5000,48,3,2,136.5960569,1,2
26,2,38,3,1,2610,11,2,1,4200,48,3,2,127.4565585,1,2
26,2,39,3,1,2610,11,2,1,4500,48,3,2,127.4565585,1,2
26,2,54,2,1,118,1,6,2,1500,30,3,2,128.4455768,1,2
26,2,55,2,1,118,1,6,2,3000,30,3,2,110.3983343,1,2
26,2,19,5,2,1410,11,2,1,4300,48,3,2,148.2104728,1,2
26,2,54,3,1,2733,5,3,2,5000,63,3,2,127.7361677,1,2
26,1,43,3,2,3100,3,6,2,4000,48,3,2,128.3317876,1,2
26,1,44,3,2,3100,3,6,2,8500,53,3,2,128.3317876,1,2
26,2,49,2,1,118,1,6,2,1500,30,3,2,128.4455768,1,2
26,2,15,3,1,1410,5,4,2,2200,48,3,2,148.2104728,1,2
26,2,16,3,1,1410,11,3,1,3200,51,3,2,148.2104728,1,2
26,2,31,4,2,1410,3,6,2,2800,40,3,2,127.7361677,1,2
26,2,31,4,2,1410,3,6,2,4000,48,3,2,127.7361677,1,2
26,2,24,5,1,2599,3,6,2,3000,50,3,2,148.2104728,1,2
26,1,21,4,1,1080,5,3,2,5100,48,3,2,136.895716,1,2
26,1,21,4,1,1080,5,4,2,4800,48,3,2,136.895716,1,2
26,2,34,3,1,1322,3,6,2,4500,45,3,1,49.92658951,1,2
26,2,34,3,1,1322,3,6,2,4800,45,3,1,49.92658951,1,2
26,1,45,5,2,2220,3,6,2,5600,52,3,1,51.54013636,1,2
26,1,45,5,2,2220,3,6,2,5200,50,3,1,51.54013636,1,2
26,2,43,4,2,2220,3,6,2,3500,40,3,1,49.92658951,1,2
26,2,43,4,2,2220,3,6,2,3000,35,3,1,49.92658951,1,2
26,1,21,4,2,2392,5,6,2,4200,53,3,1,45.69512105,1,2
26,1,33,5,2,3100,3,6,2,5100,48,3,1,51.54013636,1,2
26,1,33,5,2,3100,3,6,2,4000,50,3,1,51.54013636,1,2
26,2,32,4,2,3312,3,6,2,4800,48,3,1,49.92658951,1,2
26,2,32,4,2,3312,3,6,2,4000,50,3,1,49.92658951,1,2
26,1,35,4,2,2220,3,6,2,4200,52,3,1,51.54013636,1,2
26,1,36,4,2,2220,3,6,2,4000,50,3,1,51.54013636,1,2
26,2,30,4,2,2220,3,6,2,4500,55,3,1,49.92658951,1,2
26,2,30,4,2,2220,3,6,2,3800,50,3,1,49.92658951,1,2
26,1,59,4,5,161,5,2,2,1800,28,3,2,133.6751807,1,2
26,1,59,7,1,161,10,2,2,1800,28,3,2,133.6751807,1,2
26,2,29,5,2,1520,5,2,1,4800,60,3,2,132.319895,1,2
26,2,29,5,2,1520,5,2,1,5000,60,3,2,132.319895,1,2
26,2,33,4,2,1410,11,2,1,6000,60,3,2,132.319895,1,2
26,2,33,4,2,1410,11,2,1,5800,60,3,2,132.319895,1,2
26,2,31,4,2,1410,11,2,1,5500,60,3,2,132.319895,1,2
26,2,31,4,2,1410,11,2,1,5800,60,3,2,132.319895,1,2
26,2,44,5,2,1410,11,2,1,9400,60,3,2,132.319895,1,2
26,2,44,5,2,1410,11,2,1,9000,75,3,2,132.319895,1,2
26,2,23,5,2,1410,11,2,1,4200,72,3,2,153.5289069,1,2
26,2,23,5,2,1410,5,2,1,4200,64,3,2,153.5289069,1,2
26,1,55,4,1,2392,5,2,1,5500,48,3,2,129.7123775,1,2
26,1,55,4,1,2392,5,2,1,5500,52,3,2,129.7123775,1,2
26,2,50,4,1,2392,5,2,1,6000,48,3,2,129.11035,1,2
26,2,51,4,1,2392,5,2,1,6000,48,3,2,129.11035,1,2
26,2,22,5,2,1410,11,2,1,5500,60,3,2,149.8049171,1,2
26,2,34,5,2,1410,11,2,1,4800,51,3,2,129.11035,1,2
26,2,34,5,2,1410,11,2,1,5000,52,3,2,129.11035,1,2
26,1,24,4,2,2511,3,6,2,6500,57,3,2,138.3684364,1,2
26,1,25,4,2,2511,3,6,2,6700,62,3,2,129.7123775,1,2
26,1,24,4,1,3091,11,2,1,6800,58,3,1,115.1916321,1,2
26,1,39,3,2,2511,3,6,2,5100,52,3,1,129.9261779,1,2
26,2,29,4,1,1410,5,2,2,3500,50,3,1,125.85863,1,2
26,1,40,4,2,2511,3,6,2,4500,50,3,1,129.9261779,1,2
26,2,40,3,1,118,1,6,2,1700,42,3,1,125.85863,1,2
26,2,24,4,2,1410,11,2,1,3500,51,3,1,103.0946107,1,2
26,1,39,3,1,1410,11,3,2,3800,52,3,1,129.9261779,1,2
26,1,41,4,1,2511,3,6,2,4400,52,3,1,129.9261779,1,2
26,2,24,4,2,1410,11,2,1,3700,52,3,1,103.0946107,1,2
26,1,18,5,1,1811,3,6,2,5600,52,3,2,145.0727751,1,2
26,2,39,4,2,1410,11,2,1,3600,51,3,2,135.3661084,1,2
26,2,40,4,2,1410,11,2,1,5100,51,3,2,135.3661084,1,2
26,1,47,4,1,1050,5,2,1,4100,52,3,2,135.9973059,1,2
26,1,48,4,1,1050,5,2,1,4500,50,3,2,135.9973059,1,2
26,2,27,5,2,1410,11,2,1,4100,51,3,2,135.3661084,1,2
26,2,33,3,1,1410,11,2,1,4600,52,3,2,135.3661084,1,2
26,2,33,3,2,1410,11,2,1,4800,51,3,2,135.3661084,1,2
26,2,37,4,2,1410,11,2,1,6750,50,3,2,135.3661084,1,2
26,2,37,6,2,1410,11,2,1,6400,50,3,2,135.3661084,1,2
26,1,33,4,1,2511,3,6,2,3000,50,3,2,135.9973059,1,2
26,1,33,4,1,2511,3,6,2,3000,50,3,2,135.9973059,1,2
26,1,34,3,2,3100,3,6,2,5500,52,3,2,135.9973059,1,2
26,1,35,4,2,3100,3,6,2,5200,56,3,2,135.9973059,1,2
26,1,31,4,1,221,1,6,2,4000,48,3,2,132.0042409,1,2
26,2,43,4,2,1410,5,3,1,7000,54,3,2,130.6658963,1,2
26,2,44,4,2,1410,11,3,1,4300,54,3,2,130.6658963,1,2
26,2,18,5,1,146,11,3,1,4000,54,3,2,152.4517918,1,2
26,1,31,4,1,221,1,6,2,4000,45,3,2,132.0042409,1,2
26,2,24,5,1,1520,11,3,1,4300,54,3,2,151.6097956,1,2
26,1,54,5,1,322,1,6,2,5000,48,3,2,52.05105429,1,2
26,2,20,5,1,2610,11,2,1,7000,54,3,2,59.78178916,1,2
26,2,20,4,1,2610,11,3,1,7000,60,3,2,59.78178916,1,2
26,2,20,5,1,2630,11,2,1,6000,72,3,2,59.78178916,1,2
26,2,45,5,1,240,10,1,1,2700,42,3,2,51.80947234,1,2
26,2,45,5,1,240,11,1,1,3000,48,3,2,51.80947234,1,2
26,2,39,4,2,1520,11,3,1,4000,54,3,2,51.52332694,1,2
26,2,40,4,2,1520,11,3,1,4300,54,3,2,51.52332694,1,2
26,2,32,5,2,1520,11,3,1,4000,54,3,2,51.52332694,1,2
26,2,32,5,2,1520,11,2,1,4300,54,3,2,51.52332694,1,2
26,1,25,5,1,2610,5,3,1,3500,48,3,2,51.76357463,1,2
26,1,25,5,1,2610,11,2,1,4000,54,3,2,51.76357463,1,2
26,2,45,2,2,1520,5,2,1,4500,54,3,2,51.52332694,1,2
26,2,45,2,2,1520,11,2,1,4500,54,3,2,51.52332694,1,2
26,2,39,4,2,1520,5,2,1,4500,54,3,2,51.52332694,1,2
26,2,39,4,1,1520,11,2,1,6500,60,3,2,51.52332694,1,2
26,2,29,5,2,3290,11,3,1,6000,54,3,2,51.52332694,1,2
26,2,29,5,2,3290,11,2,1,7000,54,3,2,51.52332694,1,2
26,2,27,5,2,2610,5,3,1,3500,48,3,2,51.52332694,1,2
26,2,28,5,1,2610,11,2,1,4000,54,3,2,51.52332694,1,2
26,2,40,4,1,1410,11,3,1,4500,54,3,2,120.0713642,1,2
26,2,40,4,2,1410,11,3,1,4500,54,3,2,120.0713642,1,2
26,1,25,2,2,2392,5,2,1,5000,54,3,2,120.631244,1,2
26,1,25,5,2,2392,5,3,1,4500,54,3,2,120.631244,1,2
26,2,41,3,1,1410,5,2,2,4000,54,3,2,120.0713642,1,2
26,2,24,5,2,1520,5,2,1,4500,54,3,2,139.3171095,1,2
26,2,24,5,2,1520,11,2,1,4900,54,3,2,139.3171095,1,2
26,2,27,4,1,161,10,3,1,4000,48,3,2,120.7382052,1,2
26,2,35,4,2,1520,11,2,1,4500,54,3,2,120.0713642,1,2
26,1,35,4,1,1610,3,6,2,3000,45,3,2,120.631244,1,2
26,2,36,4,2,1520,11,3,1,4300,54,3,2,120.0713642,1,2
26,2,29,4,1,1410,11,2,1,4500,54,3,2,120.0713642,1,2
26,2,29,4,1,1410,11,2,1,4000,54,3,2,120.0713642,1,2
26,2,27,4,2,1410,11,2,1,5000,54,3,2,120.0713642,1,2
26,2,28,4,2,1410,11,2,1,5000,54,3,2,120.0713642,1,2
26,2,29,3,1,1520,11,3,1,5000,54,3,2,126.5271575,1,2
26,2,29,3,1,1520,11,3,1,4500,54,3,2,126.5271575,1,2
26,2,39,4,2,1520,5,2,2,5000,54,3,2,126.5271575,1,2
26,2,39,4,2,1520,5,2,1,5000,54,3,2,126.5271575,1,2
26,2,33,4,2,1410,11,3,1,6000,54,3,2,126.5271575,1,2
26,2,33,4,1,1410,11,3,1,4700,54,3,2,126.5271575,1,2
26,2,52,4,2,1520,5,2,1,4500,54,3,2,126.5271575,1,2
26,2,52,4,1,1520,5,3,2,3000,30,3,2,126.5271575,1,2
26,2,43,4,2,1520,11,2,1,4500,54,3,2,126.5271575,1,2
26,2,43,4,2,1520,11,2,1,4800,54,3,2,126.5271575,1,2
26,2,33,4,1,1410,11,2,1,4800,54,3,2,126.5271575,1,2
26,2,34,4,1,1410,11,2,1,4900,54,3,2,126.5271575,1,2
26,2,18,5,1,1520,5,3,1,3800,54,3,2,146.8076754,1,2
26,2,18,5,1,1520,11,2,1,4500,54,3,2,146.8076754,1,2
27,2,36,4,1,3212,11,1,1,4000,70,3,1,46.56065374,1,2
27,2,37,4,1,3212,11,1,1,4000,60,3,1,46.56065374,1,2
27,1,36,5,5,2610,11,1,1,7500,70,3,1,48.51870991,1,2
27,1,36,5,1,2610,11,1,1,7500,60,3,1,48.51870991,1,2
27,1,24,5,1,2610,11,1,1,6500,70,3,1,42.90392314,1,2
27,1,24,5,1,2610,11,1,1,6500,60,3,1,42.90392314,1,2
27,2,32,5,2,2610,11,1,1,6500,70,3,1,46.56065374,1,2
27,2,32,5,2,2610,11,1,1,6000,60,3,1,46.56065374,1,2
27,2,62,4,2,1410,3,5,2,3000,56,3,1,38.67589738,1,2
27,1,43,5,2,1410,5,1,1,5000,48,3,1,48.51870991,1,2
27,2,42,5,2,1410,5,1,1,5000,48,3,1,46.56065374,1,2
27,2,37,5,2,1410,11,1,1,5000,66,3,1,50.22810249,1,2
27,2,31,5,2,1104,5,2,2,4000,48,3,1,23.91814404,1,2
27,1,18,5,1,2511,5,6,2,4300,48,3,1,49.8188748,1,2
27,2,44,5,1,2310,11,1,1,6500,48,3,1,52.22493837,1,2
27,2,44,5,1,2310,11,1,1,6500,60,3,1,52.22493837,1,2
27,2,45,5,2,2310,11,1,1,7000,48,3,1,52.22493837,1,2
27,2,45,5,2,2310,11,1,1,7000,48,3,1,52.22493837,1,2
27,2,37,5,2,1410,11,1,1,6000,48,3,1,52.22493837,1,2
27,2,37,5,2,1410,11,1,1,6000,60,3,1,52.22493837,1,2
27,2,31,5,2,1410,11,1,1,5600,60,3,1,52.22493837,1,2
27,2,32,5,2,1410,11,1,1,5600,60,3,1,52.22493837,1,2
27,2,50,4,2,2511,11,1,1,5000,48,3,1,52.22493837,1,2
27,1,46,5,7,2310,11,1,1,6000,48,3,1,54.42119969,1,2
27,1,47,5,2,2310,11,1,1,6000,60,3,1,54.42119969,1,2
27,2,40,5,2,1410,11,1,1,5000,48,3,1,52.22493837,1,2
27,2,40,5,2,1410,11,1,1,5000,60,3,1,52.22493837,1,2
27,2,45,5,7,2310,11,1,1,8000,48,3,1,52.22493837,1,2
27,2,46,5,1,2310,11,1,1,8000,60,3,1,52.22493837,1,2
27,2,34,4,2,1410,11,1,1,5000,54,3,1,33.97069734,1,2
27,2,28,5,2,1410,11,1,1,5500,66,3,1,33.97069734,1,2
27,2,26,4,1,2630,11,1,1,8000,70,3,1,33.97069734,1,2
27,2,27,4,2,2630,5,1,1,8000,60,3,1,33.97069734,1,2
27,1,43,5,1,118,5,2,2,6500,55,3,1,35.39929699,1,2
27,2,30,5,2,2630,11,1,1,8000,48,3,2,124.5461183,1,2
27,2,31,5,1,2630,11,1,1,5000,60,3,2,124.5461183,1,2
27,2,25,5,2,1410,5,1,1,5000,48,3,2,124.5461183,1,2
27,1,51,5,2,3100,3,5,2,5000,56,3,2,128.225224,1,2
27,2,25,5,2,2630,11,1,1,7000,60,3,2,124.5461183,1,2
27,1,42,5,5,1702,5,1,1,9000,48,3,2,128.225224,1,2
27,2,36,4,1,3100,3,6,2,4500,56,3,2,124.5461183,1,2
27,2,37,4,1,3100,3,6,2,5000,56,3,2,124.5461183,1,2
27,2,30,4,2,1709,5,2,2,6000,60,3,1,55.80900277,1,2
27,2,41,3,2,1709,3,6,2,5000,63,3,1,55.80900277,1,2
27,2,41,4,2,1709,3,6,2,5000,63,3,1,55.80900277,1,2
27,2,32,3,2,1709,3,6,2,5000,56,3,1,55.80900277,1,2
27,2,56,2,1,1709,3,6,2,3500,40,3,1,46.35809617,1,2
27,2,57,2,1,1702,3,6,2,3000,40,3,1,46.35809617,1,2
27,2,53,3,1,1709,3,6,2,4000,56,3,1,55.80900277,1,2
27,2,53,3,1,1709,3,6,2,4000,56,3,1,55.80900277,1,2
27,1,25,1,2,1709,3,6,2,7000,63,3,1,58.15598791,1,2
27,1,23,3,2,1709,3,6,2,8000,72,3,1,51.42593527,1,2
27,1,58,3,1,1709,5,2,2,4000,63,3,1,58.15598791,1,2
27,1,59,3,2,1709,5,2,2,4000,63,3,1,58.15598791,1,2
27,1,19,5,1,1709,3,6,2,7000,70,3,1,51.42593527,1,2
27,2,28,4,1,1709,3,6,2,6500,70,3,1,55.80900277,1,2
27,2,26,5,2,1709,3,6,2,4000,56,3,1,55.80900277,1,2
27,2,31,3,1,1709,3,6,2,4500,56,3,1,55.80900277,1,2
27,1,53,3,1,141,1,6,2,5000,42,3,1,58.15598791,1,2
27,1,54,3,1,141,1,6,2,5000,49,3,1,58.15598791,1,2
27,1,30,4,2,1709,3,6,2,6000,63,3,1,58.15598791,1,2
27,1,30,4,2,1709,3,6,2,5000,56,3,1,58.15598791,1,2
27,2,27,4,2,1709,3,6,2,6000,63,3,1,55.80900277,1,2
27,2,27,4,2,1709,3,6,2,5000,56,3,1,55.80900277,1,2
27,2,37,3,2,1709,3,6,2,6000,63,3,1,55.80900277,1,2
27,2,24,5,2,2610,11,1,1,8000,72,3,1,43.74258406,1,2
27,1,25,5,2,2610,11,1,1,8000,72,3,1,39.23221406,1,2
27,2,18,5,5,2630,11,1,1,6000,72,3,1,43.74258406,1,2
27,2,19,5,1,2630,11,1,1,6000,72,3,1,43.74258406,1,2
27,1,27,5,2,2610,11,1,1,7500,72,3,1,39.23221406,1,2
27,2,21,4,2,2610,11,1,1,7000,60,3,1,43.74258406,1,2
27,1,18,5,1,2620,11,1,1,5400,48,3,1,34.69209919,1,2
27,1,19,5,1,2620,11,1,1,5500,56,3,1,34.69209919,1,2
27,2,36,5,2,2610,11,1,1,6500,60,3,1,37.64893044,1,2
27,2,37,5,5,2610,11,1,1,6500,60,3,1,37.64893044,1,2
27,2,33,4,1,2610,11,1,1,6500,60,3,1,37.64893044,1,2
27,2,33,4,5,2610,11,1,1,6500,60,3,1,37.64893044,1,2
27,1,31,5,1,2610,11,1,1,6000,60,3,1,39.23221406,1,2
27,1,21,5,1,2610,11,1,1,6000,60,3,1,34.69209919,1,2
27,2,22,5,2,2610,11,1,1,6700,60,3,1,43.74258406,1,2
27,2,22,5,2,2610,11,1,1,6700,60,3,1,43.74258406,1,2
27,1,18,5,1,2610,11,1,1,7500,60,3,1,34.69209919,1,2
27,1,18,5,1,2610,11,1,1,7500,60,3,1,34.69209919,1,2
27,1,23,5,1,2610,11,1,1,7000,60,3,1,34.69209919,1,2
27,1,23,5,2,2610,11,1,1,7000,60,3,1,34.69209919,1,2
27,2,33,5,5,2630,11,1,1,7000,60,3,1,37.64893044,1,2
27,2,30,5,1,2630,11,1,1,6000,60,3,1,37.64893044,1,2
27,2,35,4,1,2610,11,1,1,6500,60,3,1,37.64893044,1,2
27,2,36,4,5,2610,11,1,1,8000,60,3,1,37.64893044,1,2
27,2,23,4,1,2610,11,1,1,6500,60,3,1,43.74258406,1,2
27,2,23,4,1,2610,11,1,1,7000,60,3,1,43.74258406,1,2
27,2,27,5,1,2610,11,1,1,7000,60,3,1,37.64893044,1,2
27,2,27,5,1,2610,11,1,1,6500,60,3,1,37.64893044,1,2
27,2,21,5,1,2610,11,1,1,6500,60,3,1,43.74258406,1,2
27,2,21,5,2,2610,11,1,1,6500,60,3,1,43.74258406,1,2
27,1,26,4,1,2610,11,1,1,6000,60,3,1,39.23221406,1,2
27,1,26,4,2,2610,11,1,1,6000,60,3,1,39.23221406,1,2
27,2,21,5,1,2610,11,1,1,6000,60,3,1,43.74258406,1,2
27,2,21,5,2,2610,11,1,1,6000,60,3,1,43.74258406,1,2
27,2,23,5,1,2610,11,1,1,7000,60,3,1,43.74258406,1,2
27,2,23,5,2,2610,11,1,1,7000,60,3,1,43.74258406,1,2
27,1,32,4,2,1702,5,1,1,7000,60,3,1,39.23221406,1,2
27,2,32,4,2,2610,11,1,1,6500,60,3,1,37.64893044,1,2
27,1,18,5,1,2610,11,1,1,7000,60,3,1,34.69209919,1,2
27,1,19,5,2,2610,11,1,1,7000,60,3,1,34.69209919,1,2
27,1,24,3,1,1709,3,6,2,6000,60,3,2,53.18751759,1,2
27,2,40,4,3,1410,11,2,1,5000,48,3,2,39.56357311,1,2
27,1,40,4,1,1709,5,6,2,6000,50,3,2,40.73228529,1,2
27,2,29,5,3,1410,11,2,1,6000,48,3,2,39.56357311,1,2
27,2,27,4,2,2610,10,2,1,5700,60,3,2,39.56357311,1,2
27,2,29,5,2,2610,10,3,1,7100,56,3,2,39.56357311,1,2
27,2,58,3,1,1709,3,6,2,4000,50,3,2,34.00469428,1,2
27,2,58,3,1,1702,3,3,2,4500,50,3,2,34.00469428,1,2
27,1,63,4,2,3100,3,6,2,4500,52,3,2,35.00919659,1,2
27,1,42,4,2,1702,3,2,1,6200,56,3,2,40.73228529,1,2
27,1,22,5,2,1702,3,3,1,3100,56,3,2,53.18751759,1,2
27,1,19,5,2,1071,3,6,2,5000,50,3,2,53.18751759,1,2
27,1,21,5,2,1071,3,6,2,5500,60,3,2,53.18751759,1,2
27,2,49,5,1,2610,11,2,1,6700,54,3,2,103.0711591,1,2
27,2,23,5,2,2610,11,2,1,6300,48,3,2,123.6183889,1,2
27,1,25,5,2,2610,11,2,1,8100,60,3,2,106.1158922,1,2
27,1,25,4,2,2610,11,2,1,6500,62,3,2,106.1158922,1,2
27,2,28,4,2,2610,11,2,1,24000,60,3,2,103.0711591,1,2
27,2,28,5,2,2610,11,2,1,10000,60,3,2,103.0711591,1,2
27,1,56,4,2,161,4,3,2,500,25,3,2,106.7052286,1,2
27,2,56,7,1,161,4,2,2,500,28,3,2,89.08114658,1,2
27,2,28,5,1,2610,11,2,1,7200,60,3,2,103.0711591,1,2
27,2,27,5,2,2610,11,2,1,8100,48,3,2,103.0711591,1,2
27,1,32,5,2,2610,11,2,1,12000,60,3,2,106.1158922,1,2
27,2,34,2,1,2630,11,2,1,4700,60,3,2,103.0711591,1,2
27,2,32,5,2,2630,11,2,1,4800,58,3,2,103.0711591,1,2
27,2,33,5,1,2630,11,2,1,4900,58,3,2,103.0711591,1,2
27,2,32,4,2,2630,11,2,1,8000,60,3,2,103.0711591,1,2
27,2,26,5,2,2630,11,2,1,7300,60,3,2,103.0711591,1,2
27,2,20,4,2,2630,11,2,1,8000,56,3,2,123.6183889,1,2
27,2,30,4,2,2630,11,2,1,8600,56,3,2,103.0711591,1,2
27,2,39,3,2,2630,11,2,2,6500,54,3,2,103.0711591,1,2
27,2,22,5,2,2630,11,2,2,5500,52,3,2,123.6183889,1,2
27,2,21,5,1,2630,11,2,1,8600,56,3,2,123.6183889,1,2
27,2,29,4,1,2630,11,2,1,8200,56,3,2,103.0711591,1,2
27,2,49,4,1,1410,6,2,2,4500,63,3,2,118.8888732,1,2
27,2,49,4,1,1410,5,2,2,4000,54,3,2,118.8888732,1,2
27,2,29,5,2,2630,11,2,1,7800,70,3,2,118.8888732,1,2
27,1,53,4,1,2610,11,2,2,5000,56,3,2,122.4008633,1,2
27,2,38,3,1,2392,5,1,1,5800,64,3,2,118.8888732,1,2
27,1,34,4,2,2022,11,2,1,8300,54,3,2,208.4596256,1,2
27,1,39,3,2,1709,5,6,2,6000,60,3,2,208.4596256,1,2
27,2,26,5,2,2610,11,2,1,6100,48,3,2,202.4783922,1,2
27,2,31,5,1,2630,11,2,1,7500,48,3,2,202.4783922,1,2
27,1,24,5,2,2630,11,2,1,6800,66,3,2,272.2029939,1,2
27,2,27,5,2,2630,11,2,1,7800,70,3,2,202.4783922,1,2
27,2,21,5,2,2630,11,2,1,3000,60,3,2,242.8424483,1,2
27,2,19,4,2,2630,11,2,1,2800,60,3,2,242.8424483,1,2
27,1,20,4,1,1702,5,6,2,7000,54,3,2,272.2029939,1,2
27,2,28,5,2,2630,11,2,1,5800,63,3,2,202.4783922,1,2
27,2,29,5,2,2630,11,2,1,4100,48,3,2,202.4783922,1,2
27,1,42,4,1,2013,3,6,2,5060,54,3,2,208.4596256,1,2
27,2,18,5,1,2630,11,2,1,3800,48,3,2,242.8424483,1,2
27,2,29,5,2,1410,11,2,1,7000,40,3,2,202.4783922,1,2
27,1,17,4,1,3100,3,6,2,1500,54,3,2,158.3657194,1,2
27,1,37,2,2,3100,3,6,2,5000,60,3,2,121.280292,1,2
27,2,36,4,1,2100,3,6,2,5000,48,3,2,117.800454,1,2
27,1,52,4,2,2610,11,2,2,4000,48,3,1,189.0321268,1,2
27,2,31,5,1,2630,11,1,1,8000,48,3,1,181.4034095,1,2
27,2,43,4,2,2220,11,1,1,6500,60,3,2,128.2964691,1,2
27,2,30,4,2,2610,11,1,1,6500,60,3,2,128.2964691,1,2
27,1,38,4,2,1709,5,1,1,6800,56,3,2,132.0863605,1,2
27,2,32,4,2,3092,11,1,1,6500,60,3,2,128.2964691,1,2
27,1,29,5,2,2610,11,1,1,6000,60,3,2,132.0863605,1,2
27,2,29,5,2,2620,11,1,1,6800,48,3,2,128.2964691,1,2
27,2,23,5,2,2620,11,1,1,6000,52,3,2,153.872363,1,2
27,2,23,5,2,2620,11,1,1,6300,52,3,2,153.872363,1,2
27,2,41,4,2,2610,11,1,1,6500,55,3,2,128.2964691,1,2
27,2,42,4,2,2610,11,1,1,6800,55,3,2,128.2964691,1,2
27,1,45,4,2,1071,11,1,1,5200,48,3,2,132.0863605,1,2
27,2,41,4,1,1071,11,1,1,5500,48,3,2,128.2964691,1,2
27,1,41,3,2,2733,11,1,1,6000,60,3,2,132.0863605,1,2
27,2,34,3,2,2610,11,1,1,5400,58,3,2,128.2964691,1,2
27,2,34,3,2,2610,11,1,1,5600,58,3,2,128.2964691,1,2
27,2,37,4,2,1311,11,1,1,6000,53,3,2,119.8644463,1,2
27,1,39,4,2,1075,11,1,1,7000,48,3,2,123.4052549,1,2
27,2,38,5,2,1410,3,6,2,3000,48,3,2,119.8644463,1,2
27,2,39,5,2,1410,3,6,2,3500,48,3,2,119.8644463,1,2
27,2,39,4,2,2610,11,2,1,7000,48,3,2,119.8644463,1,2
27,2,40,4,2,2610,11,2,1,7000,48,3,2,119.8644463,1,2
27,2,35,4,2,2610,11,2,1,6000,48,3,2,119.8644463,1,2
27,2,35,4,2,2610,11,2,1,6000,48,3,2,119.8644463,1,2
27,2,32,5,2,2220,11,1,1,9000,48,3,2,119.8644463,1,2
27,2,33,5,2,2220,11,1,1,8000,50,3,2,119.8644463,1,2
27,1,26,5,2,2829,11,2,1,7000,48,3,2,123.4052549,1,2
27,1,26,5,2,2829,11,2,1,7000,48,3,2,123.4052549,1,2
27,1,24,5,2,2829,11,2,1,6000,48,3,2,161.1404595,1,2
27,1,24,5,2,2829,11,2,1,6000,48,3,2,161.1404595,1,2
27,2,21,5,1,2610,11,4,1,4000,48,3,2,143.759417,1,2
27,2,25,5,2,1329,11,1,1,4800,48,3,2,119.8644463,1,2
27,2,28,5,2,1329,11,1,1,5200,48,3,2,119.8644463,1,2
27,2,39,4,2,2220,11,2,1,6000,48,3,2,119.8644463,1,2
27,2,39,4,2,2220,11,2,1,6200,48,3,2,119.8644463,1,2
27,2,35,5,2,2610,11,1,1,5500,48,3,2,119.8644463,1,2
27,2,36,5,2,2610,11,1,1,6000,48,3,2,119.8644463,1,2
27,1,22,5,1,2610,11,1,1,6000,48,3,2,161.1404595,1,2
27,1,22,5,1,2610,11,1,1,6000,48,3,2,161.1404595,1,2
27,2,23,4,2,2610,11,2,1,3200,48,3,2,143.759417,1,2
27,2,23,4,2,2610,11,2,1,4000,48,3,2,143.759417,1,2
27,2,49,4,2,1410,3,6,2,2000,32,3,2,119.8644463,1,2
27,2,49,4,2,1410,3,6,2,2200,40,3,2,119.8644463,1,2
27,2,31,5,2,2620,11,1,1,5500,48,3,2,119.8644463,1,2
27,2,31,5,2,2620,11,1,1,5500,48,3,2,119.8644463,1,2
27,2,25,5,1,2610,11,1,1,5000,48,3,2,119.8644463,1,2
27,2,37,4,2,1311,11,1,1,6000,50,3,2,119.8644463,1,2
27,1,39,4,2,1075,11,1,1,7000,45,3,2,123.4052549,1,2
27,2,18,5,1,2610,11,1,1,5500,48,3,2,143.759417,1,2
27,2,44,4,5,1410,5,1,1,5000,50,3,2,119.8644463,1,2
27,2,44,4,2,1410,5,1,1,5000,50,3,2,119.8644463,1,2
27,1,61,4,2,1811,3,6,2,5000,48,3,2,106.0662027,1,2
27,1,61,4,2,1811,3,6,2,5500,48,3,2,106.0662027,1,2
27,1,22,5,1,2610,11,4,2,4500,48,3,2,163.9525697,1,2
27,2,21,5,2,2610,11,2,1,5600,48,3,2,146.2682055,1,2
27,1,35,5,2,2310,5,1,1,12000,56,3,2,125.5588369,1,2
27,1,35,5,2,2310,11,1,1,12000,56,3,2,125.5588369,1,2
27,2,34,4,2,2212,11,1,1,6300,56,3,2,121.9562366,1,2
27,2,35,4,2,2212,11,1,1,6000,56,3,2,121.9562366,1,2
27,2,37,4,2,2610,11,1,1,6000,56,3,2,121.9562366,1,2
27,2,38,4,2,2610,11,1,1,6000,55,3,2,121.9562366,1,2
27,1,17,5,2,2610,11,2,1,6000,56,3,2,163.9525697,1,2
27,2,18,5,1,2610,11,4,2,4000,48,3,2,146.2682055,1,2
27,2,18,5,1,2610,11,4,2,4000,48,3,2,146.2682055,1,2
27,1,30,5,2,1702,11,1,1,8000,56,3,2,125.5588369,1,2
27,1,29,5,2,1702,11,1,1,7800,60,3,2,125.5588369,1,2
27,2,20,5,1,2212,11,2,1,4900,60,3,2,146.2682055,1,2
27,1,25,5,2,2310,10,1,1,7500,56,3,2,125.5588369,1,2
27,1,26,5,2,2310,5,2,1,7500,48,3,2,125.5588369,1,2
27,2,23,5,2,2310,10,1,1,6000,56,3,2,146.2682055,1,2
27,2,24,5,2,2310,5,2,1,6000,48,3,2,146.2682055,1,2
27,1,23,4,2,2610,11,1,1,7000,50,3,2,163.9525697,1,2
27,2,47,4,2,2212,11,1,1,5000,48,3,2,121.9562366,1,2
27,2,47,4,2,2212,11,1,1,5200,48,3,2,121.9562366,1,2
27,2,38,5,1,2610,11,1,1,8000,48,3,2,121.9562366,1,2
27,2,40,4,2,2610,3,6,2,2000,40,3,2,121.9562366,1,2
27,2,40,5,2,2610,3,6,2,2200,40,3,2,121.9562366,1,2
27,2,34,5,2,1071,11,1,1,5000,48,3,2,121.9562366,1,2
27,2,36,5,2,2610,11,2,1,6000,48,3,2,121.9562366,1,2
27,2,27,5,2,1410,5,1,1,3500,48,3,2,121.5741853,1,2
27,2,28,5,2,1410,5,1,1,4500,48,3,2,121.5741853,1,2
27,2,24,5,2,2610,11,2,1,6500,48,3,2,145.8099923,1,2
27,2,28,4,2,2620,11,2,1,50,48,3,2,121.5741853,1,2
27,2,28,4,2,2620,11,2,1,6000,48,3,2,121.5741853,1,2
27,2,18,5,2,2610,11,2,1,6500,48,3,2,145.8099923,1,2
27,2,19,5,2,2610,11,2,1,6500,48,3,2,145.8099923,1,2
27,1,33,4,2,2392,5,1,1,7000,48,3,2,125.1654997,1,2
27,1,34,4,2,2392,5,1,1,7000,48,3,2,125.1654997,1,2
27,2,27,4,2,2610,11,2,1,6500,48,3,2,121.5741853,1,2
27,2,28,4,2,2610,11,2,1,6500,48,3,2,121.5741853,1,2
27,1,26,5,2,1610,3,6,2,8000,56,3,2,125.1654997,1,2
27,2,25,5,2,2420,11,1,1,6000,48,3,2,121.5741853,1,2
27,1,22,4,2,2620,11,1,1,5500,48,3,2,163.4389569,1,2
27,1,46,4,2,2396,2,6,2,6000,48,3,2,125.1654997,1,2
27,2,41,8,2,3091,11,1,1,4000,48,3,2,121.5741853,1,2
27,1,57,5,2,2393,3,6,2,5000,56,3,2,125.1654997,1,2
27,1,57,5,2,2393,3,6,2,7000,48,3,2,125.1654997,1,2
27,2,53,4,2,2393,3,6,2,5500,56,3,2,121.5741853,1,2
27,2,53,4,2,2393,3,6,2,7000,48,3,2,121.5741853,1,2
27,2,33,4,1,2620,11,1,1,6000,40,3,2,121.5741853,1,2
27,2,26,5,2,2610,11,1,1,6300,60,3,2,118.0662308,1,2
27,2,26,5,2,2610,11,2,1,5800,56,3,2,118.0662308,1,2
27,2,37,4,2,2610,11,2,1,6400,56,3,2,118.0662308,1,2
27,2,37,4,2,2610,11,1,1,6200,60,3,2,118.0662308,1,2
27,1,19,5,2,2220,11,2,1,5800,60,3,2,158.723018,1,2
27,2,46,4,2,2610,11,1,1,6000,60,3,2,118.0662308,1,2
27,2,47,4,2,2610,11,1,1,6000,60,3,2,118.0662308,1,2
27,2,54,4,1,2610,11,2,2,4000,48,3,2,118.0662308,1,2
27,2,48,4,1,2610,11,1,1,5900,52,3,2,118.0662308,1,2
27,2,48,4,1,2610,11,1,1,6000,52,3,2,118.0662308,1,2
27,2,54,4,1,1329,11,1,1,3800,56,3,2,118.0662308,1,2
27,1,25,5,2,2750,11,1,1,12000,56,3,2,121.5539199,1,2
27,2,43,4,1,2610,11,1,1,6000,50,3,2,118.0662308,1,2
27,2,43,4,1,2620,11,1,1,6000,50,3,2,118.0662308,1,2
27,2,24,5,1,2610,11,1,1,6800,54,3,2,144.9975472,1,2
27,2,21,4,2,2610,11,1,1,6000,52,3,2,144.9975472,1,2
27,2,17,5,1,2610,11,2,1,5800,60,3,2,144.9975472,1,2
27,1,56,5,2,1074,5,2,2,4800,48,3,1,57.10624083,1,2
27,1,52,5,1,1074,5,2,2,4800,50,3,1,57.10624083,1,2
27,2,25,5,2,2610,11,1,1,6400,50,3,1,54.80162005,1,2
27,2,25,5,1,2610,11,1,1,6800,50,3,1,54.80162005,1,2
27,2,60,4,1,2620,11,4,2,3800,48,3,2,104.2925437,1,2
27,2,26,4,1,2630,11,2,1,7500,60,3,2,121.341649,1,2
27,2,30,4,1,2610,11,2,1,9300,72,3,2,121.341649,1,2
27,2,60,4,1,118,5,5,2,6000,48,3,2,104.8717538,1,2
27,2,33,5,1,2732,11,2,1,6000,48,3,2,121.341649,1,2
27,2,33,5,1,2731,11,2,1,7000,48,3,2,121.341649,1,2
27,1,21,5,1,2630,11,6,2,4500,48,3,2,163.1263454,1,2
27,1,28,5,1,2630,11,1,1,11000,72,3,2,124.9260943,1,2
27,2,33,3,1,2610,5,1,1,7650,56,3,2,121.341649,1,2
27,2,34,3,1,2610,11,1,1,7600,63,3,2,121.341649,1,2
27,2,34,4,1,1074,5,1,1,7600,60,3,2,161.6062119,1,2
27,2,49,4,1,2610,5,6,2,3800,48,3,2,161.6062119,1,2
27,2,50,4,1,2610,5,6,2,4200,55,3,2,161.6062119,1,2
27,1,23,3,1,1410,11,1,1,6400,60,3,2,217.2562426,1,2
27,2,47,4,1,1080,11,6,2,4500,60,3,2,161.6062119,1,2
27,2,48,4,1,1080,11,6,2,5300,60,3,2,161.6062119,1,2
27,2,38,3,1,2750,11,1,1,4500,50,3,2,161.6062119,1,2
27,2,39,3,1,2710,11,5,2,4800,48,3,2,161.6062119,1,2
27,2,48,4,1,2511,5,1,1,5000,50,3,2,161.6062119,1,2
27,2,27,5,1,2620,11,1,1,7200,50,3,2,161.6062119,1,2
27,2,38,4,1,2610,11,1,1,5400,50,3,2,161.6062119,1,2
27,2,39,4,1,2610,11,1,1,7300,55,3,2,161.6062119,1,2
27,2,33,5,1,1200,5,1,1,8200,60,3,2,161.6062119,1,2
27,2,33,5,1,1200,5,1,1,9200,50,3,2,161.6062119,1,2
27,1,67,4,1,1329,5,6,2,3500,50,3,2,143.0028482,1,2
27,1,68,4,1,1329,5,5,2,4500,50,3,2,143.0028482,1,2
27,2,28,5,1,2630,11,1,1,6520,48,3,2,120.0486642,1,2
27,2,61,4,1,1629,3,6,2,1600,40,3,2,103.1812297,1,2
27,1,55,2,1,1410,5,5,2,5700,56,3,2,120.898333,1,2
27,2,25,5,1,2630,11,1,1,7500,48,3,2,117.4294543,1,2
27,2,25,5,1,2630,11,1,1,6500,48,3,2,117.4294543,1,2
27,1,27,5,1,2630,11,2,1,7000,48,3,2,120.898333,1,2
27,1,27,5,1,2630,11,2,1,7000,48,3,2,120.898333,1,2
27,2,26,4,1,2630,11,2,1,5000,48,3,2,117.4294543,1,2
27,2,26,4,5,2630,11,3,1,5000,48,3,2,117.4294543,1,2
27,2,45,2,1,1329,5,6,2,1400,55,3,2,117.4294543,1,2
27,2,45,2,1,1410,5,6,2,2600,60,3,2,117.4294543,1,2
27,2,35,4,1,2610,11,1,1,6100,52,3,2,117.4294543,1,2
27,2,29,3,1,2630,11,1,1,8000,64,3,2,125.2343135,1,2
27,2,58,4,1,1071,5,6,2,5100,56,3,2,107.6382694,1,2
27,2,58,4,1,1073,5,4,2,5000,56,3,2,107.6382694,1,2
27,2,29,5,5,2630,11,2,1,8500,56,3,2,125.2343135,1,2
27,2,40,3,1,3100,3,6,2,4000,56,3,2,125.2343135,1,2
27,2,40,3,1,3100,3,6,2,4000,56,3,2,125.2343135,1,2
27,2,56,5,1,1073,5,6,2,4500,56,3,2,107.6382694,1,2
27,2,27,4,5,2930,11,2,1,6000,54,3,2,125.2343135,1,2
27,2,43,4,1,3100,3,6,2,4000,56,3,2,125.2343135,1,2
27,2,43,3,2,3100,3,6,2,4000,56,3,2,125.2343135,1,2
27,2,28,4,1,1702,11,3,1,7000,60,3,2,125.2343135,1,2
27,2,29,4,1,1702,11,2,1,7000,60,3,2,125.2343135,1,2
27,2,43,3,1,3100,3,6,2,4500,50,3,2,125.2343135,1,2
27,2,43,3,1,3100,3,6,2,4000,52,3,2,125.2343135,1,2
27,2,32,4,1,2630,11,1,1,7500,60,3,2,125.2343135,1,2
27,2,33,4,1,2630,11,1,1,7500,60,3,2,125.2343135,1,2
27,2,34,4,1,2630,11,1,1,8000,60,3,2,125.2343135,1,2
27,2,34,4,1,2630,11,1,1,8000,60,3,2,125.2343135,1,2
27,2,25,5,1,2610,11,3,1,5000,48,3,2,122.5231949,1,2
27,2,25,5,1,2610,11,2,1,6200,52,3,2,122.5231949,1,2
27,2,28,5,5,2710,11,1,1,8000,56,3,2,122.5231949,1,2
27,2,31,4,5,2620,11,1,1,9000,64,3,2,122.5231949,1,2
27,1,57,4,1,1709,5,3,2,6000,60,3,2,126.1425432,1,2
27,2,33,3,1,2740,11,3,1,7000,60,3,2,122.5231949,1,2
27,2,33,3,1,2740,11,2,1,7000,60,3,2,122.5231949,1,2
27,2,47,4,1,2420,5,6,2,4200,48,3,2,122.5231949,1,2
27,1,42,4,1,1709,11,1,1,8100,60,3,2,126.1425432,1,2
27,1,42,4,1,1709,11,1,1,8100,63,3,2,126.1425432,1,2
27,2,36,4,1,1410,11,2,1,6000,54,3,2,122.5231949,1,2
27,2,54,4,1,2392,5,2,2,6000,60,3,2,122.5231949,1,2
27,2,54,5,1,2392,5,5,2,6000,63,3,2,122.5231949,1,2
27,2,49,4,1,2610,5,2,2,6500,54,3,2,122.5231949,1,2
27,2,49,4,1,2410,5,4,2,7000,52,3,2,122.5231949,1,2
27,2,25,5,1,1702,11,1,1,8000,60,3,2,122.5231949,1,2
27,2,26,5,1,2630,11,1,1,8000,60,3,2,122.5231949,1,2
27,1,39,3,1,2220,5,1,1,7500,48,3,2,126.1425432,1,2
27,1,40,3,1,2220,5,1,1,8000,56,3,2,126.1425432,1,2
27,2,39,4,2,2630,11,1,1,11000,60,3,2,122.5231949,1,2
27,2,48,4,1,2610,5,2,2,6000,56,3,2,122.5231949,1,2
27,2,42,4,1,2610,11,2,1,8000,60,3,2,122.5231949,1,2
27,2,42,4,1,2610,11,2,1,7500,63,3,2,122.5231949,1,2
27,2,47,5,1,3100,3,6,2,4500,56,3,2,37.85224553,1,2
27,2,48,5,1,3100,3,6,2,5000,48,3,2,37.85224553,1,2
27,2,33,4,2,2620,11,2,1,5000,48,3,2,37.85224553,1,2
27,2,34,4,1,2620,11,2,1,5000,48,3,2,37.85224553,1,2
27,2,34,3,1,3100,3,6,2,7000,56,3,2,37.85224553,1,2
27,2,50,4,2,3100,3,6,2,5000,56,3,2,37.85224553,1,2
27,2,50,4,1,3100,3,6,2,4000,56,3,2,37.85224553,1,2
27,2,64,4,1,3100,3,6,2,3000,48,3,2,103.6058439,1,2
27,2,62,4,1,3100,3,6,2,3600,40,3,2,103.6058439,1,2
27,2,46,3,1,3100,3,6,2,4000,35,3,2,120.5426917,1,2
27,2,46,3,1,3100,3,6,2,6000,60,3,2,120.5426917,1,2
27,2,46,3,2,3100,3,6,2,1920,24,3,2,120.5426917,1,2
27,2,46,3,1,3100,3,6,2,6000,56,3,2,120.5426917,1,2
27,2,37,3,1,3100,3,6,2,6000,42,3,1,196.277657,1,2
27,1,18,4,1,3100,3,6,2,6000,56,3,1,180.8626132,1,2
27,2,23,4,1,1709,5,1,1,5000,49,3,1,228.0461041,1,2
27,2,60,3,1,1629,5,6,2,900,28,3,1,40.89502087,1,2
27,2,30,5,1,2630,11,2,1,6000,48,3,1,51.92663736,1,2
27,2,31,5,5,2610,11,1,1,6000,48,3,1,51.92663736,1,2
27,1,62,4,1,3091,5,6,2,7000,72,3,1,44.94710295,1,2
27,2,31,5,1,2610,5,2,1,5000,48,3,1,51.92663736,1,2
27,2,31,5,1,3091,5,1,1,6000,48,3,1,51.92663736,1,2
27,1,34,5,1,1702,5,1,1,8000,48,3,1,54.11035397,1,2
27,1,33,5,1,2211,5,1,1,6000,48,3,1,54.11035397,1,2
27,2,30,3,1,2610,11,1,1,7000,48,3,1,51.92663736,1,2
27,1,58,5,1,2610,11,6,2,3500,48,3,1,54.11035397,1,2
27,2,26,5,1,2630,11,2,1,4000,48,3,1,51.92663736,1,2
27,2,23,5,1,2610,11,1,1,7000,48,3,1,60.33120391,1,2
27,2,24,5,1,2610,11,1,1,7000,48,3,1,60.33120391,1,2
27,1,60,3,1,2410,3,6,2,3000,63,3,1,50.34880165,1,2
27,1,61,3,1,2410,3,6,2,3000,70,3,1,50.34880165,1,2
27,2,58,3,1,2410,3,6,2,3000,63,3,1,48.31688897,1,2
27,2,58,3,1,2410,3,6,2,3000,70,3,1,48.31688897,1,2
27,1,28,4,1,2610,11,1,1,6000,48,3,1,60.61328317,1,2
27,1,48,3,2,2410,3,6,2,6000,56,3,1,60.61328317,1,2
27,2,47,4,1,2410,3,6,2,4000,56,3,1,58.16712964,1,2
27,1,24,4,2,2410,3,6,2,5000,56,3,1,53.59886212,1,2
27,2,20,4,1,2410,5,6,2,5000,48,3,1,67.58174876,1,2
27,2,40,4,1,2410,3,6,2,7000,56,3,1,58.16712964,1,2
27,2,20,3,1,2220,3,6,2,5000,56,3,1,67.58174876,1,2
27,1,18,3,2,1629,3,6,2,5000,56,3,1,53.59886212,1,2
27,1,56,4,5,2410,3,6,2,4000,72,3,1,60.61328317,1,2
27,1,56,4,1,2410,3,6,2,4000,72,3,1,60.61328317,1,2
27,2,50,3,1,2410,5,6,2,4000,56,3,1,58.16712964,1,2
27,2,50,3,1,2220,5,6,2,4000,56,3,1,58.16712964,1,2
27,2,28,4,2,2220,3,6,2,5000,56,3,1,58.16712964,1,2
27,1,44,3,2,2410,3,6,2,8000,63,3,1,60.61328317,1,2
27,2,53,3,1,2410,3,6,2,3000,70,3,1,58.16712964,1,2
27,2,53,3,1,2410,3,6,2,3000,70,3,1,58.16712964,1,2
27,2,51,2,1,2410,3,6,2,3000,50,3,1,58.16712964,1,2
27,1,27,3,2,2410,3,6,2,5000,56,3,1,60.61328317,1,2
27,1,25,3,1,2410,3,6,2,4000,54,3,1,60.61328317,1,2
27,1,21,3,2,2410,3,6,2,5300,56,3,1,53.59886212,1,2
27,1,61,3,1,2410,3,6,2,3000,65,3,1,50.34880165,1,2
27,1,29,3,2,2410,3,6,2,6000,65,3,1,60.61328317,1,2
27,1,55,5,1,162,9,6,2,417,20,3,1,60.61328317,1,2
27,2,48,5,1,2220,5,6,2,3500,48,3,1,58.16712964,1,2
27,1,40,3,2,2395,5,1,1,18000,60,3,1,56.5078425,1,2
27,1,46,3,2,1610,3,6,2,8000,46,3,1,56.5078425,1,2
27,2,29,4,2,2732,11,2,1,5000,48,3,1,54.22737111,1,2
27,2,29,4,1,2732,5,1,1,5000,48,3,1,54.22737111,1,2
27,2,23,5,1,2732,11,2,1,5000,48,3,1,63.00432207,1,2
27,2,24,4,1,2731,11,2,1,5000,48,3,1,63.00432207,1,2
27,2,19,5,1,2630,11,2,1,6000,48,3,1,63.00432207,1,2
27,2,20,5,1,2610,11,2,1,6000,56,3,1,63.00432207,1,2
27,2,18,5,1,2610,11,2,1,4000,48,3,1,63.00432207,1,2
27,2,19,5,1,2610,11,2,1,5000,48,3,1,63.00432207,1,2
27,2,25,5,1,1702,11,2,1,6000,48,3,1,54.22737111,1,2
27,2,26,5,1,1702,11,2,1,5000,48,3,1,54.22737111,1,2
27,2,35,5,1,1709,3,6,2,2500,40,3,1,53.71989571,1,2
27,2,35,4,1,1702,3,6,2,1600,30,3,1,53.71989571,1,2
27,2,37,4,1,1709,3,6,2,3500,60,3,1,53.71989571,1,2
27,2,38,3,1,1709,4,6,2,4000,56,3,1,53.71989571,1,2
27,2,46,4,1,1709,3,6,2,3000,50,3,1,53.71989571,1,2
27,2,46,4,1,1702,3,6,2,2500,50,3,1,53.71989571,1,2
27,1,47,5,1,1920,3,6,2,2000,35,3,1,55.97902579,1,2
27,1,54,4,1,2220,5,1,2,6000,48,3,1,55.97902579,1,2
27,1,23,5,1,2029,11,2,1,6000,42,3,1,49.50090026,1,2
27,1,24,5,1,2022,6,1,1,6000,40,3,1,49.50090026,1,2
27,1,24,5,1,1709,3,6,2,3000,50,3,2,52.59170739,1,2
27,1,46,3,1,2599,3,6,2,3000,50,3,2,40.27599946,1,2
27,1,47,3,1,2599,3,6,2,3000,40,3,2,40.27599946,1,2
27,1,20,3,1,2599,3,6,2,4000,60,3,2,52.59170739,1,2
27,1,51,4,1,2599,5,5,2,4000,60,3,2,40.27599946,1,2
27,2,45,4,1,2511,5,5,2,6000,48,3,2,39.12037927,1,2
27,2,52,4,1,1329,3,6,2,3500,40,3,2,39.12037927,1,2
27,2,30,4,2,1329,3,6,2,3500,60,3,2,39.12037927,1,2
27,2,51,4,1,1629,3,6,2,3000,60,3,2,39.12037927,1,2
27,2,37,4,2,1322,3,6,2,4000,60,3,2,39.12037927,1,2
27,2,40,4,1,2599,11,2,1,6000,60,3,2,39.12037927,1,2
27,1,19,4,2,3100,3,6,2,2500,40,3,2,52.59170739,1,2
27,2,20,5,1,2630,11,2,1,6000,48,3,2,46.91902467,1,2
27,2,57,4,2,1709,3,6,2,3500,50,3,2,105.7824372,1,2
27,2,41,4,1,2220,5,3,2,4500,60,3,2,131.1017382,1,2
27,2,33,4,2,1410,5,2,1,6000,50,3,2,131.1017382,1,2
27,2,33,4,2,1410,5,2,1,6000,50,3,2,131.1017382,1,2
27,2,38,4,2,1410,3,6,2,4000,48,3,2,131.1017382,1,2
27,2,26,4,2,1410,3,6,2,3000,50,3,2,131.1017382,1,2
27,2,27,4,2,1410,3,6,2,3000,50,3,2,131.1017382,1,2
27,2,15,4,1,1410,5,4,2,2500,48,3,2,151.0034516,1,2
27,2,27,4,1,2930,5,1,1,5000,48,3,2,125.9044138,1,2
27,1,35,4,2,1622,3,6,2,3000,40,3,2,120.3296358,1,2
27,1,36,4,2,1622,3,6,2,3000,40,3,2,120.3296358,1,2
27,2,28,4,2,1410,5,2,1,3500,48,3,2,116.8770745,1,2
27,2,29,4,2,1410,5,2,1,3500,48,3,2,116.8770745,1,2
27,2,27,5,5,2630,11,1,1,6500,48,3,2,116.8770745,1,2
27,1,28,5,1,1520,5,2,1,5000,48,3,2,120.3296358,1,2
27,2,24,5,1,2620,5,2,1,4000,48,3,2,140.1765127,1,2
27,2,23,5,1,2620,5,2,1,4000,48,3,2,140.1765127,1,2
27,2,39,4,1,1520,5,2,1,5000,60,3,2,116.8770745,1,2
27,2,27,4,1,1329,5,6,2,2000,55,3,1,53.56542477,1,2
27,2,28,4,1,1329,5,6,2,4500,55,3,1,53.56542477,1,2
27,2,21,5,2,2630,11,1,1,6200,56,3,2,141.8214837,1,2
27,2,39,3,2,2630,11,1,1,6600,60,3,2,118.2486266,1,2
27,1,20,2,1,2511,3,6,2,2500,45,3,2,153.2006683,1,2
27,1,21,2,1,2511,3,6,2,2500,50,3,2,153.2006683,1,2
27,1,22,4,2,2220,3,6,2,5000,60,3,2,154.8133069,1,2
27,2,35,3,1,2392,5,6,2,9000,50,3,2,116.5208058,1,2
27,2,36,3,1,2392,5,6,2,8000,50,3,2,116.5208058,1,2
27,2,22,4,2,2732,11,2,1,7500,48,3,1,63.41685037,1,2
27,2,23,4,1,2732,11,2,1,7500,60,3,1,63.41685037,1,2
27,2,55,3,1,118,1,6,2,1300,40,3,2,101.7893988,1,2
27,2,55,3,1,118,1,6,2,1300,40,3,2,101.7893988,1,2
27,2,41,4,1,3315,5,1,2,5000,40,3,2,117.7752164,1,2
27,2,42,4,1,3315,5,1,2,5000,50,3,2,117.7752164,1,2
27,2,63,4,1,111,1,6,2,1500,32,3,2,101.7893988,1,2
27,2,27,4,1,111,1,6,2,1800,30,3,2,118.4293053,1,2
27,2,28,4,2,1410,5,1,1,4500,60,3,2,119.6752365,1,2
27,2,44,4,1,1520,11,2,1,7000,54,3,2,119.6752365,1,2
27,2,18,5,2,1410,5,2,1,3500,50,3,2,143.5324881,1,2
27,2,18,5,1,1410,5,2,1,3500,50,3,2,143.5324881,1,2
27,2,25,5,1,1410,5,2,1,3500,55,3,2,119.6752365,1,2
27,2,26,5,1,1410,5,2,1,3500,50,3,2,119.6752365,1,2
27,2,21,5,2,1410,5,2,1,3000,51,3,2,142.7862557,1,2
27,2,48,4,1,118,1,6,2,2500,40,3,2,119.7142246,1,2
27,2,49,4,1,118,1,6,2,2500,50,3,2,119.7142246,1,2
27,1,50,3,1,1071,5,1,1,3500,48,3,2,122.5698785,1,2
27,2,41,4,1,2392,5,1,1,500,48,3,2,119.053039,1,2
27,2,45,4,1,1520,11,2,1,5000,60,3,2,113.7276251,1,2
27,1,43,5,1,2220,5,2,1,8000,60,3,2,117.0871513,1,2
30,1,33,4,5,1010,5,2,1,7000,50,3,1,26.84500015,1,2
30,1,39,5,1,1410,11,1,1,5800,56,3,1,26.84500015,1,2
30,2,24,4,1,2599,5,2,2,5500,48,3,1,31.28700466,1,2
30,2,61,4,2,1010,3,6,2,3000,50,3,1,31.67846558,1,2
30,1,60,4,1,2732,11,2,1,4500,48,3,1,26.84697265,1,2
30,1,64,4,1,130,9,1,1,1200,48,3,1,26.84697265,1,2
30,2,47,4,1,2599,5,2,2,3500,48,3,1,30.72220409,1,2
30,1,64,4,1,161,4,1,1,2500,30,3,1,26.84697265,1,2
30,2,47,4,1,2511,5,2,1,3500,40,3,1,30.72220409,1,2
30,1,59,4,1,1410,3,6,2,3500,54,3,1,50.89720835,1,2
30,1,44,5,2,1071,5,1,2,7000,48,3,1,49.72975816,1,2
30,2,34,5,1,3320,11,1,1,5000,48,3,1,47.27099312,1,2
30,2,34,5,1,2910,11,1,1,5200,48,3,1,47.27099312,1,2
30,2,44,3,1,2220,5,4,2,4000,48,3,1,47.27099312,1,2
30,1,51,5,1,1410,11,2,1,3000,54,3,1,48.39912064,1,2
30,1,21,4,1,1610,3,6,2,3200,56,3,1,47.91450919,1,2
30,1,33,5,2,2511,3,6,2,6500,56,3,1,49.30840257,1,2
30,1,20,4,2,2817,11,3,1,5800,48,3,1,47.91450919,1,2
30,2,27,5,2,1410,11,3,1,4800,48,3,1,46.87047042,1,2
30,2,34,4,3,1410,11,3,1,4900,52,3,1,28.47252842,1,2
30,1,32,5,2,2817,11,3,2,6200,48,3,1,51.74356164,1,2
30,2,40,3,1,1410,11,3,1,3600,48,3,2,82.17780914,1,2
30,2,41,3,1,1410,11,3,1,3800,52,3,2,82.17780914,1,2
30,1,21,5,1,2392,5,3,2,6000,52,3,2,91.57897809,1,2
30,1,22,5,1,2392,5,4,2,6000,52,3,2,91.57897809,1,2
30,1,41,5,1,2511,3,6,2,6500,56,3,1,195.912198,1,2
30,1,34,4,5,1410,5,3,1,4800,48,3,1,51.72353187,1,2
30,2,20,5,2,2511,5,3,1,5200,48,3,1,60.28215213,1,2
30,2,20,5,2,2511,5,3,1,5200,48,3,1,60.28215213,1,2
30,2,41,4,2,1410,11,2,1,4800,48,3,1,49.16618962,1,2
30,2,38,4,2,2392,5,3,1,5400,54,3,1,49.97219273,1,2
30,2,39,4,2,2392,5,3,1,5400,50,3,1,49.97219273,1,2
30,1,18,3,2,2392,5,3,1,5800,54,3,1,51.0853223,1,2
30,1,18,3,1,2392,5,3,1,5800,50,3,1,51.0853223,1,2
30,2,47,5,5,2391,5,4,2,3000,40,3,1,49.97219273,1,2
30,2,47,5,1,2392,5,5,2,3000,40,3,1,49.97219273,1,2
30,1,18,4,1,2392,5,3,2,5900,52,3,2,353.1438853,1,2
30,2,49,4,1,3290,3,6,2,3000,28,3,2,316.2906605,1,2
30,2,49,4,1,3290,3,6,2,3000,36,3,2,316.2906605,1,2
30,2,58,4,1,3290,3,6,2,3000,40,3,2,271.8502493,1,2
30,2,58,4,1,3290,3,6,2,2700,30,3,2,271.8502493,1,2
30,2,40,3,1,3290,3,6,2,3800,40,3,2,316.2906605,1,2
30,2,40,3,1,3290,3,6,2,3800,50,3,2,316.2906605,1,2
30,1,17,4,1,3290,3,6,2,3500,40,3,2,352.4744182,1,2
30,2,41,4,1,3290,3,6,2,4400,43,3,2,316.2906605,1,2
30,2,67,4,1,3290,3,6,2,2800,40,3,2,271.8502493,1,2
30,2,49,3,1,118,1,6,2,1500,36,3,2,318.0472457,1,2
30,2,55,4,1,2610,11,1,2,3800,42,3,2,270.292269,1,2
30,2,61,4,1,1074,3,6,2,2800,38,3,2,270.292269,1,2
30,2,36,4,1,1410,5,2,1,6300,48,3,2,78.69258955,1,2
30,2,37,4,1,1410,5,2,1,6000,48,3,2,78.69258955,1,2
30,1,41,4,1,2393,5,5,2,7000,42,3,2,79.08441595,1,2
30,1,42,4,1,2392,5,6,2,6500,45,3,2,79.08441595,1,2
30,1,39,4,1,2410,5,1,1,8000,50,3,2,79.08441595,1,2
30,1,40,4,2,2410,5,3,1,7500,48,3,2,79.08441595,1,2
30,2,35,4,2,1321,11,3,2,4800,48,3,2,78.69258955,1,2
30,1,24,5,2,2410,10,3,1,6500,48,3,2,87.69504821,1,2
30,2,18,5,2,2610,11,3,1,4500,48,3,2,83.23925415,1,2
30,2,32,5,2,2392,5,2,2,6200,60,3,1,48.60517226,1,2
30,1,59,4,2,2394,10,1,1,10200,48,3,1,51.13333362,1,2
30,2,49,4,2,2393,5,3,2,5200,50,3,1,48.60517226,1,2
30,1,41,4,1,161,1,6,2,4200,40,3,1,199.0384564,1,2
30,1,54,4,2,2394,5,5,2,6000,50,3,1,199.0384564,1,2
30,2,47,4,2,2394,5,3,1,5300,48,3,1,189.1974917,1,2
30,1,43,3,2,2394,10,3,2,11500,56,3,1,199.0384564,1,2
30,2,42,4,2,1410,11,3,1,5600,48,3,1,189.1974917,1,2
30,1,50,4,2,2394,5,5,2,9800,42,3,1,199.0384564,1,2
30,1,50,4,2,2394,5,3,1,12100,50,3,1,199.0384564,1,2
30,2,50,4,2,1410,11,3,1,5600,48,3,1,189.1974917,1,2
30,2,50,4,2,1410,11,3,1,4800,48,3,1,189.1974917,1,2
30,2,37,5,1,2394,3,6,2,3800,40,3,1,189.1974917,1,2
30,1,54,4,2,2394,3,5,2,8200,55,3,1,199.0384564,1,2
30,2,54,4,1,2394,3,5,2,6500,50,3,1,189.1974917,1,2
30,2,54,4,1,2394,3,5,2,3500,45,3,1,189.1974917,1,2
30,2,22,5,2,1410,5,3,1,5860,50,3,1,231.9730706,1,2
30,2,22,5,2,1410,10,3,1,5200,48,3,1,231.9730706,1,2
30,1,73,4,1,2391,3,6,2,4700,50,3,1,165.332535,1,2
30,1,33,5,2,2610,5,3,1,5400,48,3,1,199.0384564,1,2
30,1,34,5,2,1329,5,3,1,5700,48,3,1,199.0384564,1,2
30,1,31,5,2,2410,5,2,1,6500,48,3,1,199.0384564,1,2
30,2,31,5,6,2610,5,2,1,6300,48,3,1,189.1974917,1,2
30,2,31,5,2,2610,10,3,1,6500,48,3,1,189.1974917,1,2
30,2,39,4,2,2394,5,2,1,5300,48,3,1,189.1974917,1,2
30,2,39,4,2,2394,5,3,1,7100,48,3,1,189.1974917,1,2
30,2,46,4,2,2394,5,3,1,5600,48,3,1,189.1974917,1,2
30,2,46,4,2,2394,5,3,1,5700,48,3,1,189.1974917,1,2
30,1,50,4,2,2394,5,2,1,5800,48,3,1,199.0384564,1,2
30,2,22,5,2,1410,11,3,1,5800,48,3,1,231.9730706,1,2
30,2,23,5,2,1520,10,3,1,5700,48,3,1,231.9730706,1,2
30,2,50,4,1,2399,3,1,2,3000,45,3,1,189.1974917,1,2
30,1,45,4,1,2394,5,4,2,4800,50,3,1,199.0384564,1,2
30,2,30,4,1,2394,5,3,2,4700,60,3,1,189.1974917,1,2
30,1,51,4,1,2410,11,3,2,6300,52,3,1,199.0384564,1,2
30,1,31,4,1,2511,3,6,2,5000,50,3,2,82.86599925,1,2
30,1,25,4,1,1410,5,1,1,6000,50,3,2,82.86599925,1,2
30,1,26,5,1,2220,5,1,1,7000,50,3,2,82.86599925,1,2
30,1,37,5,1,161,10,1,1,3800,40,3,2,305.7128751,1,2
30,2,31,5,1,161,10,1,1,3700,40,3,2,304.1982104,1,2
30,2,28,4,2,1410,11,2,1,6000,60,3,2,302.5181138,1,2
30,2,31,5,1,1410,11,2,1,5400,54,3,2,302.5181138,1,2
30,2,44,4,1,1520,5,2,1,5350,48,3,2,302.5181138,1,2
30,2,43,4,1,1520,5,2,1,5400,48,3,2,302.5181138,1,2
30,1,46,5,1,118,1,7,2,1200,19,3,2,327.8436051,1,2
30,1,29,5,2,2930,11,3,1,6090,48,3,2,326.0329143,1,2
30,2,46,5,2,2930,11,3,1,5910,48,3,2,324.4175733,1,2
30,2,22,5,2,1410,11,2,1,5000,55,3,2,343.1616241,1,2
30,2,21,5,2,2930,11,3,1,5930,48,3,2,343.1616241,1,2
30,1,40,5,2,2610,11,3,1,6320,48,3,2,326.0329143,1,2
30,2,37,4,2,2930,11,3,1,5800,48,3,2,324.4175733,1,2
30,1,23,5,2,2610,11,3,1,6300,48,3,2,361.5310525,1,2
30,1,24,5,2,2930,11,3,1,5590,48,3,2,361.5310525,1,2
30,1,26,4,3,2610,11,3,1,6200,48,3,2,272.8424219,1,2
30,1,37,4,2,2610,11,3,1,6200,48,3,2,272.8424219,1,2
30,2,33,4,2,2610,11,3,1,5800,48,3,2,271.490615,1,2
30,2,49,3,1,2610,11,3,2,5600,52,3,2,271.490615,1,2
30,2,55,4,2,1520,11,3,2,3800,50,3,2,233.3448331,1,2
30,2,18,5,2,1410,11,3,1,4950,48,3,1,219.577563,1,2
30,2,38,4,1,2220,11,2,1,10280,56,3,1,179.0877021,1,2
30,2,39,5,1,1071,3,6,2,1480,52,3,1,179.0877021,1,2
30,1,41,4,1,2392,3,6,2,4500,60,3,1,188.4028137,1,2
30,2,37,4,1,2392,3,6,2,3250,48,3,1,179.0877021,1,2
30,2,54,5,1,1071,3,6,2,1100,47,3,2,312.6952769,1,2
30,2,54,5,1,1071,3,6,2,1470,44,3,2,312.6952769,1,2
30,2,55,5,1,113,1,6,2,3200,45,3,2,270.2526491,1,2
30,2,31,5,2,1410,11,1,1,6850,57,3,2,312.6952769,1,2
30,2,55,4,1,121,1,6,2,2040,32,3,2,75.70099905,1,2
30,2,70,3,1,1071,3,6,2,1380,45,3,2,75.28289998,1,2
30,1,41,4,1,2391,5,3,1,5300,48,3,1,197.9508146,1,2
30,2,47,5,2,1410,11,2,1,6200,56,3,1,188.1636256,1,2
30,2,33,5,5,2610,11,2,1,5400,48,3,1,188.1636256,1,2
30,2,24,3,2,1520,11,2,1,5200,48,3,1,230.7054582,1,2
30,2,36,5,2,1520,11,2,1,5800,48,3,1,188.1636256,1,2
30,2,22,4,2,2220,5,2,1,5200,48,3,1,230.7054582,1,2
30,2,39,4,2,1410,11,2,1,5800,48,3,2,322.1207369,1,2
30,1,18,5,2,1410,5,3,2,4500,48,3,2,358.9714573,1,2
30,2,27,5,2,2826,11,2,1,5600,56,3,2,80.77340322,1,2
30,2,40,5,2,1080,11,2,1,6300,56,3,2,80.77340322,1,2
30,2,30,5,2,2610,11,2,1,5700,56,3,2,80.77340322,1,2
30,2,20,5,2,2610,11,2,1,5800,56,3,2,85.44029212,1,2
30,2,31,5,2,2610,11,2,1,6300,56,3,2,80.77340322,1,2
30,1,22,5,2,2610,11,2,1,6100,56,3,2,90.01390766,1,2
30,1,24,5,2,2610,11,2,1,6300,56,3,2,90.01390766,1,2
30,2,24,5,2,2610,11,2,1,6200,56,3,2,85.44029212,1,2
30,2,22,5,2,2610,11,2,1,6250,56,3,2,85.44029212,1,2
30,2,22,5,2,2610,11,2,1,56,56,3,2,85.44029212,1,2
30,1,28,4,2,1080,11,2,1,8200,56,3,2,81.17559041,1,2
30,2,24,5,2,2610,11,2,1,6100,56,3,2,85.44029212,1,2
30,2,24,5,2,2610,11,5,1,6100,56,3,2,85.44029212,1,2
30,1,29,5,2,2930,11,2,1,6600,56,3,2,81.17559041,1,2
30,1,30,5,2,2930,11,2,1,6600,56,3,2,81.17559041,1,2
30,1,19,5,2,2610,11,2,1,6200,56,3,2,90.01390766,1,2
30,1,31,4,2,1410,11,2,1,6700,56,3,2,81.17559041,1,2
30,1,31,4,2,1410,11,2,1,6500,52,3,2,81.17559041,1,2
30,1,54,3,1,2512,5,3,2,4100,58,3,2,351.7637836,1,2
30,1,55,3,1,2511,11,2,2,4100,60,3,2,351.7637836,1,2
30,1,39,3,1,1010,3,7,2,2600,26,3,2,351.7637836,1,2
30,2,48,4,1,1410,11,3,1,3800,42,3,2,350.0209582,1,2
30,1,57,3,1,161,1,6,2,2500,50,3,2,80.19545896,1,2
30,2,51,4,1,1420,3,6,2,2200,40,3,2,79.35740022,1,2
30,2,30,5,1,2029,5,6,2,4000,48,3,1,176.9119403,1,2
30,2,30,5,2,1520,11,2,1,8500,54,3,1,171.0751266,1,2
30,2,65,4,1,1071,5,6,2,4000,48,3,1,142.1046207,1,2
30,2,45,4,1,2029,5,6,2,5000,48,3,1,171.0751266,1,2
30,2,45,4,1,3290,5,6,2,5200,48,3,1,171.0751266,1,2
30,2,68,2,1,161,1,6,2,1600,24,3,2,249.3980422,1,2
30,2,54,4,1,1410,5,6,2,1500,40,3,2,80.81251326,1,2
30,2,54,4,1,1410,5,6,2,1800,30,3,2,80.81251326,1,2
30,2,48,4,1,1410,5,6,2,4000,48,3,2,80.81251326,1,2
30,2,28,4,2,1322,11,2,1,5200,60,3,2,345.53351,1,2
30,2,30,4,1,1410,11,2,1,5000,60,3,2,345.53351,1,2
30,2,29,5,2,1410,11,2,1,5000,60,3,2,345.53351,1,2
30,2,34,5,2,1410,11,2,1,5300,60,3,2,345.53351,1,2
30,1,36,4,2,1410,11,2,1,6000,62,3,2,347.2539915,1,2
30,2,40,4,1,1073,5,2,1,5200,62,3,2,345.53351,1,2
30,2,28,4,2,1410,11,2,1,4500,60,3,2,345.53351,1,2
30,2,29,4,2,1410,11,2,1,5000,62,3,2,345.53351,1,2
30,2,39,3,2,1322,5,2,1,4000,56,3,2,345.53351,1,2
30,2,39,3,2,1520,5,2,1,4000,61,3,2,345.53351,1,2
30,2,41,3,2,1520,5,2,1,4200,60,3,2,345.53351,1,2
30,2,41,3,2,1520,5,2,1,4200,60,3,2,345.53351,1,2
30,2,35,5,1,1520,3,6,2,4500,62,3,2,345.53351,1,2
30,2,35,5,1,1520,3,6,2,4500,56,3,2,345.53351,1,2
30,1,33,4,2,2511,3,6,2,4500,56,3,2,347.2539915,1,2
30,2,32,4,2,1410,5,2,1,4700,62,3,2,345.53351,1,2
30,2,32,4,2,1410,5,2,1,5000,60,3,2,345.53351,1,2
30,2,22,5,5,1410,11,3,1,4980,62,3,2,307.0677013,1,2
30,2,22,5,2,1410,11,3,1,6300,60,3,2,307.0677013,1,2
30,1,21,5,2,2610,11,3,1,4800,64,3,2,323.5050235,1,2
30,1,21,5,2,2610,11,3,1,5450,50,3,2,323.5050235,1,2
30,2,45,4,2,3240,11,2,1,4500,48,3,2,290.2951597,1,2
30,2,45,4,2,3240,11,2,1,4000,48,3,2,290.2951597,1,2
30,1,30,5,2,1410,11,3,1,5800,56,3,2,291.7405983,1,2
30,1,30,5,2,1410,5,3,1,6550,48,3,2,291.7405983,1,2
30,2,26,4,2,2733,11,3,1,6800,64,3,2,290.2951597,1,2
30,2,23,5,2,2733,11,3,1,7200,48,3,2,307.0677013,1,2
30,2,27,4,2,1410,11,2,1,5000,52,3,2,290.2951597,1,2
30,2,27,4,2,1410,11,2,1,5000,48,3,2,290.2951597,1,2
30,2,34,5,2,2610,11,2,1,5000,48,3,2,290.2951597,1,2
30,2,34,5,2,2610,11,2,1,5000,48,3,2,290.2951597,1,2
30,2,45,5,2,1410,5,2,1,4500,56,3,2,290.2951597,1,2
30,2,46,5,2,1410,5,2,1,4700,56,3,2,290.2951597,1,2
30,2,54,4,1,3290,3,7,2,1000,48,3,2,290.2951597,1,2
30,2,54,4,1,3290,3,7,2,1000,48,3,2,290.2951597,1,2
30,1,46,4,2,2511,3,6,2,5500,50,3,2,304.7005863,1,2
30,2,47,4,2,1410,3,5,2,4000,40,3,2,303.190937,1,2
30,2,42,4,2,1410,11,2,1,4900,48,3,2,303.190937,1,2
30,2,43,4,2,1410,11,2,1,5000,54,3,2,303.190937,1,2
30,2,41,4,2,1410,11,2,1,4500,48,3,2,303.190937,1,2
30,2,42,4,2,1410,11,2,1,4500,48,3,2,303.190937,1,2
30,2,31,5,2,1410,11,3,1,5000,48,3,2,303.190937,1,2
30,2,31,5,2,1410,11,3,1,5000,48,3,2,303.190937,1,2
30,2,39,4,2,1410,11,3,1,4500,42,3,2,303.190937,1,2
30,2,39,4,2,1410,11,2,1,5000,42,3,2,303.190937,1,2
30,2,35,4,2,1410,11,3,1,4850,48,3,2,303.190937,1,2
30,2,35,4,2,1410,11,3,1,4850,48,3,2,303.190937,1,2
30,1,26,5,1,2511,3,6,2,4500,48,3,2,304.7005863,1,2
30,1,26,5,2,2511,3,6,2,4850,48,3,2,304.7005863,1,2
30,2,28,4,2,1410,11,3,1,5200,52,3,2,303.190937,1,2
30,2,29,4,2,1410,11,3,1,5450,52,3,2,303.190937,1,2
30,2,32,4,2,1410,11,3,1,4500,48,3,2,303.190937,1,2
30,2,32,4,2,1410,11,3,1,4500,48,3,2,303.190937,1,2
30,2,32,5,5,1410,11,3,1,4500,48,3,2,303.190937,1,2
30,1,33,5,2,2930,11,2,1,5600,48,3,2,304.7005863,1,2
30,1,33,5,2,2790,11,2,1,5800,56,3,2,304.7005863,1,2
30,2,23,5,2,2930,11,2,1,4800,48,3,2,320.7085649,1,2
30,2,23,5,2,2790,11,2,1,5200,56,3,2,320.7085649,1,2
30,2,47,4,2,1520,5,2,1,4000,48,3,2,287.79501,1,2
30,2,48,4,2,1520,5,2,1,4500,48,3,2,287.79501,1,2
30,1,29,5,2,1520,5,3,2,5000,48,3,2,289.2279999,1,2
30,1,30,5,2,1520,5,2,1,5000,54,3,2,289.2279999,1,2
30,2,33,4,2,1410,11,2,1,4000,48,3,2,287.79501,1,2
30,2,33,4,2,1410,11,2,1,4000,48,3,2,287.79501,1,2
30,2,44,5,2,1410,3,6,2,4500,48,3,2,287.79501,1,2
30,1,46,5,2,1520,5,3,2,5000,60,3,2,289.2279999,1,2
30,1,47,5,2,1520,5,3,2,5000,60,3,2,289.2279999,1,2
30,2,43,3,2,1520,5,3,2,3900,63,3,2,287.79501,1,2
30,2,43,3,2,1520,5,3,2,4150,48,3,2,287.79501,1,2
30,1,44,4,2,1520,5,2,1,5800,60,3,2,289.2279999,1,2
30,1,44,4,2,1520,5,2,1,5800,60,3,2,289.2279999,1,2
30,2,35,4,2,1520,5,2,1,4500,60,3,2,287.79501,1,2
30,2,36,4,2,1520,5,2,1,4700,54,3,2,287.79501,1,2
30,2,47,4,1,1410,3,6,2,1600,45,3,1,187.6839118,1,2
30,2,48,4,1,1410,5,6,2,2300,46,3,1,187.6839118,1,2
30,2,39,4,1,1410,5,5,2,2000,45,3,1,187.6839118,1,2
30,2,40,4,1,1410,5,6,2,3500,45,3,1,187.6839118,1,2
31,2,35,4,2,1702,11,2,1,3500,48,3,1,137.0186577,1,2
31,2,39,4,2,1410,11,2,2,4000,53,3,1,137.0186577,1,2
31,2,20,4,2,2930,11,2,1,6000,70,3,1,146.1647029,1,2
31,2,23,5,2,2930,11,2,1,4800,56,3,1,146.1647029,1,2
31,2,45,4,1,2599,11,2,2,5000,56,3,1,137.0186577,1,2
31,2,45,4,1,2599,11,2,2,5000,56,3,1,137.0186577,1,2
31,1,25,5,2,2610,11,2,1,7500,56,3,1,132.9792775,1,2
31,2,21,5,2,2610,11,2,1,4500,56,3,1,146.1647029,1,2
31,2,19,5,2,2610,11,2,2,4200,56,3,1,146.1647029,1,2
31,1,31,5,1,1410,5,3,2,4500,48,3,1,139.1643602,1,2
31,2,38,4,5,2013,5,2,1,6500,56,3,1,143.3916186,1,2
31,1,36,5,1,2023,5,2,1,7200,56,3,1,139.1643602,1,2
31,1,31,5,5,2013,5,2,1,7000,56,3,1,139.1643602,1,2
31,2,56,4,1,1075,5,2,2,4500,70,3,1,119.1091421,1,2
31,1,23,5,2,3240,11,4,2,2800,48,3,1,182.1010193,1,2
31,2,49,4,1,1621,5,2,2,3200,48,3,1,143.3916186,1,2
31,2,49,4,1,1621,5,3,2,4300,48,3,1,143.3916186,1,2
31,2,58,4,1,1322,5,1,2,5100,49,3,1,102.8716138,1,2
31,2,33,5,1,1322,5,1,2,7000,56,3,1,123.8437868,1,2
31,1,54,5,1,2394,10,2,1,6000,56,3,1,120.1928085,1,2
31,1,47,5,1,1520,11,1,1,5000,48,3,1,116.8229167,1,2
31,2,44,5,1,1520,11,2,1,4800,48,3,1,120.3715311,1,2
31,2,44,5,1,1520,11,1,1,5500,48,3,1,120.3715311,1,2
31,2,31,5,1,1020,3,6,2,4000,52,3,1,111.4217656,1,2
31,2,31,5,1,1020,3,6,2,4000,52,3,1,111.4217656,1,2
31,1,43,4,2,2310,11,1,1,6700,56,3,1,108.1369949,1,2
31,1,43,4,2,2310,11,1,1,6900,56,3,1,108.1369949,1,2
31,1,22,5,1,2220,3,6,2,4120,48,3,1,168.9639409,1,2
31,2,37,5,1,1200,10,2,1,4800,44,3,1,133.0471024,1,2
31,2,37,5,1,1200,10,2,1,4800,44,3,1,133.0471024,1,2
31,2,53,5,1,1520,11,2,1,5000,48,3,1,133.5644059,1,2
31,2,54,5,1,1520,11,2,1,6800,48,3,1,133.5644059,1,2
31,1,37,5,1,2740,5,2,1,7500,52,3,1,120.0223223,1,2
31,1,37,5,1,2740,5,2,1,7700,55,3,1,120.0223223,1,2
31,1,53,5,1,1520,11,2,1,4500,48,3,1,120.0223223,1,2
31,2,35,5,2,1520,11,2,1,6500,56,3,1,123.6681219,1,2
31,1,52,5,1,1520,11,2,1,4500,48,3,1,120.0223223,1,2
31,1,37,5,1,2022,10,2,1,6000,40,3,1,132.9792775,1,2
31,2,47,5,5,2220,10,1,1,10000,48,3,1,151.8550729,1,2
31,2,47,5,1,2220,10,1,1,9000,40,3,1,151.8550729,1,2
31,2,18,5,1,2930,11,3,2,4000,48,3,1,161.9914542,1,2
31,2,53,5,1,1410,5,2,2,5000,48,3,1,142.6429275,1,2
31,1,32,5,5,1520,5,1,1,7100,48,3,1,162.5302281,1,2
31,1,32,5,1,1520,10,1,1,7000,48,3,1,162.5302281,1,2
31,1,67,4,1,2395,3,6,2,8000,48,3,1,135.8360273,1,2
31,1,68,4,1,2395,3,6,2,8000,48,3,1,135.8360273,1,2
31,2,47,4,2,1520,5,2,1,6000,48,3,1,168.495917,1,2
31,1,28,5,1,1520,11,2,1,6800,48,3,1,148.1288155,1,2
31,2,36,5,1,1811,5,1,1,6000,48,3,1,152.6283782,1,2
31,1,46,5,2,2511,10,2,1,7000,48,3,1,148.1288155,1,2
31,2,39,4,2,1520,11,2,1,5000,48,3,1,152.6283782,1,2
31,2,47,5,2,1323,10,1,1,9000,48,3,1,152.6283782,1,2
31,2,43,5,2,1520,11,2,1,6000,48,3,1,152.6283782,1,2
31,2,25,4,1,1520,11,2,1,6100,56,3,1,135.7219512,1,2
31,2,26,4,1,1520,5,2,1,6500,52,3,1,135.7219512,1,2
31,2,34,4,1,2733,11,3,1,5300,48,3,1,135.7219512,1,2
31,2,34,4,1,2930,11,1,1,7100,48,3,1,135.7219512,1,2
31,2,22,5,1,1520,11,3,2,6200,52,3,1,144.7814407,1,2
31,2,34,5,1,1520,5,1,1,5200,54,3,1,135.7219512,1,2
31,2,34,4,1,1520,5,1,1,6500,56,3,1,135.7219512,1,2
31,1,37,5,3,2511,3,6,2,5000,48,3,1,131.7207986,1,2
31,1,37,5,1,2511,3,6,2,4000,48,3,1,131.7207986,1,2
31,2,35,4,1,2029,11,2,1,600,48,3,1,135.7219512,1,2
31,2,37,5,1,1040,5,2,1,7000,56,3,1,135.7219512,1,2
31,2,21,5,1,1410,11,2,1,5500,56,3,1,144.7814407,1,2
31,1,51,4,1,3100,3,6,2,3000,42,3,1,140.114751,1,2
31,1,52,4,1,3100,3,6,2,3700,56,3,1,140.114751,1,2
31,1,49,3,1,3100,3,6,2,7000,48,3,1,140.114751,1,2
31,1,49,3,1,3100,3,6,2,6500,48,3,1,140.114751,1,2
31,2,49,3,1,1520,11,2,1,6000,60,3,1,144.3708784,1,2
31,2,50,3,1,1520,11,2,1,7000,60,3,1,144.3708784,1,2
31,2,21,4,2,1520,5,2,2,7000,60,3,1,154.007687,1,2
31,2,24,3,2,2630,11,2,1,4628,48,3,1,154.007687,1,2
31,2,25,3,2,2630,11,2,1,5000,48,3,1,144.3708784,1,2
31,2,35,3,1,1520,5,1,1,5000,56,3,1,144.3708784,1,2
31,1,35,4,1,2220,5,2,1,5000,48,3,1,140.114751,1,2
31,1,35,3,1,1811,5,1,1,5000,48,3,1,140.114751,1,2
31,2,34,4,1,1520,5,2,1,4500,48,3,1,144.3708784,1,2
31,2,34,3,1,1520,5,1,1,4500,48,3,1,144.3708784,1,2
31,1,51,4,1,3100,3,6,2,6000,56,3,1,140.114751,1,2
31,1,25,4,1,2511,3,6,2,5500,48,3,1,140.114751,1,2
31,1,23,4,1,1520,11,2,1,6000,48,3,1,183.344636,1,2
31,1,36,3,1,3100,3,6,2,6000,48,3,1,140.114751,1,2
31,1,52,4,1,3100,3,6,2,4800,48,3,1,140.114751,1,2
31,2,32,5,1,3211,5,1,1,10500,60,3,1,124.5624161,1,2
31,1,26,4,1,1520,5,2,1,4000,48,3,1,120.8902523,1,2
31,1,47,4,1,3100,3,6,2,6500,52,3,1,120.8902523,1,2
31,2,42,4,1,1520,5,1,1,6000,56,3,1,124.5624161,1,2
31,2,24,5,1,1520,5,2,1,5500,56,3,1,132.8770027,1,2
31,2,29,4,1,1520,11,2,1,7000,60,3,1,146.9697334,1,2
31,2,30,4,1,1520,11,2,1,6000,54,3,1,146.9697334,1,2
31,2,23,4,1,1520,11,2,1,5000,48,3,1,156.7800165,1,2
31,2,29,4,1,2029,11,1,1,5800,53,3,1,146.9697334,1,2
31,2,29,4,1,2029,5,2,1,5400,48,3,1,146.9697334,1,2
31,2,46,5,2,1410,5,1,1,6200,48,3,1,146.9697334,1,2
31,1,31,4,1,2023,5,1,1,14000,45,3,1,142.6369904,1,2
31,2,29,4,1,1520,3,6,2,4400,48,3,1,146.9697334,1,2
31,2,30,4,1,1520,3,6,2,4500,48,3,1,146.9697334,1,2
31,2,22,5,1,1520,5,2,2,4000,48,3,1,156.7800165,1,2
31,2,50,3,1,1520,3,6,2,7200,48,3,1,146.9697334,1,2
31,1,26,3,1,2023,5,1,1,13000,45,3,1,142.6369904,1,2
31,1,26,3,1,2023,5,1,1,7000,48,3,1,142.6369904,1,2
31,2,24,3,1,1520,3,6,2,4000,48,3,1,156.7800165,1,2
31,2,24,3,1,1520,3,6,2,5000,48,3,1,156.7800165,1,2
31,2,28,4,1,1520,11,2,1,6000,60,3,1,146.9697334,1,2
31,2,26,3,1,1520,11,2,1,6000,54,3,1,146.9697334,1,2
31,1,51,4,1,3100,3,6,2,7000,56,3,1,142.6369904,1,2
31,2,44,4,1,1520,5,1,1,6000,48,3,1,146.9697334,1,2
31,2,45,4,1,1520,5,1,1,7000,52,3,1,146.9697334,1,2
31,2,28,4,1,1520,5,1,1,6000,48,3,1,146.9697334,1,2
31,1,27,4,1,2511,3,6,2,4000,48,3,1,135.0900597,1,2
31,1,32,5,1,2013,5,2,1,6500,48,3,1,135.0900597,1,2
31,1,32,5,1,2022,5,1,1,5700,48,3,1,135.0900597,1,2
31,2,35,5,1,1520,5,3,2,3000,48,3,1,139.1935571,1,2
31,2,50,5,1,1702,5,2,2,7000,56,3,1,139.1935571,1,2
31,2,50,5,1,1702,5,2,2,7000,70,3,1,139.1935571,1,2
31,1,46,4,1,311,1,6,2,6000,56,3,1,137.4617251,1,2
31,2,34,5,1,1520,5,3,1,6000,54,3,1,141.6372642,1,2
31,2,34,5,1,1520,5,3,1,6000,48,3,1,141.6372642,1,2
31,1,48,4,1,311,1,6,2,8000,56,3,1,137.4617251,1,2
31,1,48,4,1,311,1,6,2,10000,56,3,1,137.4617251,1,2
31,1,54,4,1,311,1,6,2,7000,56,3,1,137.4617251,1,2
31,1,54,4,1,311,1,6,2,3000,56,3,1,137.4617251,1,2
31,1,42,5,1,1520,5,2,1,5600,48,3,1,137.4617251,1,2
31,1,42,5,1,1520,5,2,1,6300,48,3,1,137.4617251,1,2
31,2,33,5,1,1520,5,2,1,5200,48,3,1,141.6372642,1,2
31,2,33,5,1,1520,5,2,1,5800,48,3,1,141.6372642,1,2
31,1,46,4,1,311,1,6,2,5000,63,3,1,137.4617251,1,2
31,1,41,4,1,311,1,6,2,7800,50,3,1,137.4617251,1,2
31,1,41,4,1,2220,5,2,1,4000,48,3,1,137.4617251,1,2
31,2,38,4,2,1512,5,2,1,4800,48,3,1,141.6372642,1,2
31,2,26,5,1,2593,11,2,1,5000,56,3,1,141.6372642,1,2
31,2,27,5,1,2930,11,3,1,5000,48,3,1,141.6372642,1,2
31,1,56,3,1,311,1,6,2,4000,63,3,1,137.4617251,1,2
31,1,56,3,1,311,1,6,2,4000,56,3,1,137.4617251,1,2
31,1,22,5,1,1702,5,1,1,5700,48,3,1,179.8730667,1,2
31,1,23,5,1,2220,5,2,1,5700,48,3,1,179.8730667,1,2
31,1,53,4,1,311,1,6,2,3000,63,3,1,137.4617251,1,2
31,1,53,4,1,311,1,6,2,3000,40,3,1,137.4617251,1,2
31,1,33,4,1,321,1,6,2,5000,56,3,1,132.9792775,1,2
31,1,33,4,1,322,1,6,2,5000,63,3,1,132.9792775,1,2
31,1,27,3,1,321,1,6,2,5000,63,3,1,132.9792775,1,2
31,1,26,3,1,322,1,6,2,5000,63,3,1,132.9792775,1,2
31,2,26,4,1,1520,5,2,1,4500,40,3,1,137.0186577,1,2
31,1,53,5,1,2731,5,2,2,4500,56,3,1,132.9792775,1,2
31,1,53,5,1,1709,5,2,2,4500,56,3,1,132.9792775,1,2
31,1,28,4,1,311,1,6,2,4500,45,3,1,132.9792775,1,2
31,2,62,3,1,141,1,6,2,800,48,3,1,113.8154025,1,2
31,2,62,3,1,141,1,6,2,800,35,3,1,113.8154025,1,2
31,1,32,4,1,1040,5,2,1,6600,50,3,1,132.9792775,1,2
31,1,32,4,1,1040,5,1,1,7000,48,3,1,132.9792775,1,2
31,2,31,4,1,2593,5,2,1,6000,48,3,1,137.0186577,1,2
31,2,31,4,1,2220,5,1,1,6300,48,3,1,137.0186577,1,2
31,2,59,3,1,1020,3,6,2,4000,63,3,1,113.8154025,1,2
31,2,59,2,1,1020,3,6,2,3200,56,3,1,113.8154025,1,2
31,2,50,3,1,2391,5,2,1,6000,48,3,1,137.0186577,1,2
31,2,50,3,1,2029,5,2,2,4500,48,3,1,137.0186577,1,2
31,2,20,5,1,1520,5,2,1,7000,48,3,1,146.1647029,1,2
31,2,20,5,1,1520,5,2,1,7000,48,3,1,146.1647029,1,2
31,2,50,2,1,2391,3,6,2,5000,56,3,1,137.0186577,1,2
31,1,28,3,1,311,1,6,2,5000,50,3,1,132.9792775,1,2
31,2,26,7,1,1701,5,2,1,5000,48,3,1,137.0186577,1,2
31,2,27,4,5,2220,5,2,1,5000,48,3,1,137.0186577,1,2
31,2,35,4,1,2220,5,2,1,5000,48,3,1,137.0186577,1,2
31,1,28,4,1,1040,5,2,1,7000,63,3,1,132.9792775,1,2
31,2,48,4,1,311,1,6,2,3000,56,3,1,137.0186577,1,2
31,2,48,4,1,311,1,6,2,3000,56,3,1,137.0186577,1,2
31,1,21,3,5,1512,11,3,1,4300,48,3,1,174.0076406,1,2
31,2,25,4,1,1520,5,2,1,4500,48,3,1,137.0186577,1,2
31,2,43,4,1,1520,5,2,2,6500,48,3,1,137.0186577,1,2
31,2,44,4,1,1520,5,2,2,4000,48,3,1,137.0186577,1,2
31,1,23,4,1,1410,5,2,1,4500,48,3,1,174.0076406,1,2
31,1,24,4,1,1520,5,2,2,8000,50,3,1,174.0076406,1,2
31,1,25,4,1,1520,5,2,1,5500,48,3,1,132.9792775,1,2
31,2,47,4,1,1610,11,2,1,4500,54,3,1,142.427289,1,2
31,2,41,4,1,1520,5,2,1,5500,48,3,1,142.427289,1,2
31,2,41,4,1,1520,5,2,1,6000,48,3,1,142.427289,1,2
31,2,31,5,1,1520,5,2,1,6500,50,3,1,142.427289,1,2
31,2,31,4,1,1520,5,2,1,5500,48,3,1,142.427289,1,2
31,1,27,2,1,2220,5,2,1,5000,48,3,1,138.2284595,1,2
31,1,28,5,1,2220,5,2,1,6000,54,3,1,138.2284595,1,2
31,2,46,4,1,1622,5,3,1,4400,69,3,1,142.427289,1,2
31,1,38,3,1,311,1,6,2,3300,63,3,1,138.2284595,1,2
31,1,39,3,1,311,1,6,2,3600,63,3,1,138.2284595,1,2
31,2,37,4,1,2391,5,1,1,5600,48,3,1,142.427289,1,2
31,2,37,4,1,2029,5,2,2,4000,42,3,1,142.427289,1,2
31,2,31,4,5,1520,5,2,1,6000,48,3,1,142.427289,1,2
31,1,33,5,1,1520,5,1,1,6500,48,3,1,138.2284595,1,2
31,1,34,5,2,1520,5,1,1,8000,50,3,1,138.2284595,1,2
31,2,34,4,1,1520,5,1,1,6500,48,3,1,142.427289,1,2
31,1,28,4,1,3100,3,6,2,5000,32,3,1,137.1348799,1,2
31,1,48,4,2,2910,5,2,2,6000,48,3,1,137.1348799,1,2
31,1,48,4,2,2910,5,2,2,5500,48,3,1,137.1348799,1,2
31,1,25,5,1,1520,11,2,1,6000,54,3,1,137.1348799,1,2
31,1,25,5,1,1520,5,2,1,6200,50,3,1,137.1348799,1,2
31,1,27,4,1,2511,3,6,2,4500,48,3,1,137.1348799,1,2
31,1,27,4,1,2511,3,6,2,4000,48,3,1,137.1348799,1,2
31,1,38,2,2,2511,3,6,2,2500,48,3,1,137.1348799,1,2
31,2,25,4,2,1420,11,2,1,6500,55,3,1,141.3004908,1,2
31,2,42,4,1,1520,11,2,1,5390,48,3,1,141.3004908,1,2
31,1,29,5,1,2410,11,2,1,5660,40,3,1,137.1348799,1,2
31,2,40,4,1,1520,11,2,1,6500,60,3,1,141.3004908,1,2
31,2,38,4,1,1410,11,2,1,4500,48,3,1,141.3004908,1,2
31,2,39,4,1,1410,11,2,1,5500,52,3,1,141.3004908,1,2
31,2,46,4,1,1410,3,6,2,2000,48,3,1,141.3004908,1,2
31,1,37,4,1,1520,11,2,1,5100,54,3,1,137.1348799,1,2
31,2,34,4,1,1520,11,2,1,9000,54,3,1,141.3004908,1,2
31,2,35,4,1,1520,11,2,1,9000,60,3,1,141.3004908,1,2
31,2,42,4,1,1520,11,2,1,5300,60,3,1,178.2893378,1,2
31,2,43,4,1,1520,11,2,1,7000,48,3,1,178.2893378,1,2
31,1,48,4,1,2029,11,3,2,5000,48,3,1,173.0332768,1,2
31,2,36,5,1,3240,11,2,1,6390,60,3,1,178.2893378,1,2
31,2,36,5,1,3240,11,2,1,6390,60,3,1,178.2893378,1,2
31,2,30,5,1,1410,11,2,1,6812,54,3,1,178.2893378,1,2
31,2,31,5,1,1410,11,2,1,7312,54,3,1,178.2893378,1,2
31,2,35,4,1,1520,5,2,1,7290,72,3,1,178.2893378,1,2
31,2,35,4,1,1520,5,2,1,7290,72,3,1,178.2893378,1,2
31,2,28,5,1,3240,11,2,2,6500,60,3,1,178.2893378,1,2
31,2,28,5,1,3240,11,2,1,6700,60,3,1,178.2893378,1,2
31,2,45,5,1,1520,11,2,1,9500,70,3,1,178.2893378,1,2
31,2,16,4,1,1520,5,3,1,6000,66,3,1,190.1902158,1,2
31,2,17,4,1,1520,5,2,2,3800,48,3,1,190.1902158,1,2
31,2,16,4,1,1520,5,3,1,6000,66,3,1,190.1902158,1,2
31,2,17,4,1,1520,5,2,2,3800,48,3,1,190.1902158,1,2
31,2,54,4,1,2029,11,2,1,5500,60,3,1,178.2893378,1,2
31,2,55,4,1,2029,11,2,1,5300,48,3,1,148.0971502,1,2
31,2,32,4,1,3240,11,2,1,4800,48,3,1,178.2893378,1,2
31,2,33,4,5,3240,11,2,1,4500,52,3,1,178.2893378,1,2
31,2,27,4,1,1520,11,2,1,5200,48,3,1,178.2893378,1,2
31,2,27,4,1,1520,11,2,1,9021,50,3,1,178.2893378,1,2
31,1,41,4,1,1610,3,2,2,8000,50,3,1,139.9781869,1,2
31,1,41,4,1,1610,3,6,2,4000,56,3,1,139.9781869,1,2
31,2,40,4,1,2599,11,2,1,8500,60,3,1,144.230166,1,2
31,2,40,4,5,2220,11,2,1,9000,56,3,1,144.230166,1,2
31,2,62,3,1,1020,3,6,2,2000,30,3,1,119.8056868,1,2
31,2,60,4,1,322,1,6,2,300,40,3,1,119.8056868,1,2
31,1,22,5,6,2610,5,2,1,11560,70,3,1,183.1659375,1,2
31,1,23,5,1,2610,5,2,1,11560,62,3,1,183.1659375,1,2
31,1,33,4,1,1520,11,2,1,7000,72,3,1,139.9781869,1,2
31,1,33,4,1,1520,11,2,2,4800,48,3,1,139.9781869,1,2
31,2,27,4,1,1520,11,2,1,9000,60,3,1,144.230166,1,2
31,2,27,4,1,1520,11,2,1,9500,60,3,1,144.230166,1,2
31,2,34,4,2,1520,5,2,1,4500,56,3,1,144.230166,1,2
31,2,34,4,1,1520,5,2,1,2500,50,3,1,144.230166,1,2
31,2,30,4,2,1520,11,2,1,7200,60,3,1,144.230166,1,2
31,2,31,4,1,1520,11,2,1,7500,54,3,1,144.230166,1,2
31,2,30,4,1,2029,11,3,2,7000,60,3,1,144.230166,1,2
31,2,48,4,1,1410,5,2,1,5300,48,3,1,144.6308054,1,2
31,2,48,4,2,1410,5,2,1,5500,48,3,1,144.6308054,1,2
31,2,46,4,1,2212,11,4,2,6100,56,3,1,144.6308054,1,2
31,2,46,4,1,1512,3,2,2,6500,60,3,1,144.6308054,1,2
31,2,28,4,1,1410,11,2,1,6390,48,3,1,144.6308054,1,2
31,2,28,5,1,1520,11,2,2,4000,48,3,1,144.6308054,1,2
31,2,29,5,1,1520,11,2,1,6000,60,3,1,144.6308054,1,2
31,2,20,5,1,1410,11,3,1,5000,48,3,1,154.2849642,1,2
31,2,20,5,1,3240,11,6,1,4590,48,3,1,154.2849642,1,2
31,1,26,4,1,1520,5,2,1,7000,48,3,1,140.3670152,1,2
31,1,27,4,1,1520,11,2,1,5390,60,3,1,140.3670152,1,2
31,2,25,4,1,1520,11,2,1,4690,48,3,1,144.6308054,1,2
31,2,39,4,1,1520,11,2,1,5300,48,3,1,144.6308054,1,2
31,2,40,4,1,1520,11,2,1,6200,60,3,1,144.6308054,1,2
31,1,29,5,1,1410,8,2,2,6600,60,3,1,140.3670152,1,2
31,1,29,5,1,1410,5,2,2,6700,60,3,1,140.3670152,1,2
31,1,25,4,1,1410,5,2,2,10200,52,3,1,140.3670152,1,2
31,1,25,4,1,1410,5,2,2,11000,60,3,1,140.3670152,1,2
31,2,30,4,1,1520,11,2,1,6200,48,3,1,144.6308054,1,2
31,2,53,4,1,1520,5,2,2,3800,48,3,1,144.6308054,1,2
31,2,35,4,1,1520,11,2,1,4600,56,3,1,144.6308054,1,2
31,2,42,3,1,1520,11,2,1,5486,54,3,1,144.6308054,1,2
31,2,43,3,1,1520,11,2,1,4500,54,3,1,144.6308054,1,2
31,1,49,4,1,2394,5,2,2,6600,56,3,1,140.3670152,1,2
31,1,49,4,1,2395,5,2,2,6000,56,3,1,140.3670152,1,2
31,2,43,4,1,2599,5,2,2,10000,56,3,1,144.6308054,1,2
31,2,43,4,1,2599,5,2,2,5300,48,3,1,144.6308054,1,2
31,2,28,5,1,2220,11,2,1,8800,48,3,1,144.6308054,1,2
31,2,29,5,1,2790,11,2,1,4500,48,3,1,144.6308054,1,2
31,2,43,5,1,1709,3,6,2,2500,48,3,1,144.6308054,1,2
31,2,44,5,1,322,1,6,2,4000,48,3,1,144.6308054,1,2
31,2,33,4,1,2212,11,2,1,7000,56,3,1,144.6308054,1,2
31,2,33,4,1,2212,11,2,1,5000,56,3,1,144.6308054,1,2
31,2,40,4,2,1520,11,2,1,5200,45,3,2,261.6997175,1,2
31,2,41,4,2,1520,11,2,1,6000,48,3,2,261.6997175,1,2
31,1,17,4,1,2410,3,6,2,4000,48,3,2,273.5697267,1,2
31,1,18,4,2,2431,3,6,2,6800,40,3,2,273.5697267,1,2
31,1,55,2,2,2593,5,6,2,4150,54,3,2,261.2018386,1,2
31,1,56,3,2,2431,5,6,2,4600,56,3,2,261.2018386,1,2
31,2,16,4,1,1321,3,6,2,1500,25,3,2,343.4468531,1,2
31,1,57,3,2,1622,3,6,2,4300,55,3,2,261.2018386,1,2
31,1,58,3,2,3100,3,6,2,5100,56,3,2,261.2018386,1,2
31,1,56,3,2,2599,3,6,2,4000,40,3,2,261.2018386,1,2
31,1,57,3,1,2431,5,4,2,5500,48,3,2,261.2018386,1,2
31,2,41,3,2,1520,11,2,1,5900,48,3,2,261.6997175,1,2
31,2,42,3,2,1520,11,2,1,6120,54,3,2,261.6997175,1,2
31,2,33,5,2,1410,11,2,1,5500,48,3,2,261.6997175,1,2
31,2,34,5,1,1410,11,2,1,6000,48,3,2,261.6997175,1,2
31,2,50,3,1,2392,5,2,2,4000,36,3,2,261.6997175,1,2
31,2,51,3,1,2392,5,2,2,4300,48,3,2,261.6997175,1,2
31,1,22,2,1,2392,5,2,2,4000,36,3,2,273.5697267,1,2
31,1,23,1,1,2392,5,2,2,4000,48,3,2,273.5697267,1,2
31,2,23,5,1,2930,11,2,1,5800,44,3,2,343.4468531,1,2
31,2,23,5,2,2733,11,2,1,6700,48,3,2,343.4468531,1,2
31,2,20,5,1,1410,11,2,1,5200,44,3,2,343.4468531,1,2
31,2,21,5,1,1410,11,2,1,5800,48,3,2,343.4468531,1,2
31,2,34,3,2,1520,11,1,1,6000,48,3,2,261.6997175,1,2
31,2,35,3,2,1520,11,3,1,5600,48,3,2,261.6997175,1,2
31,1,33,3,2,2431,5,2,1,4000,48,3,2,261.2018386,1,2
31,2,33,4,2,1410,11,2,1,7000,48,3,2,261.6997175,1,2
31,2,33,4,2,1410,11,2,1,5000,48,3,2,261.6997175,1,2
31,2,42,4,1,1520,11,2,1,7000,48,3,2,261.6997175,1,2
31,1,37,2,1,2431,3,6,2,3000,48,3,2,261.2018386,1,2
31,1,37,2,2,2431,5,2,1,7400,40,3,2,261.2018386,1,2
31,2,35,4,2,1520,5,2,1,4800,48,3,2,261.6997175,1,2
31,2,34,4,2,1520,5,2,1,5000,48,3,2,261.6997175,1,2
31,2,32,3,1,1410,11,2,1,6000,48,3,2,261.6997175,1,2
31,2,33,4,1,1410,11,2,1,4800,48,3,2,261.6997175,1,2
31,2,60,3,1,2930,3,6,2,2600,48,3,2,224.9296054,1,2
31,2,61,3,1,2930,3,6,2,2600,56,3,2,224.9296054,1,2
31,1,32,5,1,2431,5,2,1,5100,46,3,2,244.6409756,1,2
31,1,33,5,1,2431,5,2,1,5400,48,3,2,244.6409756,1,2
31,1,43,4,2,3100,3,6,2,6600,48,3,2,244.6409756,1,2
31,1,43,3,2,2511,3,6,2,6800,40,3,2,244.6409756,1,2
31,1,44,2,2,2511,3,6,2,7000,50,3,2,244.6409756,1,2
31,2,41,5,2,1520,11,2,1,4800,50,3,2,245.1072877,1,2
31,2,42,5,2,1520,11,2,1,4600,48,3,2,245.1072877,1,2
31,2,17,5,1,1410,11,3,1,3600,50,3,2,321.6714464,1,2
31,2,28,5,2,2930,11,2,1,5900,44,3,2,245.1072877,1,2
31,2,29,5,2,2930,11,2,1,5800,48,3,2,245.1072877,1,2
31,1,27,5,2,1410,5,2,1,5260,54,3,2,244.6409756,1,2
31,1,27,5,2,1410,5,2,1,5650,54,3,2,244.6409756,1,2
31,2,26,5,2,2817,11,2,1,5450,48,3,2,245.1072877,1,2
31,2,26,5,2,2620,11,2,1,4780,48,3,2,245.1072877,1,2
31,2,33,4,2,1410,11,2,1,6000,48,3,2,245.1072877,1,2
31,2,33,3,2,1410,11,2,1,5400,50,3,2,245.1072877,1,2
31,1,26,5,2,1410,11,2,1,5100,48,3,2,239.2158119,1,2
31,1,26,5,2,1410,11,2,1,7500,45,3,2,239.2158119,1,2
31,2,21,5,2,1410,11,2,1,5300,48,3,2,314.5380532,1,2
31,2,21,5,1,1410,11,2,1,8300,48,3,2,314.5380532,1,2
31,1,18,5,1,1410,11,2,2,4800,50,3,2,250.5426632,1,2
31,1,37,3,1,311,1,6,2,9000,42,3,2,240.5443461,1,2
31,1,37,3,1,311,1,6,2,9000,60,3,2,240.5443461,1,2
31,2,23,5,2,1410,11,2,1,8600,48,3,2,314.5380532,1,2
31,2,24,5,2,1410,11,2,1,5300,48,3,2,314.5380532,1,2
31,1,26,5,1,3315,3,6,2,7000,50,3,2,239.2158119,1,2
31,2,19,5,1,1410,11,2,1,8800,45,3,2,314.5380532,1,2
31,1,28,5,1,311,1,6,2,10000,42,3,2,240.5443461,1,2
31,2,42,4,2,1520,11,2,1,6200,50,3,2,239.6717831,1,2
31,2,43,4,1,1520,11,2,2,4200,48,3,2,239.6717831,1,2
31,2,42,4,1,1324,3,6,2,3000,30,3,2,239.6717831,1,2
31,2,41,4,1,1324,3,6,2,3000,30,3,2,239.6717831,1,2
31,1,48,3,1,311,1,6,2,10000,60,3,2,240.5443461,1,2
31,1,48,3,1,311,1,6,2,9500,56,3,2,240.5443461,1,2
31,1,24,4,1,311,1,6,2,9000,55,3,2,251.9341034,1,2
31,1,25,4,1,311,1,6,2,8500,48,3,2,240.5443461,1,2
31,1,54,4,1,312,1,6,2,3000,42,3,2,240.5443461,1,2
31,1,43,3,1,322,1,6,2,9000,42,3,2,240.5443461,1,2
31,1,43,3,1,321,1,6,2,12000,60,3,2,240.5443461,1,2
31,2,38,2,1,1520,11,2,1,6000,56,3,2,234.5830331,1,2
31,2,24,4,2,1410,11,2,1,5700,60,3,2,307.8597305,1,2
31,2,24,4,1,1410,11,3,1,5600,48,3,2,307.8597305,1,2
31,1,25,5,2,2511,5,6,2,5400,54,3,2,234.1367431,1,2
31,1,25,5,2,2511,5,6,2,5500,50,3,2,234.1367431,1,2
31,2,22,5,1,2817,11,2,1,5300,45,3,2,307.8597305,1,2
31,2,23,5,1,2620,11,2,1,5300,50,3,2,307.8597305,1,2
31,1,38,4,2,1520,11,2,1,4500,50,3,2,234.1367431,1,2
31,1,38,4,2,1520,11,1,1,4200,48,3,2,234.1367431,1,2
31,1,28,5,1,1520,11,2,1,4500,48,3,2,234.1367431,1,2
31,1,28,5,2,1520,11,1,1,4700,48,3,2,234.1367431,1,2
31,2,24,5,1,2212,11,2,1,4700,44,3,2,307.8597305,1,2
31,1,32,5,2,3011,11,1,1,6200,48,3,2,234.1367431,1,2
31,2,57,4,1,1410,11,2,1,4500,48,3,2,201.62295,1,2
31,2,57,4,1,1410,11,2,1,4000,50,3,2,201.62295,1,2
31,2,34,4,2,1520,11,2,1,5600,48,3,2,234.5830331,1,2
31,2,34,4,1,1520,11,2,1,5200,48,3,2,234.5830331,1,2
31,2,54,4,1,1520,11,2,1,5300,48,3,2,234.5830331,1,2
31,2,54,4,2,1520,11,1,1,5300,48,3,2,234.5830331,1,2
31,1,23,5,2,1410,5,2,1,5600,48,3,2,245.2231009,1,2
31,1,23,5,2,1410,5,1,1,5800,48,3,2,245.2231009,1,2
31,2,21,5,1,1410,5,1,1,5000,48,3,2,307.8597305,1,2
31,2,35,5,2,1410,11,2,1,5150,54,3,2,234.5830331,1,2
31,2,35,5,2,1410,11,2,1,5300,50,3,2,234.5830331,1,2
31,1,45,3,2,3100,3,6,2,8000,50,3,2,234.1367431,1,2
31,1,45,3,2,3100,3,6,2,9000,52,3,2,234.1367431,1,2
31,2,42,3,2,1520,11,2,1,5800,48,3,2,234.5830331,1,2
31,2,43,3,2,1520,11,2,1,5400,48,3,2,234.5830331,1,2
31,2,20,5,1,1410,11,2,1,5300,48,3,2,307.8597305,1,2
31,2,20,5,1,1410,11,2,1,5200,48,3,2,307.8597305,1,2
31,1,27,5,2,1410,5,2,1,5450,54,3,2,234.1367431,1,2
31,1,28,5,2,1410,5,2,1,4700,48,3,2,234.1367431,1,2
31,2,23,4,2,1410,11,2,1,5140,48,3,2,307.8597305,1,2
31,2,23,4,2,1410,11,1,1,5500,48,3,2,307.8597305,1,2
31,1,42,3,1,145,10,2,1,4500,56,3,2,279.2201037,1,2
31,1,42,3,1,145,10,2,1,4500,48,3,2,279.2201037,1,2
31,2,52,4,1,2732,11,2,2,4500,42,3,2,255.1493087,1,2
31,2,53,4,1,2732,11,1,1,4200,50,3,2,255.1493087,1,2
31,1,61,3,1,2396,3,6,2,5000,64,3,2,218.8823482,1,2
31,1,61,3,2,2396,3,6,2,4500,56,3,2,218.8823482,1,2
31,1,31,5,2,2733,11,2,1,8500,48,3,2,254.6638918,1,2
31,2,33,4,2,1520,11,2,1,5300,48,3,2,255.1493087,1,2
31,2,39,4,1,129,5,6,2,4500,48,3,2,253.4930476,1,2
31,2,39,4,1,129,5,1,2,4500,45,3,2,253.4930476,1,2
31,1,51,5,1,2592,5,3,2,4000,60,3,2,260.3230894,1,2
31,1,51,5,1,2592,6,2,2,4000,60,3,2,260.3230894,1,2
31,2,28,4,2,1520,5,2,2,7300,48,3,2,260.8192933,1,2
31,2,21,5,2,1410,11,3,1,5500,48,3,1,140.4215473,1,2
31,2,21,5,2,1323,11,2,1,5800,48,3,1,140.4215473,1,2
31,1,66,4,1,1410,5,3,2,2500,48,3,1,106.1198298,1,2
31,1,66,4,1,1410,5,2,2,1500,56,3,1,106.1198298,1,2
31,2,41,4,2,2220,5,2,1,5800,54,3,1,131.6348718,1,2
31,2,42,4,2,1520,5,2,1,6200,48,3,1,131.6348718,1,2
31,2,37,4,2,2220,5,2,1,5400,48,3,1,131.6348718,1,2
31,2,37,4,1,1520,5,2,1,6400,48,3,1,131.6348718,1,2
31,2,44,4,2,1520,5,2,1,8000,54,3,1,131.6348718,1,2
31,2,50,4,2,2220,5,2,1,5400,48,3,1,131.6348718,1,2
31,2,51,4,2,1520,5,2,1,6000,54,3,1,131.6348718,1,2
31,1,29,5,2,1812,3,6,2,5000,48,3,1,127.7542083,1,2
31,1,30,5,2,1811,3,6,2,5200,56,3,1,127.7542083,1,2
31,1,41,4,2,1520,3,6,2,3800,40,3,1,127.7542083,1,2
31,2,38,4,2,1520,5,2,1,5800,54,3,1,131.6348718,1,2
31,2,20,5,2,1410,11,2,1,5200,48,3,1,140.4215473,1,2
31,2,21,5,2,2732,11,2,1,5400,54,3,1,140.4215473,1,2
31,2,27,4,1,1520,5,3,1,6500,54,3,2,286.2087821,1,2
31,2,33,4,2,1520,5,2,1,6000,48,3,2,286.2087821,1,2
31,2,30,4,2,1410,3,5,2,5200,48,3,2,286.2087821,1,2
31,2,41,4,2,1520,5,2,2,5300,48,3,2,286.2087821,1,2
31,2,26,4,1,1520,5,4,2,3800,48,3,2,286.2087821,1,2
31,2,32,2,2,1520,5,3,1,4800,54,3,2,286.2087821,1,2
31,2,33,2,2,1520,5,3,1,4500,48,3,2,286.2087821,1,2
31,1,35,4,6,1520,5,2,1,6800,48,3,2,285.6642751,1,2
31,2,30,4,2,1520,5,2,1,6400,48,3,2,286.2087821,1,2
31,2,34,4,2,1520,5,2,1,6400,54,3,2,286.2087821,1,2
31,2,34,4,2,1520,5,2,1,5200,48,3,2,286.2087821,1,2
31,1,27,2,1,121,1,6,2,5000,56,3,2,287.2507704,1,2
31,2,38,4,2,1520,5,2,1,6000,54,3,2,286.2087821,1,2
31,1,51,5,2,1520,5,2,1,7000,56,3,2,226.0169458,1,2
31,2,48,4,1,1520,5,2,1,5200,48,3,2,226.4477585,1,2
31,2,29,5,1,1520,5,3,2,4200,48,3,2,226.4477585,1,2
31,2,21,5,2,2610,11,2,1,5800,54,3,2,297.1832404,1,2
31,2,21,5,2,2610,11,2,1,6500,48,3,2,297.1832404,1,2
31,2,40,4,1,1520,5,2,1,5200,48,3,2,226.4477585,1,2
31,2,52,5,2,1520,5,2,1,5200,48,3,2,226.4477585,1,2
31,2,41,4,2,1520,5,2,1,8400,54,3,2,226.4477585,1,2
31,2,47,4,2,1520,5,2,1,6100,54,3,2,226.4477585,1,2
31,2,47,4,1,1520,5,3,1,5500,50,3,2,226.4477585,1,2
31,2,21,5,2,2732,11,2,1,4600,48,3,2,297.1832404,1,2
31,1,42,4,2,2399,5,2,1,5700,40,3,2,226.0169458,1,2
31,2,41,4,2,1520,5,2,1,6000,54,3,2,226.4477585,1,2
31,2,41,4,2,1520,5,3,1,6200,54,3,2,226.4477585,1,2
31,2,32,5,2,2732,11,2,1,5700,54,3,2,226.4477585,1,2
31,2,33,4,2,1520,5,2,1,5800,54,3,2,226.4477585,1,2
31,2,26,5,2,2732,11,2,1,6200,50,3,2,226.4477585,1,2
31,1,25,5,1,2930,11,2,1,5500,48,3,2,257.6667313,1,2
31,1,25,5,1,2930,11,2,1,6500,48,3,2,257.6667313,1,2
31,2,34,5,1,1520,11,2,1,6800,56,3,2,258.157872,1,2
31,2,30,4,1,1520,5,2,1,6500,48,3,2,258.157872,1,2
31,2,31,4,1,1520,5,2,1,5000,48,3,2,258.157872,1,2
31,2,32,4,5,1520,5,2,1,5500,48,3,2,258.157872,1,2
31,2,22,4,1,1520,5,4,2,4000,66,3,2,338.7986414,1,2
31,1,61,4,2,1622,3,6,2,2000,16,3,2,221.4632738,1,2
31,2,39,4,2,1520,5,2,1,6730,60,3,2,258.157872,1,2
31,2,40,4,2,1520,5,2,1,6700,60,3,2,258.157872,1,2
31,2,20,4,1,1520,5,2,1,5260,54,3,2,338.7986414,1,2
31,2,20,4,1,1520,5,2,1,6500,60,3,2,338.7986414,1,2
31,2,37,4,1,2392,10,3,2,4500,40,3,2,258.157872,1,2
31,2,37,4,1,2392,10,3,2,4500,48,3,2,258.157872,1,2
31,2,35,4,1,1709,3,6,2,4700,48,3,2,258.157872,1,2
31,2,35,4,1,1709,3,6,2,4500,48,3,2,258.157872,1,2
31,1,60,4,1,1520,5,3,2,3600,72,3,2,221.4632738,1,2
31,1,60,4,1,1520,5,2,2,3600,56,3,2,221.4632738,1,2
31,2,33,4,1,2733,11,2,1,5350,48,3,2,286.2299535,1,2
31,1,37,4,1,1410,5,2,1,5000,48,3,2,285.6854062,1,2
31,2,32,4,5,1410,5,2,1,5500,48,3,2,286.2299535,1,2
31,2,45,4,1,1020,3,6,2,6000,56,3,2,286.2299535,1,2
31,1,17,4,1,1520,3,2,2,5200,55,3,2,299.2125895,1,2
31,2,22,5,1,1520,5,2,1,6280,60,3,2,375.6395984,1,2
31,2,42,4,2,1520,5,2,1,6380,60,3,2,286.2299535,1,2
31,2,35,4,2,3240,5,2,1,6000,54,3,2,286.2299535,1,2
31,1,27,3,1,1520,5,2,2,4000,55,3,2,285.6854062,1,2
31,2,49,3,1,3240,5,2,1,7500,54,3,2,286.702124,1,2
31,1,52,4,1,1104,5,2,2,5500,70,3,2,286.1566784,1,2
31,1,27,3,2,161,1,6,2,8000,30,3,2,287.7459084,1,2
31,2,43,3,1,1520,3,2,2,9000,48,3,2,286.702124,1,2
31,2,31,4,1,3240,5,2,1,6700,60,3,2,286.702124,1,2
31,2,37,4,1,1410,5,2,2,5500,60,3,2,286.702124,1,2
31,1,19,5,1,1520,5,2,2,4700,60,3,2,299.7061764,1,2
31,1,20,5,1,1520,5,2,2,4700,54,3,2,299.7061764,1,2
31,2,43,4,1,2029,11,2,2,5000,48,3,2,253.5338382,1,2
31,2,21,5,1,1520,3,6,2,3000,48,3,2,332.7301983,1,2
31,2,44,4,1,2029,5,2,2,6000,48,3,2,253.5338382,1,2
31,2,38,4,1,1520,5,2,2,5200,52,3,2,253.5338382,1,2
31,2,38,4,1,1520,5,2,1,4200,48,3,2,253.5338382,1,2
31,2,41,4,1,1520,5,2,1,4800,48,3,2,253.5338382,1,2
31,2,55,4,1,1520,5,3,2,5200,48,3,2,217.9110727,1,2
31,2,46,4,1,1071,3,6,2,3800,45,3,1,126.1825398,1,2
31,2,47,4,1,1071,3,6,2,3500,56,3,1,126.1825398,1,2
31,2,17,3,1,1410,5,2,2,3700,48,3,1,134.6052702,1,2
31,2,17,2,1,1410,3,6,2,3800,52,3,1,134.6052702,1,2
31,2,45,3,1,1080,3,6,2,6000,48,3,1,126.1825398,1,2
31,2,45,4,2,1520,11,2,1,8000,56,3,1,126.1825398,1,2
31,1,26,4,1,1520,5,3,1,5500,48,3,1,122.4626139,1,2
31,1,26,4,2,1520,5,2,1,6300,48,3,1,122.4626139,1,2
31,2,25,5,1,1520,5,2,2,4200,48,3,1,126.1825398,1,2
31,1,57,4,1,2511,3,6,2,3500,30,3,1,122.4626139,1,2
31,1,57,4,2,2511,3,6,2,6000,48,3,1,122.4626139,1,2
31,1,31,5,2,2391,3,6,2,6500,48,3,1,122.4626139,1,2
31,2,39,4,1,1410,3,6,2,4500,48,3,1,126.1825398,1,2
31,2,36,4,2,1520,5,2,1,5400,48,3,1,126.1825398,1,2
31,2,24,5,1,1520,11,2,1,6800,48,3,1,134.6052702,1,2
31,1,55,5,1,2610,11,2,2,5000,56,3,2,249.0046942,1,2
31,1,56,5,1,2610,11,3,2,5000,56,3,2,249.0046942,1,2
31,1,17,5,1,2610,11,3,2,4000,48,3,2,260.7950484,1,2
31,2,49,5,1,1520,5,2,1,6000,48,3,2,249.4793241,1,2
31,2,49,5,1,1520,5,2,2,6000,48,3,2,249.4793241,1,2
31,1,27,5,1,2610,11,2,1,6500,52,3,2,249.0046942,1,2
31,1,27,5,1,2610,11,3,2,7000,56,3,2,249.0046942,1,2
31,2,30,5,1,1520,5,2,2,6400,55,3,2,249.4793241,1,2
31,2,37,5,2,1410,5,2,1,6800,48,3,2,249.4793241,1,2
31,2,23,5,1,1520,11,2,1,6000,56,3,2,344.6850571,1,2
31,2,54,4,1,1709,3,6,2,800,30,3,2,262.6432045,1,2
31,2,55,4,1,1520,3,4,2,2600,48,3,2,225.7405277,1,2
31,1,37,4,1,322,1,6,2,5000,55,3,2,263.5993986,1,2
31,2,36,3,2,1520,5,2,1,6500,48,3,2,264.7121186,1,2
31,2,36,3,1,1520,11,3,1,5800,48,3,2,264.7121186,1,2
31,2,30,5,2,2610,11,2,1,5500,48,3,2,264.7121186,1,2
31,2,28,4,1,1520,5,3,2,6000,48,3,2,264.7121186,1,2
31,1,46,4,1,2395,3,6,2,8500,48,3,2,264.2085086,1,2
31,2,42,4,1,1520,5,2,2,5500,56,3,2,264.7121186,1,2
31,2,43,4,1,1520,11,2,2,6000,48,3,2,264.7121186,1,2
31,1,21,4,1,1520,5,2,2,5000,48,3,2,276.7187624,1,2
31,1,63,4,1,1520,5,3,2,4500,56,3,2,227.0858989,1,2
31,2,61,4,1,146,1,6,2,2500,45,3,2,228.7823213,1,2
31,1,47,4,1,2395,3,6,2,7200,45,3,2,264.2085086,1,2
31,1,22,4,1,1520,5,2,2,6300,52,3,2,276.7187624,1,2
31,1,21,4,1,1520,5,2,2,5200,52,3,2,276.7187624,1,2
31,2,50,4,1,1410,5,2,1,6400,52,3,2,264.7121186,1,2
31,1,23,5,1,3240,11,2,2,4570,48,3,2,314.1787428,1,2
31,2,47,4,1,3240,11,3,1,6200,60,3,2,258.358734,1,2
31,2,37,4,2,3240,11,2,1,6500,56,3,2,258.358734,1,2
31,2,28,4,2,1702,11,3,1,6700,62,3,2,258.358734,1,2
31,1,37,5,2,1410,5,2,1,7000,56,3,2,257.8672112,1,2
31,1,25,4,2,1410,11,2,1,9700,54,3,2,257.8672112,1,2
31,2,34,4,2,2212,11,2,1,5600,48,3,2,258.358734,1,2
31,2,35,4,2,2212,11,3,1,7500,70,3,2,258.358734,1,2
31,2,46,3,2,3240,11,4,2,5800,40,3,2,258.358734,1,2
31,2,23,5,2,1410,11,3,1,5800,58,3,2,340.6052463,1,2
31,1,29,3,2,1622,3,6,2,7000,52,3,2,259.0407096,1,2
31,2,44,1,1,1520,5,3,2,4200,56,3,2,259.5344692,1,2
31,2,44,3,1,3240,5,2,2,5100,66,3,2,259.5344692,1,2
31,1,49,4,2,3100,3,6,2,6200,48,3,2,285.1330013,1,2
33,1,40,4,1,1410,5,6,2,2900,60,3,1,11.04572238,1,2
33,1,57,4,1,2022,5,1,1,11000,48,3,1,13.93517543,1,2
33,1,58,4,1,2022,5,1,1,60,60,3,1,13.93517543,1,2
33,2,34,5,1,1410,3,6,2,2000,58,3,1,15.90459217,1,2
33,2,34,5,1,1410,3,6,2,3500,50,3,1,15.90459217,1,2
33,2,15,4,1,1410,5,4,2,3000,63,3,2,26.62487301,1,2
33,2,53,4,1,163,1,6,2,1500,35,3,2,23.87644229,1,2
33,2,79,1,1,1074,3,6,2,500,21,3,2,20.40834146,1,2
33,2,79,1,1,1071,3,6,2,500,18,3,2,20.40834146,1,2
33,2,64,3,1,161,1,6,2,400,16,3,2,125.9856976,1,2
33,2,48,4,1,2392,5,6,2,5000,63,3,2,145.7714947,1,2
33,2,70,3,1,163,1,7,2,700,30,3,2,125.9856976,1,2
33,2,53,3,1,163,1,6,2,3500,56,3,2,146.5810667,1,2
33,2,46,4,1,1073,3,6,2,1600,42,3,2,145.7714947,1,2
33,2,47,4,5,2220,5,2,2,5700,66,3,1,15.42982822,1,2
33,2,48,4,2,2220,5,2,2,5700,66,3,1,15.42982822,1,2
33,1,49,4,2,1020,5,2,1,5600,48,3,1,13.74546801,1,2
33,2,47,4,2,1020,5,2,1,5200,48,3,1,13.67199969,1,2
33,2,47,5,2,2220,5,2,1,7000,65,3,1,13.67199969,1,2
33,2,60,4,2,2220,3,6,2,4760,63,3,1,11.3567318,1,2
33,1,51,5,1,2395,5,2,2,6000,56,3,1,13.74546801,1,2
33,1,21,4,2,1020,5,2,1,6200,63,3,1,24.26010534,1,2
33,2,59,5,1,2910,5,2,2,2080,48,3,2,128.0870181,1,2
33,2,60,4,1,2816,5,2,2,2300,48,3,2,128.0870181,1,2
33,2,51,3,1,1410,3,6,2,600,49,3,2,149.0258981,1,2
33,2,51,3,1,1410,3,6,2,600,49,3,2,149.0258981,1,2
33,2,16,4,1,1410,3,6,2,550,42,3,2,167.1032699,1,2
33,1,29,4,2,2220,3,6,2,9000,75,3,2,138.1685289,1,2
33,2,33,4,2,2220,3,6,2,9000,75,3,2,135.3774483,1,2
33,1,28,5,2,2731,5,2,1,5800,48,3,2,138.1685289,1,2
33,2,22,5,2,2930,5,2,1,5500,48,3,2,151.7992146,1,2
33,2,33,4,2,2610,5,2,1,5500,50,3,2,135.3774483,1,2
33,1,64,4,1,1010,3,6,2,4500,28,3,2,118.7551633,1,2
33,1,64,4,1,1010,3,6,2,4500,28,3,2,118.7551633,1,2
33,1,45,4,1,1075,3,6,2,5200,60,3,2,138.1685289,1,2
33,1,28,4,1,2410,5,2,2,5000,48,3,2,159.4902159,1,2
33,2,19,5,1,2610,11,2,1,4000,48,3,2,175.2243416,1,2
33,2,50,4,1,2011,5,2,1,4500,48,3,2,156.2684254,1,2
33,2,50,4,1,2029,5,2,1,4500,60,3,2,156.2684254,1,2
33,1,35,4,2,2640,11,2,1,6000,48,3,2,159.4902159,1,2
33,2,50,3,2,1410,5,3,2,4000,54,3,2,156.2684254,1,2
33,2,20,4,1,2620,11,4,2,4500,48,3,2,168.150182,1,2
33,2,20,4,1,2610,11,2,2,4500,48,3,2,168.150182,1,2
33,1,22,4,1,2620,11,4,2,4500,48,3,2,156.0652288,1,2
33,1,22,4,2,2610,11,2,2,4500,48,3,2,156.0652288,1,2
33,1,26,5,1,1702,5,4,2,7600,72,3,2,153.0512746,1,2
33,2,47,4,1,118,1,6,2,2300,32,3,1,97.92912086,1,2
33,2,48,4,1,118,1,6,2,1500,25,3,1,97.92912086,1,2
33,1,46,4,1,2393,3,6,2,5000,35,3,1,98.45535607,1,2
33,1,47,4,1,2393,3,6,2,8400,48,3,1,98.45535607,1,2
33,2,64,4,1,1410,9,3,2,3500,35,3,1,81.34543492,1,2
33,2,64,4,1,1410,10,4,2,3800,42,3,1,81.34543492,1,2
33,2,69,5,1,118,1,6,2,2300,30,3,1,81.34543492,1,2
33,2,71,4,1,118,1,6,2,2400,32,3,1,81.34543492,1,2
33,1,63,3,1,1410,3,6,2,3000,48,3,1,82.68428069,1,2
33,1,63,3,1,1410,3,6,2,3000,48,3,1,82.68428069,1,2
33,2,62,4,1,1410,3,6,2,4000,40,3,1,82.24234048,1,2
33,2,63,4,1,1410,3,6,2,4000,35,3,1,82.24234048,1,2
33,1,73,3,1,1410,3,6,2,300,18,3,2,20.70412619,1,2
33,1,74,3,1,1410,3,6,2,400,12,3,2,20.70412619,1,2
33,2,73,3,1,1410,3,6,2,300,18,3,2,20.28589141,1,2
33,2,74,3,1,1410,3,6,2,400,14,3,2,20.28589141,1,2
33,2,60,5,1,1629,5,2,2,3500,42,3,2,20.28589141,1,2
33,2,61,5,1,1629,5,2,1,3500,42,3,2,20.28589141,1,2
33,2,59,4,1,2610,11,2,2,3000,48,3,2,133.7228469,1,2
33,2,59,4,1,2610,11,2,2,3000,32,3,2,133.7228469,1,2
33,1,49,4,1,1410,11,2,2,4000,48,3,2,158.7906974,1,2
33,2,40,3,1,1410,3,6,2,2000,24,3,2,151.8340488,1,2
33,2,47,5,1,2392,5,1,1,8000,60,3,2,154.9320626,1,2
33,2,47,5,1,2392,3,7,2,6000,60,3,2,154.9320626,1,2
33,1,45,5,1,2392,5,1,1,7500,60,3,2,158.1263012,1,2
33,1,46,5,1,2392,3,7,2,6000,60,3,2,158.1263012,1,2
33,2,40,3,1,1709,3,6,2,6000,54,3,2,152.9158998,1,2
33,2,40,4,1,1701,3,6,2,3500,45,3,2,152.9158998,1,2
33,2,17,4,1,1709,3,6,2,5000,56,3,2,171.4651427,1,2
33,2,46,4,1,1410,11,6,2,3500,53,3,2,152.9158998,1,2
33,2,44,5,1,1709,3,7,2,5000,54,3,2,152.9158998,1,2
33,2,44,5,1,1709,3,7,2,5000,50,3,2,152.9158998,1,2
33,2,48,5,1,1709,3,7,2,3500,50,3,2,152.9158998,1,2
33,2,48,5,1,1709,3,7,2,4000,60,3,2,152.9158998,1,2
33,1,55,5,1,1709,3,7,2,4000,56,3,2,156.0685712,1,2
33,1,55,5,1,1709,3,7,2,4000,62,3,2,156.0685712,1,2
33,2,54,5,1,1709,3,7,2,4000,56,3,2,152.9158998,1,2
33,2,54,5,1,1709,3,7,2,4000,62,3,2,152.9158998,1,2
33,2,56,4,1,1322,5,2,2,3500,52,3,2,137.2418692,1,2
33,2,49,4,5,2599,5,3,1,5500,50,3,2,159.6773281,1,2
33,1,59,4,1,161,4,3,2,700,30,3,2,172.8785766,1,2
33,1,33,4,1,1410,11,2,1,5000,48,3,2,171.9237626,1,2
33,2,52,4,1,163,1,6,2,2000,20,3,2,152.2188,1,2
33,2,42,4,1,163,1,6,2,2200,15,3,2,152.2188,1,2
33,2,62,4,2,2029,3,7,2,2000,50,3,2,130.1087159,1,2
33,1,21,5,2,1410,5,2,1,5000,45,3,2,157.5415215,1,2
33,2,28,5,2,3211,3,7,2,1200,56,3,2,151.3780906,1,2
33,1,50,4,1,118,1,6,2,10800,56,3,2,169.0650786,1,2
33,1,51,4,1,2393,3,5,2,4800,48,3,2,168.1313267,1,2
33,2,45,4,1,2393,3,5,2,4200,48,3,2,164.734981,1,2
33,1,30,3,2,1410,3,6,2,4400,56,3,2,168.1313267,1,2
33,2,31,5,2,1410,5,2,2,5760,56,3,2,164.734981,1,2
33,2,33,4,2,2393,3,6,2,6500,56,3,2,164.734981,1,2
33,2,30,5,1,1410,5,3,1,4850,56,3,2,164.734981,1,2
33,2,40,4,1,2392,5,5,2,5600,48,3,2,24.4966449,1,2
33,1,49,4,1,1010,3,6,2,3800,35,3,2,25.00169291,1,2
33,2,58,4,1,121,1,6,2,2800,40,3,2,133.5381559,1,2
33,2,44,4,1,161,1,6,2,1680,45,3,2,155.3681545,1,2
33,2,54,4,1,164,1,6,2,1960,45,3,2,155.3681545,1,2
33,1,20,6,2,1410,11,3,1,4350,48,3,2,160.8010013,1,2
33,1,39,3,1,1080,5,2,1,7000,48,3,1,98.51495375,1,2
33,1,39,3,1,1080,5,2,2,6000,50,3,1,98.51495375,1,2
33,1,46,4,2,1702,5,2,1,8000,48,3,1,98.51495375,1,2
33,1,25,5,1,2220,5,2,1,3500,54,3,1,98.51495375,1,2
33,2,24,5,2,1410,11,2,1,4000,48,3,1,150.9190106,1,2
33,1,28,4,1,2220,5,2,1,3000,48,3,1,98.51495375,1,2
33,2,26,5,2,1702,5,2,1,6000,48,3,1,97.98839999,1,2
33,2,27,5,1,2220,5,2,1,4000,48,3,1,97.98839999,1,2
33,2,30,5,2,1410,11,2,1,3500,40,3,1,97.98839999,1,2
33,1,34,4,1,1410,11,2,1,5300,54,3,2,129.6790696,1,2
33,1,34,4,2,1410,11,2,1,5600,54,3,2,129.6790696,1,2
33,2,30,4,2,1410,11,2,1,5300,54,3,2,127.0594807,1,2
33,2,31,4,2,1410,11,2,1,5600,54,3,2,127.0594807,1,2
33,1,44,4,2,3100,3,6,2,6100,60,3,2,129.6790696,1,2
33,2,42,4,1,1410,5,2,2,4600,60,3,2,127.0594807,1,2
33,2,42,4,2,1410,5,2,1,5200,60,3,2,127.0594807,1,2
33,1,58,5,2,1410,5,2,1,5200,56,3,2,129.6790696,1,2
33,1,58,5,1,1410,5,2,1,5200,70,3,2,129.6790696,1,2
33,2,31,5,2,1410,5,2,1,5400,60,3,2,127.0594807,1,2
33,1,21,5,2,1410,5,2,1,4800,60,3,2,132.2327678,1,2
33,1,22,5,2,1410,5,2,1,5300,60,3,2,132.2327678,1,2
33,1,38,4,2,1410,5,2,1,5300,60,3,2,129.6790696,1,2
33,1,39,4,2,1410,5,2,1,5600,60,3,2,129.6790696,1,2
33,2,37,4,2,1410,11,2,1,5800,60,3,2,127.0594807,1,2
33,2,38,4,2,1410,11,2,1,6200,60,3,2,127.0594807,1,2
33,1,23,3,2,1410,5,2,1,5400,60,3,2,132.2327678,1,2
33,1,21,5,2,1410,5,2,1,4800,60,3,2,132.2327678,1,2
33,1,22,5,2,1410,5,2,1,5200,60,3,2,132.2327678,1,2
33,1,16,4,2,1410,5,2,1,4500,60,3,2,132.2327678,1,2
33,1,17,3,2,1410,5,2,1,4900,60,3,2,132.2327678,1,2
33,2,38,4,2,1410,5,3,1,5600,60,3,2,127.0594807,1,2
33,1,16,3,2,1410,5,5,2,3500,60,3,2,132.2327678,1,2
33,2,40,4,2,1410,11,2,1,4000,54,3,2,152.6101133,1,2
33,2,40,4,2,1410,11,2,1,5300,48,3,2,152.6101133,1,2
33,2,36,4,2,2640,5,2,1,4900,60,3,2,152.6101133,1,2
33,2,18,5,2,1410,11,3,1,4200,60,3,2,171.1222632,1,2
33,2,47,3,2,2029,3,6,2,3500,30,3,2,152.6101133,1,2
33,2,47,3,2,2029,5,2,2,4800,54,3,2,152.6101133,1,2
33,1,22,4,2,2511,3,6,2,4000,48,3,2,158.8237066,1,2
33,1,23,4,2,2511,3,6,2,5000,60,3,2,158.8237066,1,2
33,2,39,2,2,2029,3,6,2,4500,40,3,2,152.6101133,1,2
33,2,39,4,2,2029,5,2,2,4800,54,3,2,152.6101133,1,2
33,2,37,4,2,1410,11,2,1,4700,50,3,2,152.6101133,1,2
33,2,37,4,2,1410,11,2,1,5300,60,3,2,152.6101133,1,2
33,2,18,4,2,1410,11,3,1,3800,60,3,2,171.1222632,1,2
33,1,47,4,1,2392,5,2,2,3200,40,3,2,155.7564803,1,2
33,1,47,4,2,2392,5,2,2,5800,60,3,2,155.7564803,1,2
33,2,45,4,2,1410,11,2,1,5400,60,3,2,152.6101133,1,2
33,2,39,3,2,1410,11,2,1,5700,60,3,2,152.6101133,1,2
33,2,21,3,2,1410,5,2,1,9800,55,3,2,171.1222632,1,2
33,2,18,5,2,1410,5,3,1,5500,58,3,2,171.1222632,1,2
33,1,25,4,2,2511,3,6,2,5500,49,3,2,155.7564803,1,2
33,2,23,4,2,1410,5,2,1,7800,58,3,2,171.1222632,1,2
33,1,21,5,2,1410,5,2,1,9000,58,3,2,158.8237066,1,2
33,2,27,4,2,1410,5,2,1,4800,40,3,2,152.6101133,1,2
33,2,23,4,2,1410,5,2,1,4700,60,3,2,171.3951855,1,2
33,2,47,5,1,2392,5,2,1,5400,54,3,2,152.8535106,1,2
33,1,22,5,2,1410,11,2,1,4800,60,3,2,159.0770139,1,2
33,2,25,5,2,1410,11,2,1,5400,60,3,2,152.8535106,1,2
33,1,28,5,2,1410,3,6,2,5000,50,3,2,156.0048957,1,2
33,2,29,5,2,1410,3,6,2,5300,50,3,2,152.8535106,1,2
33,1,51,4,1,1410,11,2,2,5100,56,3,2,156.0048957,1,2
33,2,44,4,1,1410,11,2,2,4000,38,3,2,152.8535106,1,2
33,2,45,4,1,1410,11,2,2,5200,48,3,2,152.8535106,1,2
33,1,22,5,2,1410,11,2,1,4800,60,3,2,159.0770139,1,2
33,1,22,5,2,1410,11,2,1,4800,50,3,2,159.0770139,1,2
33,2,19,5,2,1410,11,2,1,4800,60,3,2,171.3951855,1,2
33,2,19,5,2,1410,11,2,1,4800,50,3,2,171.3951855,1,2
33,2,31,5,2,1410,11,2,1,4800,60,3,2,152.8535106,1,2
33,2,31,5,2,1410,11,2,1,5100,60,3,2,152.8535106,1,2
33,2,23,5,2,1410,11,2,1,4900,60,3,2,171.3951855,1,2
33,2,23,5,2,1410,11,2,1,5400,48,3,2,171.3951855,1,2
33,1,44,4,1,2399,5,6,2,6000,48,3,2,154.5449569,1,2
33,1,44,3,1,2392,5,5,2,5000,54,3,2,154.5449569,1,2
33,2,39,4,1,2399,5,6,2,5000,48,3,2,151.4230633,1,2
33,2,39,3,1,2392,5,5,2,4500,48,3,2,151.4230633,1,2
33,2,39,4,1,2399,5,6,2,7000,54,3,2,151.4230633,1,2
33,2,40,4,1,2392,5,6,2,7000,50,3,2,151.4230633,1,2
33,1,28,5,1,2392,5,5,2,4000,48,3,2,154.5449569,1,2
33,2,35,5,1,1410,5,2,1,5000,48,3,2,151.4230633,1,2
33,1,55,4,1,2392,5,6,2,6000,48,3,2,154.5449569,1,2
33,1,55,4,1,2391,5,2,2,5000,48,3,2,154.5449569,1,2
33,1,28,4,1,2392,5,6,2,6000,48,3,2,154.5449569,1,2
33,1,28,4,1,2391,5,2,2,5000,48,3,2,154.5449569,1,2
33,2,20,5,2,1410,5,2,1,4000,48,3,2,169.7912199,1,2
33,2,36,5,2,1410,11,1,1,4000,48,3,2,151.4230633,1,2
33,1,28,4,2,1410,5,2,1,8000,60,3,2,149.9311306,1,2
33,2,27,5,2,2599,11,2,1,8700,60,3,2,146.9024389,1,2
33,2,24,4,2,1410,5,2,1,5800,60,3,2,164.7222276,1,2
33,1,17,4,2,1410,5,2,2,4500,60,3,2,152.8836415,1,2
33,1,17,4,2,1410,5,2,2,4500,60,3,2,152.8836415,1,2
33,2,36,4,2,1410,5,2,1,5800,60,3,2,146.9024389,1,2
33,2,36,4,2,1410,5,2,1,5800,60,3,2,146.9024389,1,2
33,1,29,4,2,1410,5,2,1,5700,60,3,2,149.9311306,1,2
33,1,30,4,2,1410,5,2,1,6000,60,3,2,149.9311306,1,2
33,2,29,4,2,1410,5,2,1,5700,60,3,2,146.9024389,1,2
33,2,30,4,2,1410,5,2,1,6000,60,3,2,146.9024389,1,2
33,1,48,4,2,2599,11,2,1,7600,65,3,2,149.9311306,1,2
33,1,48,4,2,2599,11,2,1,8100,60,3,2,149.9311306,1,2
33,2,43,4,2,1410,11,2,1,5700,50,3,2,146.9024389,1,2
33,2,43,4,2,1410,11,2,1,5800,48,3,2,146.9024389,1,2
33,2,26,5,2,1410,5,2,1,5700,60,3,2,146.9024389,1,2
33,2,26,5,2,1410,5,2,1,5700,60,3,2,146.9024389,1,2
33,2,54,4,2,1410,5,2,1,5100,60,3,2,146.9024389,1,2
33,2,54,4,2,1410,5,2,1,5100,60,3,2,146.9024389,1,2
33,1,28,5,2,1410,5,2,1,5800,60,3,2,149.9311306,1,2
33,1,29,5,2,1410,5,2,1,6000,60,3,2,149.9311306,1,2
33,2,43,4,2,1410,5,2,1,5600,60,3,2,146.9024389,1,2
33,2,43,4,2,1410,5,2,1,5600,60,3,2,146.9024389,1,2
33,1,20,4,2,1410,5,2,1,6700,60,3,2,152.8836415,1,2
33,1,21,4,2,1410,5,2,1,6700,60,3,2,152.8836415,1,2
33,2,49,4,1,1410,11,2,1,4580,60,3,2,146.9024389,1,2
33,2,18,4,2,1410,5,2,1,6000,58,3,2,164.7222276,1,2
33,2,42,4,2,2599,5,2,1,6800,59,3,2,146.9024389,1,2
33,2,38,3,2,1410,5,2,1,9200,55,3,2,146.9024389,1,2
33,2,74,2,1,163,1,6,2,450,52,3,2,131.2891537,1,2
33,2,74,2,1,163,1,6,2,500,58,3,2,131.2891537,1,2
33,2,78,2,1,163,1,7,2,900,49,3,2,131.2891537,1,2
33,2,49,6,1,1702,5,2,1,4500,48,3,2,151.9078477,1,2
33,2,49,7,1,1702,5,3,1,4500,48,3,2,151.9078477,1,2
33,2,45,4,1,163,1,6,2,370,36,3,2,152.7514992,1,2
33,2,38,1,1,1410,3,2,2,4000,48,3,2,151.9078477,1,2
33,2,73,2,1,163,1,6,2,300,52,3,2,131.2891537,1,2
33,2,74,2,1,163,1,6,2,420,58,3,2,131.2891537,1,2
33,2,42,4,1,163,1,6,2,450,35,3,2,125.5015198,1,2
33,2,35,5,1,163,1,6,2,3600,63,3,2,125.5015198,1,2
33,2,42,4,1,163,1,6,2,1300,36,3,2,125.5015198,1,2
33,2,52,4,1,1410,5,2,2,2500,52,3,2,124.8083708,1,2
33,2,52,4,1,1410,5,2,2,2500,52,3,2,124.8083708,1,2
33,2,37,5,1,2392,5,2,1,4600,48,3,2,152.2727602,1,2
33,2,84,1,1,163,1,6,2,210,35,3,2,131.604536,1,2
33,1,58,4,1,161,10,2,2,700,20,3,2,156.2752854,1,2
33,2,46,5,2,1410,5,2,1,6000,48,3,2,152.2727602,1,2
33,2,45,4,1,163,1,6,2,3500,10,3,2,136.5597568,1,2
33,1,25,4,1,1520,5,3,1,3800,50,3,2,153.6684169,1,2
33,2,23,5,1,1520,5,2,1,4800,48,3,2,168.8282069,1,2
33,2,24,5,2,1520,11,2,1,4900,48,3,2,168.8282069,1,2
33,2,37,3,2,1410,11,2,1,3100,48,3,2,150.5642299,1,2
33,2,18,5,1,1410,11,7,2,2000,48,3,2,168.8282069,1,2
33,2,19,5,1,1410,11,2,1,4200,54,3,2,168.8282069,1,2
33,2,65,4,1,163,1,6,2,700,40,3,2,126.1016212,1,2
33,2,38,3,1,145,1,6,2,4400,56,3,2,146.7159407,1,2
33,2,38,3,1,145,1,6,2,3600,56,3,2,146.7159407,1,2
33,2,58,3,1,1410,5,4,2,3200,40,3,2,125.4051578,1,2
33,2,35,4,1,163,1,6,2,1500,36,3,2,148.3550086,1,2
33,2,18,5,1,163,1,6,2,1100,34,3,2,166.3509992,1,2
33,1,29,4,1,121,1,6,2,3200,35,3,2,151.413648,1,2
33,2,33,5,2,1410,3,7,2,4100,54,3,2,147.5356391,1,2
33,2,33,5,2,1410,3,6,2,3900,50,3,2,147.5356391,1,2
34,1,65,4,1,1629,3,5,2,4200,60,3,1,26.10866415,1,2
34,1,21,4,1,2592,3,6,2,4300,40,3,1,45.94768978,1,2
34,1,26,5,1,1103,10,5,1,3200,30,3,1,35.74947274,1,2
34,1,30,5,3,2592,3,6,2,4200,60,3,1,35.74947274,1,2
34,2,56,5,1,2813,5,5,2,4500,48,3,1,23.17830935,1,2
34,1,40,5,1,1300,5,7,1,6000,48,3,1,30.38985791,1,2
34,2,49,4,1,1410,5,2,1,3300,48,3,2,139.1439054,1,2
34,2,50,4,1,1410,5,2,1,3500,48,3,2,139.1439054,1,2
34,2,24,5,1,1520,5,2,1,5500,50,3,1,388.3078571,1,2
34,2,30,5,1,1520,5,2,1,5500,50,3,1,334.5361217,1,2
34,1,27,5,1,1520,5,2,1,5200,50,3,1,364.3436981,1,2
34,2,49,4,5,1410,3,1,1,4800,48,3,1,334.5361217,1,2
34,2,25,5,1,1323,5,2,1,5500,50,3,1,334.5361217,1,2
34,2,25,5,1,1610,5,2,1,5100,50,3,1,334.5361217,1,2
34,2,25,5,2,1410,5,2,2,3800,51,3,2,273.1700712,1,2
34,2,45,4,1,1701,3,6,2,2700,46,3,2,273.1700712,1,2
34,2,18,5,1,2733,5,2,1,5500,48,3,2,305.6775709,1,2
34,2,37,4,1,1410,5,2,2,3900,54,3,2,273.1700712,1,2
34,2,34,4,1,1511,5,2,1,5500,48,3,2,273.1700712,1,2
34,2,39,4,1,1511,5,2,1,5500,48,3,2,273.1700712,1,2
34,2,41,4,1,2592,3,6,2,4200,42,3,2,25.84735564,1,2
34,2,52,5,1,2930,5,1,1,4000,50,3,2,25.84735564,1,2
34,2,40,4,1,1520,5,2,1,5600,50,3,2,253.5763222,1,2
34,2,40,4,1,1520,5,2,1,5670,52,3,2,253.5763222,1,2
34,2,18,5,1,1520,5,2,1,4000,51,3,2,283.752147,1,2
34,1,36,4,1,1520,5,2,1,5400,51,3,2,253.0750929,1,2
34,2,33,4,1,1520,5,2,1,5700,50,3,2,253.5763222,1,2
34,2,33,4,1,1520,5,2,1,6100,53,3,2,253.5763222,1,2
34,1,19,5,1,1410,5,2,2,3800,50,3,2,301.2164721,1,2
34,1,19,5,1,1410,5,2,2,4600,48,3,2,301.2164721,1,2
34,2,37,5,1,1520,5,2,1,5300,50,3,2,253.5763222,1,2
34,2,38,5,1,1520,5,2,1,5800,48,3,2,253.5763222,1,2
34,2,30,5,1,1520,5,2,1,5200,51,3,2,253.5763222,1,2
34,2,31,5,1,1520,5,2,1,5800,48,3,2,253.5763222,1,2
34,2,61,3,1,1629,3,6,2,500,30,3,2,217.9475875,1,2
34,2,62,3,1,1600,3,6,2,500,30,3,2,217.9475875,1,2
34,1,31,5,1,1410,5,2,2,4100,48,3,2,253.0750929,1,2
34,1,31,5,1,1410,5,2,2,4800,48,3,2,253.0750929,1,2
34,2,29,5,1,1520,5,2,1,5600,52,3,2,253.5763222,1,2
34,2,30,5,1,1520,5,2,1,5700,48,3,2,253.5763222,1,2
34,2,40,4,1,1520,5,2,1,5500,50,3,2,253.5763222,1,2
34,2,40,4,1,1520,5,2,1,5300,48,3,2,253.5763222,1,2
34,2,22,5,1,1520,5,2,1,4800,48,3,2,283.752147,1,2
34,1,35,5,1,1520,5,2,1,4900,48,3,2,253.0750929,1,2
34,1,36,5,1,1520,5,2,1,5500,51,3,2,253.0750929,1,2
34,2,31,5,1,1520,5,2,1,5400,50,3,2,253.5763222,1,2
34,2,31,5,1,1520,5,2,1,5600,52,3,2,253.5763222,1,2
34,2,26,5,1,1520,3,6,2,3400,48,3,2,253.5763222,1,2
34,2,26,5,1,1410,3,6,2,3400,48,3,2,253.5763222,1,2
34,2,41,4,1,1512,5,2,1,6000,50,3,2,253.5763222,1,2
34,2,34,5,1,1520,5,2,1,6000,51,3,2,253.5763222,1,2
34,1,43,5,1,1709,5,2,1,4500,48,3,2,253.0750929,1,2
34,1,58,4,2,2220,5,2,2,3000,48,3,2,253.0750929,1,2
34,1,59,4,1,2592,5,2,1,4000,48,3,2,253.0750929,1,2
34,2,35,4,1,1520,5,2,1,5600,50,3,2,258.8049374,1,2
34,2,35,4,1,1520,5,2,1,5600,51,3,2,258.8049374,1,2
34,2,45,4,1,1520,5,2,1,6000,52,3,2,258.8049374,1,2
34,2,45,4,1,1520,5,2,1,5700,51,3,2,258.8049374,1,2
34,1,24,4,1,1520,5,2,1,5100,50,3,2,307.427403,1,2
34,1,25,4,1,1520,5,2,1,5700,51,3,2,258.293373,1,2
34,2,40,4,1,1520,5,2,1,5500,51,3,2,258.8049374,1,2
34,2,40,4,1,1520,5,2,1,5300,50,3,2,258.8049374,1,2
34,1,19,5,1,3240,5,2,1,5000,49,3,2,307.427403,1,2
34,1,19,5,1,3240,5,2,1,4800,48,3,2,307.427403,1,2
34,1,18,5,1,1520,5,2,1,4200,48,3,2,307.427403,1,2
34,2,47,4,1,3240,5,2,1,5600,50,3,2,258.8049374,1,2
34,2,47,4,1,3240,5,2,1,5300,48,3,2,258.8049374,1,2
34,2,36,4,1,1520,5,2,1,5800,55,3,2,258.8049374,1,2
34,2,36,4,1,1520,5,2,1,6000,50,3,2,258.8049374,1,2
34,2,33,4,1,1520,5,2,1,6000,48,3,2,258.8049374,1,2
34,2,42,4,1,1520,5,2,1,5000,50,3,2,258.8049374,1,2
34,1,44,4,1,111,1,6,2,4000,40,3,2,259.7278584,1,2
34,2,26,5,1,1520,5,2,1,5300,52,3,2,258.8049374,1,2
34,2,43,4,1,1410,5,5,2,3500,48,3,2,251.0656655,1,2
34,1,54,4,1,1410,5,7,2,3400,36,3,2,250.5693989,1,2
34,2,63,4,1,1610,3,7,2,1800,42,3,2,215.7896906,1,2
34,2,60,4,1,1610,3,7,2,1800,40,3,2,215.7896906,1,2
34,2,80,3,1,111,1,7,2,1100,58,3,2,216.988123,1,2
34,2,35,4,1,1322,3,6,2,2500,45,3,1,340.6185966,1,2
34,1,46,4,1,1410,5,1,2,8000,50,3,2,22.45625247,1,2
34,2,47,4,1,1322,5,2,2,4000,56,3,2,22.50072832,1,2
34,2,30,5,1,1322,3,6,2,3000,56,3,2,22.50072832,1,2
34,2,53,4,1,1322,3,6,2,3000,56,3,2,22.50072832,1,2
34,2,37,5,1,1811,5,2,2,4500,56,3,2,22.50072832,1,2
34,2,48,4,1,1322,3,6,2,3000,56,3,2,22.50072832,1,2
34,2,48,4,1,1322,3,6,2,3200,56,3,2,22.50072832,1,2
34,2,54,4,1,1322,3,6,2,3200,56,3,2,22.50072832,1,2
34,2,39,4,1,1410,5,2,2,5000,50,3,1,307.1151281,1,2
34,1,50,5,1,2392,5,7,2,3600,35,3,1,334.4794605,1,2
34,1,35,4,1,3100,5,2,1,8000,50,3,1,334.4794605,1,2
34,1,39,4,3,1410,3,6,2,4500,60,3,1,334.4794605,1,2
34,1,56,3,1,1010,3,6,2,9000,40,3,2,254.9794203,1,2
34,2,27,4,1,1322,5,2,1,4200,56,3,2,259.7168439,1,2
34,2,28,4,1,1322,5,2,2,3000,56,3,2,259.7168439,1,2
34,2,18,4,1,1410,5,2,1,3500,56,3,2,290.6233967,1,2
34,2,15,3,1,1410,5,2,2,3000,56,3,2,290.6233967,1,2
34,1,20,4,1,2396,3,6,2,6000,56,3,2,308.5106321,1,2
34,1,72,4,1,1629,3,6,2,1200,60,3,2,208.8187833,1,2
34,1,46,4,1,1103,5,5,1,7500,60,3,2,255.6847576,1,2
34,1,46,4,1,1010,5,5,1,5600,60,3,2,255.6847576,1,2
34,2,28,4,3,1629,5,1,2,3200,48,3,2,256.1911554,1,2
34,2,41,1,1,1410,3,6,2,2500,40,3,2,256.1911554,1,2
34,1,29,5,1,1410,5,1,1,2900,40,3,2,263.495598,1,2
34,1,21,5,2,2599,3,6,2,3000,42,3,2,303.187259,1,2
34,2,44,4,1,1520,5,2,1,4500,56,3,2,210.4751252,1,2
34,1,58,4,1,311,1,5,2,4800,60,3,2,257.0631976,1,2
34,2,39,5,1,1629,3,6,2,3200,60,3,2,256.1497452,1,2
34,2,56,4,1,1629,3,6,2,3500,50,3,2,220.1594318,1,2
34,2,37,3,1,1629,3,6,2,1100,40,3,2,263.8154349,1,2
34,2,37,4,1,2220,5,6,2,2000,40,3,2,263.8154349,1,2
34,1,51,4,1,2220,3,6,2,8000,56,3,2,263.2939666,1,2
34,2,51,4,1,2220,3,2,2,5000,56,3,2,263.8154349,1,2
34,1,60,4,1,322,1,6,2,5000,70,3,2,227.5566574,1,2
34,1,38,5,1,2392,5,2,2,4000,56,3,2,263.2939666,1,2
34,2,44,4,1,1629,5,6,2,1500,40,3,2,262.5493865,1,2
34,2,45,4,1,1324,5,6,2,1200,34,3,2,262.5493865,1,2
34,1,37,5,1,2733,5,5,2,4000,48,3,2,262.0304207,1,2
34,2,27,5,1,1520,5,2,2,3000,56,3,2,262.5493865,1,2
34,1,27,4,1,3240,5,6,2,4000,56,3,2,262.0304207,1,2
34,1,49,4,1,2393,5,2,1,4000,56,3,2,251.3516643,1,2
34,1,50,4,1,2393,5,2,1,4000,60,3,2,251.3516643,1,2
34,1,50,5,1,1104,5,2,1,4000,56,3,2,253.3071016,1,2
34,1,50,5,1,1104,5,2,1,4000,56,3,2,253.3071016,1,2
34,2,18,5,1,1410,3,6,2,2450,45,3,2,278.891392,1,2
34,1,35,4,1,2392,5,2,1,5800,48,3,2,248.7398446,1,2
34,2,34,4,1,2392,5,2,1,4200,48,3,2,249.2324876,1,2
34,1,47,4,1,2393,6,2,1,6200,56,3,2,248.7398446,1,2
34,2,38,4,1,1520,5,2,2,4200,48,3,2,255.4844212,1,2
34,1,22,4,1,1410,5,1,1,4900,56,3,2,272.5895672,1,2
34,2,39,4,2,1520,5,1,1,5100,60,3,2,228.1110904,1,2
34,2,40,4,2,1520,5,1,1,5300,60,3,2,228.1110904,1,2
34,1,18,4,2,2599,3,6,2,4500,56,3,2,270.9670102,1,2
34,1,19,4,2,2599,3,6,2,4500,56,3,2,270.9670102,1,2
34,2,44,4,2,1520,5,1,1,5100,60,3,2,228.1110904,1,2
34,2,44,4,2,1520,5,1,1,4700,60,3,2,228.1110904,1,2
34,2,36,5,1,1410,5,1,1,5100,40,3,2,252.1227841,1,2
34,1,42,5,5,1410,3,6,2,4700,49,3,2,251.6244279,1,2
34,1,50,4,1,1410,11,2,1,5000,50,3,2,251.6244279,1,2
34,1,50,4,1,1410,5,2,2,5000,50,3,2,251.6244279,1,2
34,1,67,5,1,161,1,5,2,1500,25,3,2,217.4710437,1,2
34,1,67,6,1,161,1,5,2,1000,30,3,2,217.4710437,1,2
34,2,41,4,1,1410,5,1,1,5000,50,3,2,252.1227841,1,2
34,2,36,5,1,1410,5,1,2,4900,38,3,2,255.1927723,1,2
34,1,36,4,2,2392,5,5,1,5200,60,3,2,238.2383473,1,2
34,1,31,5,1,1629,3,6,2,4300,60,3,2,238.2383473,1,2
34,1,29,5,2,1410,5,1,1,5200,56,3,2,238.9026756,1,2
34,1,21,5,1,1410,3,6,2,5000,56,3,2,284.3480972,1,2
35,2,44,5,1,1312,5,2,1,6000,48,3,1,18.58160657,1,2
35,2,44,5,2,1321,5,2,1,6000,48,3,1,18.58160657,1,2
35,2,26,4,1,3212,5,2,2,4700,48,3,1,18.58160657,1,2
35,2,26,4,1,3212,5,2,2,4500,48,3,1,18.58160657,1,2
35,1,53,5,1,2394,10,1,1,9500,40,3,1,19.96707382,1,2
35,2,46,5,1,2394,10,1,1,7000,40,3,1,18.58160657,1,2
35,2,46,5,1,2394,10,1,1,7000,40,3,1,18.58160657,1,2
35,2,23,5,1,2599,5,2,1,6000,48,3,1,30.59815463,1,2
35,2,20,5,1,3240,5,2,1,5500,48,3,1,30.59815463,1,2
35,2,20,5,1,3240,5,2,1,5500,48,3,1,30.59815463,1,2
35,1,52,4,1,2220,5,2,2,4200,48,3,1,20.71693721,1,2
35,1,53,4,1,2220,5,2,2,4200,48,3,1,20.71693721,1,2
35,2,51,4,1,1321,5,2,2,3400,48,3,1,19.27943875,1,2
35,2,51,4,1,1312,5,2,2,3400,48,3,1,19.27943875,1,2
35,1,58,5,1,2392,5,2,2,4600,48,3,1,20.71693721,1,2
35,2,37,4,1,1512,5,2,2,3000,40,3,1,19.27943875,1,2
35,1,30,4,2,2511,3,6,2,5000,48,3,1,20.71693721,1,2
35,2,40,4,1,2395,5,2,2,9000,48,3,1,17.9788984,1,2
35,2,40,4,1,2395,5,2,2,9000,48,3,1,17.9788984,1,2
35,2,46,4,1,2394,5,2,2,8500,48,3,1,17.9788984,1,2
35,2,46,4,1,2395,5,2,2,8500,48,3,1,17.9788984,1,2
35,2,21,4,2,1410,3,6,2,2500,48,3,1,29.60568082,1,2
35,1,47,5,2,2394,5,2,2,4000,48,3,1,19.31942699,1,2
35,1,48,5,1,2394,5,2,2,4000,48,3,1,19.31942699,1,2
35,2,43,5,2,3240,5,2,2,4400,48,3,1,17.9788984,1,2
35,1,54,4,1,2610,5,2,2,3500,40,3,1,19.31942699,1,2
35,1,55,4,1,2610,5,2,2,3500,40,3,1,19.31942699,1,2
35,2,52,4,1,1312,5,2,2,4200,48,3,1,17.9788984,1,2
35,1,43,4,1,1080,5,2,2,4700,48,3,1,19.31942699,1,2
35,1,43,4,1,1080,5,2,2,4700,48,3,1,19.31942699,1,2
35,2,39,4,2,1410,5,2,2,4600,48,3,1,17.9788984,1,2
35,1,23,5,1,2610,5,2,2,5000,48,3,1,29.02149129,1,2
35,1,23,5,1,2610,5,2,1,5000,48,3,1,29.02149129,1,2
35,2,37,4,2,1410,5,2,2,3400,48,3,2,109.9245927,1,2
35,2,31,4,2,1410,5,6,2,3000,48,3,2,109.9245927,1,2
35,2,31,4,2,1410,5,2,2,3000,48,3,2,109.9245927,1,2
35,2,40,4,2,1410,5,7,2,3300,48,3,2,109.9245927,1,2
35,2,40,4,2,1410,5,2,2,3400,48,3,2,109.9245927,1,2
35,1,44,5,5,161,4,2,2,1400,30,3,2,118.0886033,1,2
35,2,27,4,2,3240,5,2,1,4500,48,3,1,19.69616069,1,2
35,2,26,5,2,1410,5,2,2,4700,45,3,1,19.69616069,1,2
35,1,46,4,1,1322,5,2,2,5000,48,3,1,21.16473044,1,2
35,1,47,4,1,1323,5,2,2,5000,48,3,1,21.16473044,1,2
35,2,44,4,2,1322,5,2,2,3600,48,3,1,19.69616069,1,2
35,2,44,4,2,1323,5,2,2,4000,48,3,1,19.69616069,1,2
35,1,54,4,1,1321,5,2,1,3000,30,3,1,21.16473044,1,2
35,1,54,4,1,1410,5,2,2,3000,35,3,1,21.16473044,1,2
35,2,48,4,2,1410,5,2,1,3600,48,3,1,19.69616069,1,2
35,1,34,4,1,2511,3,6,2,4800,48,3,1,21.16473044,1,2
35,2,32,4,2,1321,5,2,2,4000,48,3,1,19.69616069,1,2
35,1,25,4,1,2511,3,6,2,4600,48,3,1,21.16473044,1,2
35,1,25,4,2,2592,3,6,2,4500,48,3,1,21.16473044,1,2
35,2,43,4,1,2394,5,2,2,4500,48,3,1,19.69616069,1,2
35,1,26,5,5,2640,5,2,1,4700,48,3,1,21.16473044,1,2
35,1,26,5,3,2610,5,2,1,4700,48,3,1,21.16473044,1,2
35,1,47,3,1,1321,5,2,2,2500,35,3,1,21.16473044,1,2
35,2,47,3,2,1311,5,2,2,4300,48,3,1,19.69616069,1,2
35,1,20,4,1,1410,11,2,2,3600,48,3,1,31.79349163,1,2
35,1,47,4,1,2394,5,2,1,5000,48,3,1,21.16473044,1,2
35,1,47,4,1,2394,5,2,1,5000,48,3,1,21.16473044,1,2
35,2,44,4,1,3240,5,2,1,5000,48,3,1,19.69616069,1,2
35,2,44,4,1,3240,5,2,1,5000,48,3,1,19.69616069,1,2
35,2,23,4,1,3240,5,2,1,5000,48,3,1,32.43348027,1,2
35,2,24,4,2,3240,5,2,1,5000,48,3,1,32.43348027,1,2
35,2,41,4,2,1410,5,2,2,4600,48,3,1,19.69616069,1,2
35,2,47,4,1,2399,5,2,2,4400,48,3,1,19.69616069,1,2
35,2,35,4,1,3240,5,2,2,6000,48,3,2,20.29593911,1,2
35,1,67,5,2,3100,3,6,2,3500,48,3,2,18.636329,1,2
35,1,50,4,2,3100,3,6,2,5000,48,3,2,21.68288174,1,2
35,1,26,5,5,2733,5,2,2,5500,48,3,1,111.3170181,1,2
35,1,26,5,5,2733,5,2,2,5800,48,3,1,111.3170181,1,2
35,2,28,5,1,2593,5,2,2,5000,48,3,1,103.5929979,1,2
35,2,28,5,1,2593,5,2,2,5000,48,3,1,103.5929979,1,2
35,1,29,5,1,1410,5,2,2,5200,48,3,1,106.875677,1,2
35,1,30,5,1,1410,5,2,2,5200,48,3,1,106.875677,1,2
35,2,24,4,2,1410,5,2,2,4500,48,3,1,163.7795563,1,2
35,2,24,4,5,1410,5,2,2,4500,48,3,1,163.7795563,1,2
35,2,51,5,1,2022,5,2,2,4000,40,3,1,20.23264267,1,2
35,2,51,5,1,2022,5,2,2,4000,40,3,1,20.23264267,1,2
35,2,55,4,2,1410,11,3,1,4500,58,3,1,15.41954373,1,2
35,2,56,4,1,1410,11,2,1,4000,56,3,1,15.41954373,1,2
35,1,58,5,1,2392,3,6,2,5000,56,3,1,116.9033067,1,2
35,1,59,5,2,2392,3,6,2,5000,56,3,1,116.9033067,1,2
35,1,45,2,1,121,1,6,2,4500,54,3,2,120.856305,1,2
35,2,17,4,2,1410,3,6,2,3000,56,3,2,136.9906449,1,2
35,2,48,4,1,2610,11,4,2,3500,50,3,2,112.5009504,1,2
35,2,49,4,1,2610,11,3,1,4000,57,3,2,112.5009504,1,2
35,2,53,4,1,121,1,6,2,2000,40,3,2,113.1257475,1,2
35,1,16,4,1,3100,3,5,2,3250,57,3,2,150.8014187,1,2
35,1,17,4,1,3100,3,6,2,3250,54,3,2,150.8014187,1,2
35,2,58,4,2,1080,5,4,2,3500,55,3,2,90.38787631,1,2
35,2,38,4,1,322,1,6,2,3000,30,3,2,109.534454,1,2
35,2,54,4,1,322,1,6,2,3000,40,3,2,109.534454,1,2
35,1,49,4,1,2392,4,6,2,2000,40,3,1,24.03871907,1,2
35,1,49,4,1,2392,5,2,2,2000,45,3,1,24.03871907,1,2
35,2,48,5,1,2733,5,2,2,4200,50,3,1,22.37073015,1,2
35,2,48,5,1,2733,5,2,2,4100,48,3,1,22.37073015,1,2
35,2,30,4,1,2732,11,2,1,4500,48,3,2,106.2120774,1,2
35,2,36,4,2,2733,5,2,1,5500,48,3,2,106.2120774,1,2
35,2,42,4,1,1010,5,2,1,4800,48,3,2,106.2120774,1,2
35,2,43,4,1,1010,5,2,1,4800,48,3,2,106.2120774,1,2
35,2,20,5,1,1010,5,2,1,4500,48,3,2,129.3327828,1,2
35,2,20,5,1,1010,5,2,1,4500,48,3,2,129.3327828,1,2
35,2,45,4,1,1010,5,2,1,4000,48,3,2,106.2120774,1,2
35,2,46,4,1,1010,5,2,1,4300,48,3,2,106.2120774,1,2
35,2,49,4,1,1071,5,2,1,4000,48,3,2,106.2120774,1,2
35,2,49,4,1,1071,5,2,1,4000,48,3,2,106.2120774,1,2
35,1,40,4,1,1080,5,2,1,6000,50,3,2,113.4701825,1,2
35,1,34,5,2,2599,3,6,2,4000,40,3,2,113.4701825,1,2
35,1,34,5,2,2599,3,6,2,4000,50,3,2,113.4701825,1,2
35,2,29,4,1,2750,5,2,1,4500,48,3,2,106.2120774,1,2
35,2,24,4,2,2733,11,2,1,4200,48,3,2,129.3327828,1,2
35,2,35,4,2,2610,11,3,1,4800,52,3,2,106.2120774,1,2
35,2,35,4,2,2733,5,2,1,4800,48,3,2,106.2120774,1,2
35,2,33,4,2,2733,5,2,1,5000,48,3,2,106.2120774,1,2
35,1,28,4,2,2733,5,2,1,5700,50,3,2,113.4701825,1,2
35,2,20,5,2,1010,5,2,1,5000,50,3,2,129.3327828,1,2
35,2,47,4,2,2610,11,2,1,4500,48,3,2,107.1437623,1,2
35,2,48,4,5,2640,5,2,1,4500,48,3,2,107.1437623,1,2
35,2,18,4,2,3212,11,2,1,4000,48,3,2,130.4672809,1,2
35,2,18,4,2,3212,5,2,1,4000,48,3,2,130.4672809,1,2
35,2,48,4,1,1073,5,2,1,4500,48,3,2,107.1437623,1,2
35,2,48,4,1,1073,5,2,1,4500,48,3,2,107.1437623,1,2
35,2,18,4,1,2610,5,2,1,5000,48,3,2,130.4672809,1,2
35,2,19,4,1,2610,5,2,1,5000,48,3,2,130.4672809,1,2
35,1,28,4,2,2610,11,3,1,5000,48,3,2,114.4655349,1,2
35,1,29,4,5,2640,5,2,1,5000,48,3,2,114.4655349,1,2
35,1,60,3,2,3100,3,6,2,4500,50,3,2,98.38255787,1,2
35,1,61,3,2,3100,3,6,2,5000,55,3,2,98.38255787,1,2
35,2,44,5,2,1410,5,2,1,5000,48,3,2,107.1437623,1,2
35,2,44,5,2,1410,5,2,1,5200,48,3,2,107.1437623,1,2
35,2,33,4,2,2733,11,2,1,4000,48,3,2,107.1437623,1,2
35,1,45,4,6,3100,3,6,2,6500,50,3,2,114.4655349,1,2
35,1,45,4,2,3100,3,6,2,6500,50,3,2,114.4655349,1,2
35,2,41,4,2,2733,5,2,1,5500,48,3,2,107.1437623,1,2
35,2,41,4,2,2733,5,2,1,5500,48,3,2,107.1437623,1,2
35,2,42,4,2,3100,3,6,2,3500,40,3,2,107.1437623,1,2
35,2,49,4,2,1512,3,6,2,3000,45,3,2,107.1437623,1,2
35,2,47,3,2,3240,5,2,1,4500,48,3,2,107.1437623,1,2
35,2,45,4,2,2733,5,2,1,4500,48,3,2,107.1437623,1,2
35,2,52,4,2,1071,5,2,1,5000,48,3,2,107.1437623,1,2
35,2,22,5,2,2733,5,3,1,4500,48,3,2,130.4672809,1,2
35,1,30,4,2,2220,5,2,1,4800,48,3,2,114.4655349,1,2
35,2,31,4,2,2740,5,2,1,5000,48,3,2,107.1437623,1,2
35,2,44,4,2,2733,5,2,1,3800,48,3,2,107.1437623,1,2
35,2,45,3,1,2021,5,2,2,4500,48,3,2,110.5500668,1,2
35,2,30,4,1,2733,5,3,1,3500,48,3,2,110.5500668,1,2
35,2,30,4,2,2733,5,3,1,4500,48,3,2,110.5500668,1,2
35,2,41,3,3,1321,5,2,2,4000,48,3,2,110.5500668,1,2
35,2,23,4,3,2640,5,4,2,3000,48,3,2,134.6150846,1,2
35,2,23,4,2,2640,5,3,1,3800,48,3,2,134.6150846,1,2
35,2,39,3,2,2733,5,2,1,7000,48,3,2,110.5500668,1,2
35,1,46,3,1,2511,5,2,2,7000,50,3,2,118.1046126,1,2
35,2,45,4,1,1079,5,2,1,4800,48,3,2,110.5500668,1,2
35,1,25,3,1,2511,5,2,2,7000,50,3,2,118.1046126,1,2
35,2,20,4,2,1410,5,2,1,5000,48,3,2,134.6150846,1,2
35,2,37,1,1,1512,3,5,2,2000,45,3,2,110.5500668,1,2
35,2,49,3,2,1410,5,2,1,4500,48,3,2,110.5500668,1,2
35,1,40,5,2,1410,11,2,1,5000,48,3,2,114.9632112,1,2
35,2,40,3,2,1410,11,2,1,4500,48,3,2,107.6096047,1,2
35,1,33,4,1,3212,5,3,2,3500,48,3,2,114.9632112,1,2
35,2,63,4,1,1512,3,6,2,900,40,3,2,92.48991994,1,2
35,2,63,4,1,1512,3,6,2,2000,40,3,2,92.48991994,1,2
35,2,40,3,2,1512,3,6,2,2200,40,3,2,107.6096047,1,2
35,2,40,3,1,1512,3,6,2,2500,50,3,2,107.6096047,1,2
35,2,52,4,2,1512,3,6,2,2000,45,3,2,107.6096047,1,2
35,2,52,4,1,1512,3,6,2,2000,45,3,2,107.6096047,1,2
35,1,25,4,2,3100,3,6,2,4000,50,3,2,114.9632112,1,2
35,1,25,4,1,3100,3,6,2,4000,50,3,2,114.9632112,1,2
35,2,24,5,2,2750,5,2,1,4000,48,3,2,131.0345299,1,2
35,2,24,5,1,2750,5,2,1,4000,48,3,2,131.0345299,1,2
35,2,40,4,2,1512,3,6,2,3500,50,3,2,107.6096047,1,2
35,2,40,4,1,1512,3,6,2,3800,50,3,2,107.6096047,1,2
35,1,30,5,1,2733,5,2,1,5000,48,3,2,114.9632112,1,2
35,1,30,5,2,2733,5,2,1,5000,48,3,2,114.9632112,1,2
35,1,41,3,2,3290,5,2,2,8500,55,3,2,114.9632112,1,2
35,1,41,3,2,2220,5,2,2,8000,55,3,2,114.9632112,1,2
35,1,15,4,3,3290,3,6,2,3000,45,3,2,144.2448353,1,2
35,1,16,4,3,2220,3,6,2,6000,56,3,2,144.2448353,1,2
35,2,15,3,3,2220,3,6,2,2000,42,3,2,131.0345299,1,2
35,2,37,2,2,1410,3,6,2,5000,55,3,2,107.6096047,1,2
35,2,37,2,2,1410,3,6,2,5500,50,3,2,107.6096047,1,2
35,2,18,5,2,2733,5,4,1,4800,48,3,2,131.0345299,1,2
35,2,24,4,2,3290,3,6,2,3000,35,3,2,131.0345299,1,2
35,2,34,3,2,1321,5,2,1,6300,48,3,2,107.6096047,1,2
35,2,33,3,2,1321,5,2,1,6300,48,3,2,107.6096047,1,2
35,1,30,5,1,1410,5,2,1,5500,48,3,2,123.4081548,1,2
35,2,37,3,1,2640,5,2,1,4500,48,3,2,115.5143687,1,2
35,2,38,4,2,3240,5,3,1,3500,48,3,2,115.5143687,1,2
35,1,37,5,1,2394,5,2,1,8000,48,3,2,105.9932827,1,2
35,1,37,5,1,2394,5,2,1,8000,48,3,2,105.9932827,1,2
35,2,32,4,5,1410,5,2,1,6400,48,3,2,99.21343655,1,2
35,2,32,4,1,2394,5,2,1,6500,48,3,2,99.21343655,1,2
35,2,28,5,2,3240,5,2,1,5500,48,3,2,99.21343655,1,2
35,2,28,5,2,3240,5,2,1,5500,48,3,2,99.21343655,1,2
35,1,52,4,1,3240,5,2,2,3300,50,3,2,105.9932827,1,2
35,1,52,4,1,3212,5,2,2,3300,50,3,2,105.9932827,1,2
35,2,28,3,1,3240,5,2,1,3500,48,3,2,99.21343655,1,2
35,2,29,3,3,3212,5,2,1,3500,48,3,2,99.21343655,1,2
35,1,52,5,1,2733,5,2,2,3500,50,3,2,105.9932827,1,2
35,1,52,5,1,2733,5,2,2,3500,48,3,2,105.9932827,1,2
35,2,30,5,1,3240,5,2,1,4800,48,3,2,99.21343655,1,2
35,2,30,5,1,3240,5,2,1,4800,48,3,2,99.21343655,1,2
35,1,48,4,2,2511,3,6,2,3000,30,3,2,105.9932827,1,2
35,1,49,4,2,2511,3,6,2,3500,45,3,2,105.9932827,1,2
35,1,50,4,1,2640,5,2,2,4000,50,3,2,105.9932827,1,2
35,1,51,4,1,2630,5,2,2,4000,50,3,2,105.9932827,1,2
35,2,46,4,1,3240,5,2,1,4000,48,3,2,99.21343655,1,2
35,2,47,4,5,3240,11,2,1,4000,48,3,2,99.21343655,1,2
35,2,43,4,1,3240,5,2,1,4500,48,3,2,99.21343655,1,2
35,2,43,4,1,3240,11,2,1,4500,48,3,2,99.21343655,1,2
35,2,33,5,2,1410,5,2,1,6000,48,3,2,19.99511629,1,2
35,2,33,5,1,1050,5,2,1,5500,48,3,2,19.99511629,1,2
35,2,33,5,1,1050,5,2,1,4500,48,3,2,19.99511629,1,2
35,2,33,3,2,3240,5,2,1,4500,48,3,2,19.99511629,1,2
35,2,16,4,1,2733,3,6,2,1000,32,3,2,24.34773989,1,2
35,1,15,4,1,2733,3,6,2,800,22,3,2,26.80236829,1,2
35,2,43,4,1,2399,5,3,2,5200,56,3,1,19.62675913,1,2
35,2,44,4,1,2399,5,3,2,5200,56,3,1,19.62675913,1,2
35,2,59,4,1,1410,3,6,2,2000,38,3,2,89.53148816,1,2
35,2,60,4,1,1410,3,6,2,2000,30,3,2,89.53148816,1,2
35,2,47,4,1,3290,3,6,2,3000,40,3,2,104.1675466,1,2
35,2,40,4,1,2392,5,3,2,5200,54,3,2,117.3397009,1,2
35,2,41,4,1,2392,5,3,2,5400,54,3,2,117.3397009,1,2
35,1,39,4,1,1080,5,2,2,4800,54,3,2,125.3582229,1,2
35,1,39,4,1,1080,5,2,2,4800,54,3,2,125.3582229,1,2
35,1,75,5,1,161,4,2,2,1650,36,3,2,92.1329572,1,2
35,1,75,5,1,161,4,2,2,1650,32,3,2,92.1329572,1,2
35,2,37,3,1,3290,5,2,2,2800,56,3,2,99.78345163,1,2
35,1,43,5,1,3240,5,2,2,3500,55,3,2,117.1383342,1,2
35,1,43,5,1,3240,11,2,1,3500,47,3,2,117.1383342,1,2
35,1,58,8,1,240,4,2,1,3300,40,3,2,117.7888861,1,2
35,1,58,8,1,161,4,1,1,3300,40,3,2,117.7888861,1,2
35,1,16,4,1,3100,3,6,2,2800,44,3,2,146.9739716,1,2
35,2,35,4,1,146,1,6,2,2400,28,3,2,110.2545357,1,2
35,2,36,4,1,146,1,6,2,2500,47,3,2,110.2545357,1,2
35,2,45,3,1,1520,3,6,2,3500,50,3,2,101.5046169,1,2
35,1,34,4,1,1629,5,2,1,5000,56,3,2,108.4410331,1,2
35,2,33,5,2,1410,5,2,1,5000,50,3,2,101.5046169,1,2
35,1,45,4,1,1410,3,6,2,4000,48,3,2,108.4410331,1,2
35,1,40,4,1,2511,3,6,2,4000,37,3,2,108.4410331,1,2
35,2,40,4,1,3212,5,3,1,4300,50,3,2,115.0694652,1,2
35,2,41,4,1,3212,5,3,1,4300,50,3,2,115.0694652,1,2
35,1,26,4,1,2733,5,3,2,4600,45,3,2,122.9328485,1,2
35,1,27,4,1,2733,5,3,2,4600,45,3,2,122.9328485,1,2
35,1,57,4,1,1071,3,6,2,3000,45,3,2,106.6022504,1,2
35,1,26,5,2,2910,5,2,2,4300,48,3,2,106.6022504,1,2
35,1,53,2,1,161,4,6,2,450,15,3,2,107.1942879,1,2
35,2,59,4,1,1030,3,7,2,720,35,3,2,85.76338031,1,2
35,2,49,4,1,111,1,6,2,2200,45,3,2,95.55281588,1,2
35,2,40,4,1,118,1,7,2,1200,40,3,2,95.55281588,1,2
35,2,40,4,2,1512,5,4,2,4000,48,3,2,114.6236098,1,2
35,2,36,4,1,3240,5,4,2,6000,48,3,2,105.289351,1,2
35,2,34,4,1,3240,5,4,2,6000,48,3,2,105.289351,1,2
35,2,40,4,2,3240,5,4,2,6000,48,3,2,105.289351,1,2
35,2,40,4,1,3240,5,4,2,6000,48,3,2,105.289351,1,2
35,1,51,5,1,2511,3,6,2,6000,48,3,2,112.4844007,1,2
35,2,39,3,2,3240,5,4,2,6000,48,3,2,101.3097564,1,2
35,2,39,3,1,3290,5,4,2,6000,48,3,2,101.3097564,1,2
35,2,34,4,1,3240,5,4,2,5000,48,3,2,101.3097564,1,2
35,1,37,4,1,1103,5,6,2,5600,48,3,2,108.1699305,1,2
35,1,37,4,1,1103,5,6,2,5600,48,3,2,108.1699305,1,2
35,1,30,5,1,1410,5,3,1,4500,60,3,2,108.1699305,1,2
35,2,30,4,2,3240,5,3,2,6800,60,3,2,101.2508553,1,2
35,2,31,5,1,3240,5,3,2,6800,64,3,2,101.2508553,1,2
35,1,65,4,1,3100,3,6,2,2000,32,3,2,96.1962788,1,2
35,1,65,4,1,3100,3,6,2,3000,40,3,2,96.1962788,1,2
35,2,61,4,1,1321,3,6,2,800,48,3,2,90.84739282,1,2
35,2,62,4,1,1321,3,6,2,800,48,3,2,90.84739282,1,2
36,1,46,4,1,1311,10,1,2,3500,48,3,1,45.55088047,1,2
36,2,42,4,1,1311,10,1,1,4500,48,3,1,48.70629896,1,2
36,2,40,4,2,1410,5,1,1,5600,48,3,1,48.70629896,1,2
36,2,41,4,3,1410,5,1,1,5800,60,3,1,48.70629896,1,2
36,1,31,5,2,1410,5,1,1,6200,60,3,1,65.05854015,1,2
36,1,30,5,2,1410,5,1,1,6200,60,3,1,65.05854015,1,2
36,2,24,4,2,1410,5,1,1,6100,60,3,1,53.87676943,1,2
36,2,24,4,2,1410,5,1,1,6200,60,3,1,53.87676943,1,2
36,2,37,4,2,1410,5,1,1,6060,60,3,1,69.5653009,1,2
36,2,38,4,2,1410,5,1,1,6100,60,3,1,69.5653009,1,2
36,2,26,5,2,1410,5,1,1,4500,60,3,1,69.5653009,1,2
36,2,57,4,2,1010,3,6,2,2500,48,3,1,57.784851,1,2
36,2,57,4,1,1010,3,6,2,2500,56,3,1,57.784851,1,2
36,2,28,5,2,1410,5,1,1,5500,60,3,1,60.1733467,1,2
36,2,47,4,1,1410,3,6,2,4950,52,3,1,76.67408381,1,2
36,1,27,3,2,1321,10,1,1,4500,60,3,1,70.62441681,1,2
36,1,27,4,2,1312,10,2,1,4500,60,3,1,70.62441681,1,2
36,2,40,5,2,1410,5,1,1,6700,60,3,1,90.96334489,1,2
36,2,35,5,2,1410,5,1,1,5800,60,3,1,90.96334489,1,2
36,1,36,5,2,1410,5,1,1,5200,60,3,1,85.07032025,1,2
36,2,29,5,2,1410,11,2,1,4700,60,3,1,90.96334489,1,2
36,2,30,5,2,1410,5,1,1,5500,60,3,1,90.96334489,1,2
36,1,42,5,2,1410,5,1,1,5600,60,3,1,85.07032025,1,2
36,2,40,5,2,1410,5,1,1,5700,60,3,1,90.96334489,1,2
36,2,43,5,2,1410,5,1,1,9600,60,3,1,90.96334489,1,2
36,2,33,5,2,3311,10,1,1,4800,48,3,1,90.96334489,1,2
36,1,31,4,2,2392,5,1,1,4600,56,3,1,69.68526233,1,2
36,2,32,2,1,1103,5,1,1,4000,48,3,1,74.51252719,1,2
36,2,32,5,1,1103,5,1,1,4700,48,3,1,74.51252719,1,2
36,1,32,1,1,1103,5,1,1,4000,48,3,1,69.68526233,1,2
36,1,31,5,2,1103,5,1,1,4800,48,3,1,69.68526233,1,2
36,1,65,4,1,1321,5,4,2,3200,52,3,1,50.14878143,1,2
36,1,66,4,1,1312,5,3,1,2150,42,3,1,50.14878143,1,2
36,2,45,4,2,1410,3,6,2,4270,58,3,1,64.55463186,1,2
36,2,45,4,1,1410,3,5,2,5130,62,3,1,64.55463186,1,2
36,2,34,5,2,1410,10,3,1,4560,56,3,1,84.72076239,1,2
36,1,39,4,1,1010,5,1,1,3860,52,3,1,79.23216102,1,2
36,1,65,3,1,2511,3,6,2,3000,48,3,1,41.55410034,1,2
36,2,45,3,2,1410,5,6,2,4500,60,3,1,53.49102357,1,2
36,1,19,3,2,1410,5,6,2,4500,60,3,1,48.38957863,1,2
36,1,20,5,1,1071,3,6,2,1000,18,3,1,48.38957863,1,2
36,1,26,5,2,1321,10,2,1,2590,60,3,1,50.02562858,1,2
36,2,30,5,2,1410,11,1,1,4796,60,3,1,53.49102357,1,2
36,2,43,3,2,1410,3,7,2,7600,60,3,1,53.49102357,1,2
36,2,19,4,1,1410,3,7,2,4100,60,3,1,41.4276012,1,2
36,2,35,5,2,1410,5,1,1,5900,60,3,1,53.49102357,1,2
36,2,28,5,1,1061,5,2,1,4230,52,3,1,32.82099412,1,2
36,2,34,5,2,1410,5,1,1,6870,62,3,1,32.82099412,1,2
36,2,42,5,1,1410,3,6,2,6250,62,3,1,552.6046781,1,2
36,2,36,4,2,1410,11,2,1,3530,52,3,2,62.42620194,1,2
36,2,29,5,1,1410,5,2,1,3960,58,3,2,62.42620194,1,2
36,2,28,5,3,1410,11,2,1,3780,52,3,2,62.42620194,1,2
36,1,20,5,2,1520,5,1,1,4300,48,3,1,73.44579233,1,2
36,1,20,5,1,1520,5,1,1,5200,48,3,1,73.44579233,1,2
36,2,32,5,2,1410,11,1,1,5200,48,3,1,81.18877493,1,2
36,2,32,5,2,1410,11,1,1,5300,48,3,1,81.18877493,1,2
36,2,34,4,1,2930,5,1,1,4700,48,3,1,81.18877493,1,2
36,2,34,4,2,2930,5,1,1,5300,48,3,1,81.18877493,1,2
36,1,17,4,1,1520,11,1,1,5700,48,3,1,73.44579233,1,2
36,1,18,4,1,1520,11,1,1,5800,48,3,1,73.44579233,1,2
36,2,46,3,1,3100,3,6,2,2300,48,3,1,81.18877493,1,2
36,2,46,3,1,3100,3,6,2,2800,48,3,1,81.18877493,1,2
36,2,49,3,1,1629,3,6,2,1300,47,3,1,81.18877493,1,2
36,1,35,4,2,3100,3,6,2,5800,56,3,1,75.92899198,1,2
36,2,36,4,2,1410,11,1,1,4300,54,3,1,81.18877493,1,2
36,1,34,5,2,2511,3,6,2,4600,48,3,1,75.92899198,1,2
36,2,34,5,2,1410,5,1,1,4200,54,3,1,81.18877493,1,2
36,2,46,3,1,1629,3,6,2,1800,48,3,1,81.18877493,1,2
36,2,30,4,2,1410,5,1,1,4500,54,3,1,81.18877493,1,2
36,1,62,4,1,1629,3,6,2,1300,48,3,1,63.07089068,1,2
36,2,55,4,1,1629,3,6,2,1200,39,3,1,67.43996219,1,2
36,2,55,4,1,1629,3,6,2,1600,44,3,1,67.43996219,1,2
36,1,31,4,2,3100,3,6,2,4400,48,3,1,75.92899198,1,2
36,2,29,4,2,1410,11,1,1,4200,56,3,1,81.18877493,1,2
36,2,29,5,2,1410,11,1,1,5100,54,3,1,81.18877493,1,2
36,1,24,4,2,1410,3,6,2,4600,54,3,1,73.44579233,1,2
36,2,41,4,1,3100,3,1,1,2800,48,3,1,81.18877493,1,2
36,2,41,4,1,3100,3,6,2,3800,56,3,1,81.18877493,1,2
36,2,33,5,2,1410,11,1,1,5200,54,3,1,81.18877493,1,2
36,1,29,4,2,3100,3,6,2,5400,54,3,1,75.92899198,1,2
36,2,25,4,2,1410,11,1,1,4300,48,3,1,81.18877493,1,2
36,2,68,4,1,1410,3,6,2,1200,48,3,2,319.7094716,1,2
36,2,68,4,1,1410,3,6,2,1400,42,3,2,319.7094716,1,2
36,2,68,2,1,1410,3,6,2,1800,48,3,2,319.7094716,1,2
36,2,68,1,1,1410,3,6,2,1800,48,3,2,319.7094716,1,2
36,1,59,4,1,2511,5,6,2,7800,66,3,2,386.5980572,1,2
36,2,54,4,1,1410,3,6,2,2300,48,3,2,371.9736149,1,2
36,2,24,4,2,1410,3,6,2,5200,54,3,2,396.513879,1,2
36,2,49,4,2,1410,3,6,2,4100,48,3,2,371.9736149,1,2
36,2,24,5,2,1410,3,6,2,6100,54,3,2,396.513879,1,2
36,2,41,4,1,1410,3,6,2,2700,48,3,2,371.9736149,1,2
36,2,41,4,1,1410,3,6,2,2800,48,3,2,371.9736149,1,2
36,1,50,4,1,1322,3,6,2,6900,54,3,2,386.5980572,1,2
36,2,44,4,1,1323,3,6,2,5600,48,3,2,371.9736149,1,2
36,2,32,4,2,1410,11,1,1,4800,48,3,2,371.9736149,1,2
36,2,43,4,1,3290,5,1,1,5200,48,3,2,357.5405241,1,2
36,2,43,3,2,3290,11,1,1,5100,48,3,2,357.5405241,1,2
36,2,40,4,1,1410,5,1,1,6200,52,3,2,357.5405241,1,2
36,2,41,4,1,1410,5,1,1,6100,48,3,2,357.5405241,1,2
36,2,27,5,2,1410,11,1,1,5300,48,3,2,357.5405241,1,2
36,2,32,5,2,1520,5,1,1,3900,48,3,2,357.5405241,1,2
36,2,33,5,2,1520,5,1,1,4800,48,3,2,357.5405241,1,2
36,1,39,4,2,2511,3,6,2,5600,54,3,2,371.5975179,1,2
36,1,39,4,2,3091,3,1,2,5800,56,3,2,371.5975179,1,2
36,2,31,4,2,1410,11,1,1,4800,56,3,2,357.5405241,1,2
36,2,31,4,2,1410,11,1,1,5400,48,3,2,357.5405241,1,2
36,1,36,3,2,2930,3,6,2,5300,54,3,2,371.5975179,1,2
36,1,36,3,2,3091,3,2,1,5300,48,3,2,371.5975179,1,2
36,2,32,4,2,1410,5,1,1,4600,48,3,2,357.5405241,1,2
36,1,34,4,2,1410,5,1,1,5500,54,3,2,371.5975179,1,2
36,2,28,4,2,141,5,1,1,4300,48,3,2,359.526199,1,2
36,1,26,4,2,1321,5,1,1,4800,54,3,2,371.5975179,1,2
36,1,26,4,1,1313,11,1,1,5600,48,3,2,371.5975179,1,2
36,2,52,5,2,1410,3,6,2,4600,54,3,2,357.5405241,1,2
36,2,52,5,2,1410,3,6,2,4900,48,3,2,357.5405241,1,2
36,2,39,4,1,3100,5,3,1,4700,48,3,1,74.4491662,1,2
36,2,41,3,2,2395,5,6,2,3200,32,3,2,332.340736,1,2
36,2,42,3,1,2395,5,6,2,3600,32,3,2,332.340736,1,2
36,2,31,4,2,1410,11,2,1,4700,48,3,2,332.340736,1,2
36,2,33,4,2,1410,11,2,1,4500,48,3,2,332.340736,1,2
36,2,17,4,2,1410,11,3,1,3400,48,3,2,354.266295,1,2
36,1,19,4,2,1410,11,3,1,5300,48,3,2,310.3986873,1,2
36,1,34,4,6,3100,3,6,2,4600,48,3,2,390.2184694,1,2
36,2,30,4,2,1410,11,3,1,6100,48,3,2,375.4570722,1,2
36,2,47,4,2,1410,5,3,1,4100,48,3,2,375.4570722,1,2
36,2,36,4,1,1410,5,7,2,3000,60,3,2,375.4570722,1,2
36,2,36,4,1,1410,5,4,2,2800,48,3,2,375.4570722,1,2
36,2,45,4,2,1410,11,3,1,4300,48,3,2,375.4570722,1,2
36,2,49,4,1,1010,5,3,1,3400,48,3,2,375.4570722,1,2
36,2,49,4,1,1020,5,3,1,3600,48,3,2,375.4570722,1,2
36,2,20,4,2,1410,5,3,1,4400,48,3,2,400.2271509,1,2
36,2,18,4,1,1410,11,4,1,3900,48,3,2,400.2271509,1,2
36,2,34,4,2,1410,11,3,1,3900,48,3,2,375.4570722,1,2
36,1,27,4,1,2733,11,3,1,5400,48,3,2,390.2184694,1,2
36,1,27,4,2,2733,11,3,1,6100,48,3,2,390.2184694,1,2
36,2,22,5,2,2733,11,3,1,4800,48,3,2,400.2271509,1,2
36,1,22,5,1,1311,11,3,1,6200,54,3,2,333.1723081,1,2
36,1,19,4,5,1410,11,3,1,6500,48,3,2,333.1723081,1,2
36,1,52,5,1,3100,5,2,1,3700,48,3,2,370.7491217,1,2
36,1,52,5,1,1621,5,3,1,3800,48,3,2,370.7491217,1,2
36,2,52,3,2,2733,11,4,2,3800,36,3,2,356.7242216,1,2
36,1,35,5,2,1410,11,3,1,5100,48,3,2,370.7491217,1,2
36,2,30,4,2,1410,11,3,1,5200,48,3,2,356.7242216,1,2
36,1,24,5,2,2733,11,3,1,4600,48,3,2,333.1723081,1,2
36,1,22,5,1,1311,11,3,1,6100,48,3,2,333.1723081,1,2
36,2,23,5,2,1311,11,3,1,4900,48,3,2,380.2584355,1,2
36,2,24,4,2,2733,11,3,1,5300,48,3,2,380.2584355,1,2
36,1,18,5,2,1410,11,3,1,3900,48,3,2,333.1723081,1,2
36,2,34,5,2,1311,11,3,1,5200,48,3,2,356.7242216,1,2
36,2,25,4,2,1410,11,3,1,4200,48,3,2,356.7242216,1,2
36,1,41,5,1,1410,11,3,1,5400,48,3,2,370.7491217,1,2
36,2,39,4,2,1410,11,3,1,5100,48,3,2,356.7242216,1,2
36,2,52,3,1,2733,11,4,2,3900,36,3,2,356.7242216,1,2
36,1,33,4,2,2733,11,3,1,5300,48,3,2,370.7491217,1,2
36,2,42,5,2,1410,11,3,1,4800,48,3,2,356.7242216,1,2
36,1,23,5,2,1311,11,3,1,5200,48,3,2,333.1723081,1,2
36,2,33,4,2,1410,11,3,1,5500,48,3,2,356.7242216,1,2
36,2,39,4,5,1410,5,1,1,4500,48,3,2,377.4038866,1,2
36,2,39,4,2,1410,5,1,1,5000,48,3,2,377.4038866,1,2
36,1,17,4,5,1410,5,1,1,3000,40,3,2,352.4866449,1,2
36,1,17,4,2,1410,5,1,1,3500,48,3,2,352.4866449,1,2
36,1,34,4,5,1410,5,1,1,4800,48,3,2,392.2418244,1,2
36,1,34,4,2,1410,5,1,1,5200,48,3,2,392.2418244,1,2
36,2,29,4,2,3240,11,1,1,4200,45,3,2,377.4038866,1,2
36,2,29,4,2,3240,11,1,1,4500,48,3,2,377.4038866,1,2
36,2,35,4,5,1410,11,1,1,4500,45,3,2,377.4038866,1,2
36,2,36,4,2,1410,11,1,1,4500,48,3,2,377.4038866,1,2
36,1,18,4,2,2511,3,6,2,2800,36,3,2,246.0309467,1,2
36,2,30,4,2,1410,5,2,1,4300,40,3,2,263.422847,1,2
36,2,31,4,2,1410,5,1,1,5800,48,3,2,263.422847,1,2
36,2,36,4,2,3100,3,6,2,3300,42,3,2,263.422847,1,2
36,1,24,5,2,1410,5,2,1,4000,45,3,2,246.0309467,1,2
36,1,25,5,1,1410,5,1,1,4800,48,3,2,273.7795285,1,2
36,1,24,5,2,2733,11,1,1,4000,48,3,2,246.0309467,1,2
36,2,47,4,2,3290,3,6,2,3200,30,3,2,359.432273,1,2
36,2,36,4,2,2733,11,2,1,4600,48,3,2,359.432273,1,2
36,2,36,3,2,2733,11,1,1,6000,40,3,2,359.432273,1,2
36,2,20,5,2,2733,11,2,1,4500,56,3,2,383.1451455,1,2
36,2,20,2,2,2733,11,1,1,4000,40,3,2,383.1451455,1,2
36,2,57,4,2,1629,3,6,2,1100,30,3,2,308.9302506,1,2
36,1,45,4,2,3100,3,6,2,8300,60,3,2,373.5636423,1,2
36,1,44,3,2,3100,3,6,2,8000,50,3,2,373.5636423,1,2
36,2,38,4,2,2733,11,1,1,4300,48,3,2,359.432273,1,2
36,2,37,4,2,2733,11,1,1,5600,40,3,2,359.432273,1,2
36,2,39,4,2,1629,3,6,2,2200,35,3,2,359.432273,1,2
36,2,40,4,2,1629,3,6,2,1760,40,3,2,359.432273,1,2
36,1,19,4,1,1629,3,6,2,1600,30,3,2,335.7015665,1,2
36,1,37,4,2,2396,3,6,2,6500,45,3,2,373.5636423,1,2
36,1,38,4,2,2396,3,6,2,6200,48,3,2,373.5636423,1,2
36,2,31,4,2,1410,11,2,1,4800,40,3,2,359.432273,1,2
36,2,32,4,2,1410,5,1,1,4500,40,3,2,359.432273,1,2
36,1,59,4,2,3100,3,6,2,5400,48,3,2,373.5636423,1,2
36,1,60,4,2,3100,3,6,2,6400,45,3,2,321.0760923,1,2
36,1,26,4,2,3100,3,6,2,5200,50,3,2,373.5636423,1,2
36,1,27,4,2,3100,3,6,2,6500,48,3,2,373.5636423,1,2
36,2,31,4,2,2733,11,2,1,4500,40,3,2,359.432273,1,2
36,2,32,4,2,2733,11,1,1,4800,48,3,2,359.432273,1,2
36,1,42,3,5,1410,5,1,1,4800,48,3,2,364.1063349,1,2
36,2,38,3,2,1410,3,6,2,2100,45,3,2,350.3327217,1,2
36,2,20,5,2,1410,5,1,1,4500,45,3,2,373.4452684,1,2
36,1,34,5,5,1410,5,1,1,4900,48,3,2,364.1063349,1,2
36,2,25,4,5,1410,5,1,1,5200,48,3,2,350.3327217,1,2
36,1,31,3,6,1410,5,1,1,5500,48,3,2,364.1063349,1,2
36,2,27,4,5,1410,3,6,2,4500,48,3,2,350.3327217,1,2
36,1,23,4,5,1410,5,1,1,4500,48,3,2,327.2027927,1,2
36,1,33,4,5,1410,5,1,1,5000,48,3,2,364.1063349,1,2
36,2,27,4,5,1410,5,1,1,4800,48,3,2,350.3327217,1,2
36,1,48,2,5,1410,5,1,1,4600,48,3,2,364.1063349,1,2
36,2,49,3,5,1410,5,1,1,5100,45,3,2,350.3327217,1,2
36,1,54,3,2,1410,3,6,2,2600,42,3,2,364.1063349,1,2
36,2,52,3,2,1410,3,6,2,3100,45,3,2,350.3327217,1,2
36,1,16,3,2,1410,5,1,1,4500,48,3,2,327.2027927,1,2
36,2,37,3,2,1410,3,6,2,3400,48,3,2,350.3327217,1,2
36,1,41,3,2,1410,5,1,1,5400,48,3,2,364.1063349,1,2
36,2,37,3,2,1410,5,1,1,4800,45,3,2,350.3327217,1,2
36,1,38,3,2,1410,5,1,1,4800,48,3,2,364.1063349,1,2
36,2,33,4,2,1410,3,6,2,2400,40,3,2,350.3327217,1,2
36,2,53,4,1,1410,3,6,2,2000,40,3,2,350.3327217,1,2
36,2,53,4,1,1410,3,6,2,2900,45,3,2,350.3327217,1,2
36,1,34,3,2,2220,5,1,1,5000,48,3,2,364.1063349,1,2
36,2,28,4,2,1410,5,1,1,4500,48,3,2,350.3327217,1,2
36,1,19,4,2,1410,5,1,1,4500,48,3,2,327.2027927,1,2
36,2,19,4,2,1410,5,1,1,5000,48,3,2,373.4452684,1,2
36,1,62,3,1,1410,5,6,2,2500,40,3,2,312.9475836,1,2
36,1,63,3,2,1410,3,6,2,3000,40,3,2,312.9475836,1,2
36,2,60,2,1,1410,5,6,2,1780,30,3,2,301.1092316,1,2
36,2,61,2,1,1410,3,6,2,3700,45,3,2,301.1092316,1,2
36,2,40,4,1,1410,3,6,2,2500,40,3,2,350.3327217,1,2
36,1,69,4,2,2599,3,6,2,3100,45,3,2,312.9475836,1,2
36,1,59,6,2,1410,5,1,1,1400,40,3,2,364.1063349,1,2
36,1,36,8,2,1410,5,1,1,18000,50,3,2,364.1063349,1,2
36,2,57,4,2,2220,3,6,2,1200,40,3,2,301.1092316,1,2
36,1,25,3,2,1410,3,6,2,4500,48,3,2,364.1063349,1,2
36,2,22,3,1,2220,5,1,1,4000,45,3,2,373.4452684,1,2
36,2,36,3,2,2220,5,1,1,5000,48,3,2,350.3327217,1,2
36,1,56,2,2,1410,5,1,1,4000,48,3,2,364.1063349,1,2
36,2,51,3,1,3211,3,6,2,2410,45,3,2,350.3327217,1,2
36,2,52,3,2,2599,3,6,2,3400,42,3,2,350.3327217,1,2
36,1,27,4,2,1410,5,1,1,7000,48,3,2,364.1063349,1,2
36,1,42,4,2,1410,5,1,1,7500,48,3,2,364.1063349,1,2
36,2,35,7,2,1410,5,1,1,6200,48,3,2,350.3327217,1,2
36,1,43,5,2,1520,5,2,1,6100,72,3,1,72.66423188,1,2
36,2,37,4,2,1410,5,2,1,6300,72,3,1,77.69785709,1,2
36,2,34,4,2,1410,5,2,1,5600,72,3,2,355.203658,1,2
36,2,20,4,2,1410,5,2,1,4900,72,3,2,378.6375556,1,2
36,2,21,4,2,1520,5,3,1,5200,60,3,2,337.7353505,1,2
36,2,51,4,1,1410,3,7,2,1800,46,3,2,344.3593067,1,2
36,1,60,4,2,2395,3,6,2,5600,52,3,2,307.611611,1,2
36,1,53,5,2,311,1,6,2,6700,60,3,2,359.8857308,1,2
36,2,47,3,1,2410,3,6,2,5000,40,3,1,70.0615112,1,2
36,2,48,3,1,2410,3,6,2,4800,42,3,1,70.0615112,1,2
36,1,27,5,2,1410,5,2,1,4300,48,3,2,382.6749507,1,2
36,1,24,5,2,1410,11,2,1,4500,48,3,2,343.8894096,1,2
36,2,58,3,1,2220,3,6,2,1900,30,3,2,316.4651348,1,2
36,2,58,3,2,2220,3,6,2,2000,30,3,2,316.4651348,1,2
36,1,34,3,2,3092,3,6,2,5000,48,3,2,378.5270753,1,2
36,1,59,4,1,2392,5,4,2,2600,56,3,2,266.428409,1,2
36,1,59,4,1,2392,5,4,2,2600,30,3,2,266.428409,1,2
36,1,61,4,2,2511,3,6,2,5300,45,3,2,228.9938922,1,2
36,2,44,4,1,2410,5,6,2,4000,30,3,2,256.3498098,1,2
36,2,44,4,1,2410,5,3,1,3000,30,3,2,256.3498098,1,2
36,2,48,4,2,1312,3,6,2,2700,51,3,2,316.116076,1,2
36,2,49,4,2,1312,3,6,2,2850,56,3,2,316.116076,1,2
36,1,52,4,1,3100,3,6,2,2600,47,3,2,328.5444341,1,2
36,1,52,4,1,3100,3,6,2,2800,42,3,2,328.5444341,1,2
36,1,25,4,2,3100,3,6,2,5000,55,3,2,328.5444341,1,2
36,2,49,4,1,1312,3,6,2,2500,52,3,2,316.116076,1,2
36,1,53,4,1,1520,11,2,1,3800,48,3,2,328.5444341,1,2
36,1,53,4,1,1520,11,2,1,3800,48,3,2,328.5444341,1,2
36,2,31,4,2,1520,11,3,1,4550,50,3,2,316.116076,1,2
36,2,32,4,2,1520,11,2,1,7100,48,3,2,316.116076,1,2
36,1,28,4,2,3100,3,6,2,8000,52,3,2,328.5444341,1,2
36,1,29,4,2,3100,3,6,2,7200,55,3,2,328.5444341,1,2
36,1,53,5,1,3100,3,6,2,3770,50,3,2,328.5444341,1,2
36,1,54,5,1,3100,3,6,2,3850,45,3,2,328.5444341,1,2
36,2,32,4,2,1520,11,2,1,5000,52,3,2,374.3846555,1,2
36,2,32,4,2,1520,11,2,1,5300,56,3,2,374.3846555,1,2
36,2,37,3,2,1520,11,2,1,8000,60,3,2,374.3846555,1,2
36,2,37,3,2,1520,11,2,1,6800,56,3,2,374.3846555,1,2
36,2,46,4,1,1520,11,3,1,5000,50,3,2,374.3846555,1,2
36,2,46,4,2,1520,11,2,1,5100,54,3,2,374.3846555,1,2
36,2,21,4,2,1410,11,3,1,6100,59,3,2,399.0839836,1,2
36,2,17,4,1,1410,11,4,1,3700,48,3,2,399.0839836,1,2
36,2,18,4,2,1410,11,2,1,3800,56,3,2,399.0839836,1,2
36,2,35,4,2,1520,11,2,1,7000,48,3,2,374.3846555,1,2
36,2,36,4,2,1520,11,2,1,6800,60,3,2,374.3846555,1,2
36,1,32,4,1,1520,11,1,1,6200,48,3,2,389.1038898,1,2
36,1,33,4,2,1520,11,2,1,6200,65,3,2,389.1038898,1,2
36,2,27,4,2,1410,11,2,1,4500,48,3,2,374.3846555,1,2
36,2,27,4,2,1410,11,2,1,4700,56,3,2,374.3846555,1,2
36,2,36,3,2,1520,11,1,1,5700,48,3,2,374.3846555,1,2
36,2,36,4,2,1520,11,3,1,5800,56,3,2,374.3846555,1,2
36,2,42,4,1,1520,11,3,1,5000,58,3,2,374.3846555,1,2
36,2,42,4,1,1520,11,2,1,6800,48,3,2,374.3846555,1,2
36,2,38,4,2,1520,11,2,1,3500,50,3,2,374.3846555,1,2
36,2,38,4,2,1520,11,2,1,7400,48,3,2,374.3846555,1,2
36,2,45,4,1,2392,5,6,2,3000,50,3,2,374.3846555,1,2
36,2,46,4,2,1520,11,2,1,5100,54,3,2,374.3846555,1,2
36,2,25,4,2,1410,11,2,1,5000,48,3,2,374.3846555,1,2
36,2,24,4,1,1410,11,2,1,4500,50,3,2,399.0839836,1,2
36,1,36,4,2,1520,11,2,1,4200,52,3,2,389.1038898,1,2
36,1,37,4,2,1520,11,2,1,8600,48,3,2,389.1038898,1,2
36,2,32,4,2,1520,11,2,1,5000,50,3,2,374.3846555,1,2
36,2,33,4,2,1520,11,2,1,7400,48,3,2,374.3846555,1,2
36,2,35,5,2,1410,5,2,1,6000,50,3,2,374.3846555,1,2
36,2,36,5,2,1410,5,2,1,6000,60,3,2,374.3846555,1,2
36,2,34,4,2,1520,11,2,1,5100,56,3,1,74.75723172,1,2
36,2,34,4,2,1520,11,2,1,5850,53,3,1,74.75723172,1,2
36,1,53,4,2,3100,3,6,2,5660,57,3,1,69.91411377,1,2
36,1,53,4,2,3100,3,6,2,5720,57,3,1,69.91411377,1,2
36,2,36,4,2,1520,11,2,1,4850,56,3,1,74.75723172,1,2
36,2,37,4,2,1520,11,3,1,5150,59,3,1,74.75723172,1,2
36,2,31,5,1,1410,11,2,1,4500,48,3,1,74.75723172,1,2
36,2,31,5,1,1520,11,3,1,4600,56,3,1,74.75723172,1,2
36,2,26,7,2,1512,11,2,1,5300,52,3,1,74.75723172,1,2
36,2,34,4,1,1520,11,2,1,4500,50,3,1,74.75723172,1,2
36,2,34,4,2,1520,11,2,1,4500,60,3,1,74.75723172,1,2
36,1,52,4,2,3100,3,6,2,4300,52,3,1,69.91411377,1,2
36,1,52,4,2,3100,3,6,2,4500,40,3,1,69.91411377,1,2
36,1,23,4,1,1410,11,2,1,4500,56,3,1,67.62762612,1,2
36,1,52,4,1,1010,3,6,2,1800,25,3,1,69.91411377,1,2
36,2,28,4,2,1410,11,2,1,4700,56,3,1,80.98355345,1,2
36,2,29,4,2,1410,11,2,1,5100,56,3,1,80.98355345,1,2
36,2,36,4,1,1410,3,6,2,1060,35,3,1,80.98355345,1,2
36,2,35,4,2,1410,11,2,1,5700,56,3,1,80.98355345,1,2
36,2,35,4,2,1410,11,2,1,5800,56,3,1,80.98355345,1,2
36,2,24,4,1,1410,3,6,2,1800,45,3,1,62.71995062,1,2
36,2,24,4,1,1410,11,4,1,4000,54,3,1,62.71995062,1,2
36,2,17,4,2,1410,11,2,1,4500,50,3,1,62.71995062,1,2
36,2,18,4,2,1410,11,3,1,4500,56,3,1,62.71995062,1,2
36,2,33,4,2,1410,11,2,1,4700,50,3,1,80.98355345,1,2
36,2,34,4,2,1410,11,2,1,4500,56,3,1,80.98355345,1,2
36,2,23,4,1,2220,3,6,2,700,40,3,1,62.71995062,1,2
36,2,23,4,1,2220,3,6,2,700,50,3,1,62.71995062,1,2
36,1,67,4,2,3100,3,5,2,4200,52,3,1,62.91146591,1,2
36,1,68,4,2,1622,3,6,2,4500,56,3,1,62.91146591,1,2
36,2,60,1,1,2220,3,6,2,900,40,3,1,67.26949369,1,2
36,2,61,1,1,3290,3,6,2,800,50,3,1,67.26949369,1,2
36,2,26,4,2,1410,11,3,1,4000,50,3,1,80.98355345,1,2
36,2,27,4,2,1410,11,2,1,4000,54,3,1,80.98355345,1,2
36,1,29,4,2,3100,3,6,2,6100,52,3,1,75.73706569,1,2
36,1,28,4,2,3100,3,6,2,6000,60,3,1,75.73706569,1,2
36,2,18,4,1,1410,3,6,2,3500,52,3,2,353.1321091,1,2
36,2,18,4,2,1410,3,6,2,3800,53,3,2,353.1321091,1,2
36,2,26,4,2,1410,5,2,1,5500,55,3,2,331.2767449,1,2
36,2,26,4,2,1410,5,3,1,3800,53,3,2,331.2767449,1,2
36,2,36,4,1,1410,3,6,2,3200,50,3,2,331.2767449,1,2
36,2,36,4,2,1410,3,6,2,3500,50,3,2,331.2767449,1,2
36,2,42,4,2,1410,3,6,2,3500,48,3,2,331.2767449,1,2
36,2,42,4,2,1410,3,6,2,3500,50,3,2,331.2767449,1,2
36,1,16,4,1,3100,3,6,2,500,50,3,2,309.4049438,1,2
36,1,36,4,2,2511,3,6,2,4800,52,3,2,344.301157,1,2
36,1,36,4,2,2511,3,6,2,5800,53,3,2,344.301157,1,2
36,2,31,4,1,3240,11,2,1,5200,50,3,2,331.2767449,1,2
36,2,32,4,2,3240,11,2,1,5500,56,3,2,331.2767449,1,2
36,1,33,4,2,3100,3,6,2,6100,48,3,2,344.301157,1,2
36,1,33,4,2,3100,3,6,2,6500,56,3,2,344.301157,1,2
36,2,44,4,2,3240,11,3,1,5200,53,3,2,331.2767449,1,2
36,2,45,4,1,3240,11,3,1,5200,54,3,2,331.2767449,1,2
36,2,41,4,1,3240,11,3,1,5100,55,3,2,331.2767449,1,2
36,2,41,4,2,3240,11,2,1,5200,52,3,2,331.2767449,1,2
36,2,44,4,2,3240,11,3,1,5150,56,3,2,331.2767449,1,2
36,2,44,4,2,3240,11,2,1,5600,52,3,2,331.2767449,1,2
36,2,36,3,1,3240,11,3,1,7800,68,3,2,331.2767449,1,2
36,1,31,4,1,1075,3,6,2,1800,30,3,2,280.6282971,1,2
36,1,31,2,1,1075,3,6,2,2000,25,3,2,280.6282971,1,2
36,2,59,4,1,118,5,4,2,1800,25,3,2,233.3633053,1,2
36,1,51,4,2,161,5,3,2,1500,17,3,2,282.1868241,1,2
36,2,30,4,2,1410,5,2,1,2800,48,3,2,270.0125368,1,2
36,1,34,4,1,118,5,3,1,3000,42,3,2,282.1868241,1,2
36,2,30,4,1,118,5,3,1,3000,42,3,2,271.5121069,1,2
36,2,29,4,1,3100,3,6,2,3500,40,3,2,318.9328619,1,2
36,2,30,4,1,3100,3,6,2,3700,48,3,2,318.9328619,1,2
36,2,32,4,2,1410,3,6,2,2000,38,3,2,318.9328619,1,2
36,2,32,4,2,1410,3,6,2,3000,45,3,2,318.9328619,1,2
36,1,50,5,2,2511,3,6,2,4000,48,3,2,331.4719643,1,2
36,2,34,4,2,1410,3,6,2,2200,40,3,2,318.9328619,1,2
36,1,49,5,2,2511,3,6,2,3500,48,3,2,331.4719643,1,2
36,1,33,5,2,2511,3,6,2,3800,48,3,2,331.4719643,1,2
36,2,34,4,2,1410,3,6,2,3000,35,3,2,318.9328619,1,2
36,1,32,5,2,2511,3,6,2,3000,40,3,2,331.4719643,1,2
36,1,24,4,2,3100,3,6,2,5000,48,3,2,331.0516462,1,2
36,1,23,4,2,3100,3,6,2,4500,50,3,2,331.0516462,1,2
36,2,25,5,2,1410,5,2,1,5000,48,3,2,354.4536503,1,2
36,2,24,5,2,1410,3,2,1,4000,48,3,2,377.8380675,1,2
36,2,21,5,2,1410,5,2,1,5300,48,3,2,377.8380675,1,2
36,2,19,4,2,1410,5,2,1,4800,48,3,2,377.8380675,1,2
36,2,21,5,2,1410,5,2,1,4000,48,3,2,377.8380675,1,2
36,2,18,4,2,1410,5,2,1,4000,48,3,2,377.8380675,1,2
36,2,27,4,2,1410,5,2,1,5600,48,3,2,354.4536503,1,2
36,2,26,4,2,1410,5,2,1,5500,48,3,2,354.4536503,1,2
36,2,20,4,2,1410,5,2,1,4000,48,3,2,377.8380675,1,2
36,1,21,4,2,1410,3,6,2,4400,50,3,2,331.0516462,1,2
36,2,57,4,2,1410,3,6,2,2500,40,3,2,280.3255978,1,2
36,1,27,5,2,1410,5,2,1,4500,50,3,2,338.9744162,1,2
36,2,57,4,2,1410,3,6,2,2000,40,3,2,280.3255978,1,2
36,2,33,4,2,1410,3,6,2,3000,40,3,2,326.1515069,1,2
36,1,35,4,2,2511,3,6,2,4000,40,3,2,338.9744162,1,2
36,1,39,4,2,2511,3,6,2,4000,48,3,2,338.9744162,1,2
36,2,41,3,2,1410,3,6,2,4800,50,3,1,66.70645292,1,2
36,1,23,5,2,1410,5,2,1,5500,56,3,1,60.344651,1,2
36,1,35,4,5,1324,3,6,2,6000,63,3,1,62.38490152,1,2
36,2,29,5,2,1324,3,6,2,4000,63,3,1,66.70645292,1,2
36,2,41,4,1,1410,5,2,1,4300,59,3,1,66.70645292,1,2
36,2,41,4,2,1410,5,2,1,3800,50,3,1,66.70645292,1,2
36,2,35,4,2,1629,3,6,2,4500,56,3,1,66.70645292,1,2
36,2,35,4,2,1629,3,6,2,4500,56,3,1,66.70645292,1,2
36,2,46,2,2,2395,3,6,2,4000,56,3,1,66.70645292,1,2
36,2,46,4,1,2395,3,6,2,3500,50,3,1,66.70645292,1,2
36,1,57,4,1,3011,5,3,1,4000,70,3,1,62.38490152,1,2
36,1,57,4,5,3011,5,1,1,4000,70,3,1,62.38490152,1,2
36,2,35,3,2,1410,5,2,1,4000,48,3,1,66.70645292,1,2
36,2,35,3,2,1410,5,3,1,4000,48,3,1,66.70645292,1,2
36,1,36,3,2,311,1,6,2,3000,32,3,1,78.68365957,1,2
36,2,41,4,2,1410,3,6,2,3800,60,3,1,84.13426494,1,2
36,1,21,3,2,2511,3,6,2,4500,54,3,1,76.11037063,1,2
36,2,17,4,2,1410,3,6,2,3300,63,3,1,65.16010618,1,2
36,1,37,3,2,311,1,6,2,3000,32,3,1,78.68365957,1,2
36,1,63,3,1,1410,5,2,1,4000,62,3,2,276.8699636,1,2
36,2,59,2,1,2395,3,6,2,3600,50,3,2,266.3963755,1,2
36,2,41,3,1,2395,3,6,2,3500,50,3,2,309.9452209,1,2
36,1,44,4,2,3100,3,6,2,5500,54,3,2,322.1309669,1,2
36,2,40,4,2,1410,3,6,2,4200,58,3,2,309.9452209,1,2
36,1,27,4,1,1622,5,6,2,8000,70,3,2,322.1309669,1,2
36,2,26,4,2,1410,3,6,2,3000,63,3,2,309.9452209,1,2
36,2,67,2,1,118,1,6,2,260,24,3,2,267.8758626,1,2
36,2,67,4,1,111,1,6,2,1500,35,3,2,267.8758626,1,2
36,1,60,4,1,322,1,6,2,4600,70,3,2,278.4076179,1,2
36,2,36,3,1,1410,3,6,2,3000,54,3,2,309.9452209,1,2
36,2,28,3,1,1410,3,6,2,2800,50,3,2,309.9452209,1,2
36,1,24,4,2,1410,3,6,2,3500,40,3,2,289.4817856,1,2
36,2,17,4,2,1410,3,6,2,3500,40,3,2,330.3932777,1,2
36,2,36,3,1,111,1,6,2,3000,35,3,2,295.6104303,1,2
36,2,48,5,1,118,1,6,2,2000,35,3,2,295.6104303,1,2
36,1,38,4,2,3100,3,6,2,5500,56,3,2,305.5357369,1,2
36,2,30,4,2,1410,3,6,2,2600,60,3,2,293.9777643,1,2
36,2,40,3,2,1322,5,2,1,5200,52,3,2,293.9777643,1,2
36,2,33,4,1,1322,5,3,1,4200,50,3,2,293.9777643,1,2
36,1,64,4,2,3100,3,6,2,5500,55,3,2,181.6867708,1,2
36,1,64,4,2,3100,3,6,2,4600,54,3,2,181.6867708,1,2
36,1,55,4,2,322,1,6,2,4200,66,3,2,212.5617953,1,2
36,1,55,4,1,322,1,6,2,3500,56,3,2,212.5617953,1,2
36,1,68,3,1,322,1,6,2,4000,70,3,2,182.6958056,1,2
36,2,67,3,1,322,1,6,2,3000,14,3,2,175.784689,1,2
36,2,43,3,1,1061,3,6,2,3600,56,3,1,60.00051321,1,2
36,1,30,4,1,2395,3,6,2,6100,50,3,1,56.11340348,1,2
36,2,28,4,2,1410,11,3,1,4000,60,3,1,82.49601225,1,2
36,2,28,4,2,1410,5,3,1,4300,60,3,1,82.49601225,1,2
36,1,62,4,1,1020,5,3,1,8000,56,3,1,64.08640818,1,2
36,1,62,4,1,1020,5,3,1,8000,60,3,1,64.08640818,1,2
36,1,16,4,1,2511,3,6,2,3400,49,3,1,74.62835828,1,2
36,1,16,4,1,2511,3,6,2,3700,56,3,1,74.62835828,1,2
36,1,57,4,1,311,1,6,2,5500,42,3,1,77.15154044,1,2
36,1,58,4,2,311,1,6,2,7000,60,3,1,77.15154044,1,2
36,1,57,4,1,311,1,6,2,6100,49,3,1,77.15154044,1,2
36,1,58,4,1,312,1,6,2,6400,56,3,1,77.15154044,1,2
36,1,27,5,2,1410,5,2,1,5000,60,3,2,369.1687759,1,2
36,1,59,4,2,3100,3,6,2,3400,56,3,2,369.1687759,1,2
36,1,59,4,2,3100,3,6,2,6200,56,3,2,369.1687759,1,2
36,2,20,4,2,1410,3,6,2,2800,42,3,2,378.6375556,1,2
36,2,20,4,2,1410,3,6,2,3400,54,3,2,378.6375556,1,2
36,1,61,4,2,3100,3,6,2,4900,56,3,2,317.2987265,1,2
36,1,62,4,2,3100,3,6,2,4600,52,3,2,317.2987265,1,2
36,2,30,4,2,1410,3,6,2,3100,49,3,2,355.203658,1,2
36,1,60,5,2,3100,3,6,2,3900,56,3,2,317.2987265,1,2
36,1,60,5,2,3100,3,6,2,5600,56,3,2,317.2987265,1,2
36,2,38,4,2,1410,5,2,1,4200,56,3,2,312.334251,1,2
36,2,37,4,2,1410,5,3,2,3900,56,3,2,312.334251,1,2
36,2,38,4,2,1410,6,2,1,4400,62,3,2,312.334251,1,2
36,2,23,5,2,1410,5,2,1,3900,56,3,2,332.9399196,1,2
36,1,30,4,1,2396,3,6,2,4600,56,3,2,324.6139237,1,2
36,1,30,4,1,2396,3,6,2,5700,52,3,2,324.6139237,1,2
36,1,30,5,1,2396,3,6,2,7300,56,3,2,324.6139237,1,2
36,1,31,5,1,2396,3,6,2,7800,56,3,2,324.6139237,1,2
36,2,26,4,1,3240,5,2,1,6100,65,3,2,312.334251,1,2
36,2,26,4,1,3240,5,2,1,5800,62,3,2,312.334251,1,2
36,1,64,4,1,118,1,6,2,2100,49,3,2,280.553559,1,2
36,1,52,4,1,118,1,6,2,4300,52,3,2,369.2444613,1,2
36,1,47,4,1,118,1,6,2,4200,56,3,2,369.2444613,1,2
36,1,51,4,2,161,1,6,2,3700,45,3,2,369.2444613,1,2
36,1,46,4,2,161,1,6,2,4200,56,3,2,369.2444613,1,2
36,2,39,2,2,1410,3,6,2,2600,42,3,2,353.3142768,1,2
36,2,40,2,2,1410,3,6,2,2450,42,3,2,353.3142768,1,2
36,1,32,4,2,311,1,6,2,6400,49,3,2,369.2444613,1,2
36,1,33,4,1,311,1,6,2,5100,60,3,2,369.2444613,1,2
36,1,24,4,2,1410,5,2,1,5100,56,3,2,329.9874973,1,2
36,1,25,4,1,2396,3,6,2,3750,49,3,2,367.2051122,1,2
36,2,49,4,1,146,1,6,2,3200,56,3,2,355.2764803,1,2
36,2,21,4,2,1410,5,2,1,4900,60,3,2,376.623526,1,2
36,2,29,4,2,1410,5,2,1,5400,65,3,2,353.3142768,1,2
36,2,29,4,2,1410,5,2,1,5400,65,3,2,353.3142768,1,2
36,1,57,4,1,3100,3,6,2,6400,50,3,2,367.2051122,1,2
36,1,57,7,2,3100,3,6,2,7200,52,3,2,367.2051122,1,2
36,2,51,4,1,3100,3,6,2,3600,54,3,2,353.3142768,1,2
36,2,51,4,1,3100,3,6,2,3720,56,3,2,353.3142768,1,2
36,1,19,4,2,3100,3,6,2,8400,60,3,2,329.9874973,1,2
36,1,19,4,2,3100,3,6,2,8100,56,3,2,329.9874973,1,2
36,1,42,4,1,1920,3,6,2,7400,56,3,2,367.2051122,1,2
36,2,24,4,2,1410,5,2,1,5100,67,3,2,376.623526,1,2
36,2,25,4,2,1410,5,2,1,4900,60,3,2,353.3142768,1,2
36,1,41,3,2,311,1,6,2,6400,50,3,2,369.2444613,1,2
36,1,42,3,1,311,1,6,2,6200,52,3,2,369.2444613,1,2
36,2,18,4,2,1410,5,2,1,3200,60,3,2,376.623526,1,2
36,2,18,4,1,1410,5,2,1,3900,56,3,2,376.623526,1,2
36,1,26,4,2,2396,3,6,2,7400,56,3,2,367.2051122,1,2
36,1,26,4,1,2396,3,6,2,7200,56,3,2,367.2051122,1,2
36,2,55,4,1,3100,3,6,2,2700,60,3,2,305.7819169,1,2
36,2,25,4,1,1520,5,2,1,2700,65,3,2,355.7692689,1,2
36,2,26,4,1,1520,11,3,1,4500,55,3,2,355.7692689,1,2
36,1,42,4,1,1020,5,2,1,8000,60,3,2,369.7566243,1,2
36,2,37,4,1,3240,5,2,1,6000,65,3,2,355.7692689,1,2
36,2,37,4,1,3240,5,2,1,4500,50,3,2,355.7692689,1,2
36,1,41,5,1,2512,5,6,2,7000,56,3,2,369.7566243,1,2
36,2,39,5,2,1410,3,6,2,3400,49,3,2,355.7692689,1,2
36,2,25,4,1,3240,5,2,1,5400,65,3,2,355.7692689,1,2
36,2,26,4,1,3240,5,2,1,6500,60,3,2,355.7692689,1,2
36,1,67,4,1,322,1,6,2,6000,67,3,2,319.568969,1,2
36,1,21,4,1,2396,3,6,2,4700,49,3,2,332.2804041,1,2
36,1,22,4,1,2396,3,6,2,4100,56,3,2,332.2804041,1,2
36,2,26,4,1,1520,5,2,1,6200,62,3,2,355.7692689,1,2
37,1,29,5,1,1322,3,6,2,5000,49,3,1,42.6607421,1,2
37,1,29,5,1,1322,3,6,2,4600,48,3,1,42.6607421,1,2
37,1,54,4,2,3100,3,6,2,6000,56,3,1,42.6607421,1,2
37,1,34,4,2,3100,3,6,2,4600,56,3,1,42.6607421,1,2
37,2,40,4,1,1701,5,3,2,3000,48,3,1,41.81860764,1,2
37,2,40,4,1,1701,5,3,2,3200,48,3,1,41.81860764,1,2
37,2,34,5,1,1410,3,6,2,4000,63,3,1,41.81860764,1,2
37,2,34,5,2,1410,3,6,2,4000,49,3,1,41.81860764,1,2
37,1,26,4,1,3011,5,3,2,5000,48,3,1,42.6607421,1,2
37,1,26,4,1,3011,5,3,2,6000,56,3,1,42.6607421,1,2
37,2,36,4,2,1410,5,1,1,5000,48,3,1,41.81860764,1,2
37,2,36,4,2,1410,5,1,1,6000,48,3,1,41.81860764,1,2
37,2,38,5,2,1410,5,2,1,4000,56,3,1,37.21774515,1,2
37,2,39,5,2,1410,5,2,1,4000,56,3,1,37.21774515,1,2
37,1,58,5,2,1701,5,2,2,4000,56,3,1,37.9672284,1,2
37,1,58,5,2,1701,5,2,2,4500,56,3,1,37.9672284,1,2
37,2,55,4,2,1410,5,2,2,5000,48,3,1,30.9151521,1,2
37,2,56,4,2,1410,5,2,2,5000,48,3,1,30.9151521,1,2
37,2,44,5,1,1410,5,2,1,4000,60,3,1,41.79554629,1,2
37,2,45,5,2,1410,5,2,1,5000,56,3,1,41.79554629,1,2
37,2,34,4,2,1410,5,2,1,4000,50,3,1,41.79554629,1,2
37,2,35,5,2,1410,5,2,1,4500,48,3,1,41.79554629,1,2
37,2,42,4,2,1410,10,2,2,3000,48,3,1,41.79554629,1,2
37,2,43,4,2,1410,5,2,2,3500,48,3,1,41.79554629,1,2
37,1,19,5,1,1410,5,2,1,3000,48,3,1,41.42619745,1,2
37,1,20,5,1,1410,5,2,1,3800,48,3,1,41.42619745,1,2
37,1,47,4,2,2599,3,6,2,4000,56,3,1,42.63721635,1,2
37,1,48,4,2,2599,3,6,2,4500,56,3,1,42.63721635,1,2
37,1,51,4,2,2511,3,6,2,3500,48,3,1,30.80289635,1,2
37,1,51,4,2,2511,3,6,2,3500,48,3,1,30.80289635,1,2
37,2,48,4,2,2392,3,6,2,2200,35,3,1,30.19483894,1,2
37,2,48,4,1,2392,3,6,2,2200,35,3,1,30.19483894,1,2
37,2,18,4,2,1410,5,2,2,5000,48,3,1,31.0442987,1,2
37,2,18,4,2,1410,5,2,2,5000,48,3,1,31.0442987,1,2
37,1,28,5,2,2511,3,6,2,5100,50,3,1,30.82893431,1,2
37,2,55,4,1,1071,3,6,2,2700,45,3,1,25.10273289,1,2
37,2,56,4,1,1071,3,6,2,2700,45,3,1,25.10273289,1,2
37,1,50,4,1,130,1,6,2,4500,55,3,1,26.26544074,1,2
37,2,37,5,2,1410,5,1,2,4000,50,3,1,25.74695391,1,2
37,2,38,5,2,1410,5,6,2,4000,50,3,1,25.74695391,1,2
37,2,33,5,2,1410,5,1,2,3900,50,3,1,25.74695391,1,2
37,2,34,5,2,1410,5,2,2,4500,52,3,1,25.74695391,1,2
37,2,47,5,2,1410,5,1,2,4000,50,3,1,25.74695391,1,2
37,2,48,5,2,1410,5,2,2,4100,50,3,1,25.74695391,1,2
37,2,41,4,2,1410,11,1,1,4500,48,3,2,139.4256226,1,2
37,2,42,4,2,1410,11,1,1,5000,48,3,2,139.4256226,1,2
37,2,18,4,1,1410,11,2,1,4000,48,3,2,160.891667,1,2
37,2,18,4,1,1410,11,1,1,4000,48,3,2,160.891667,1,2
37,1,21,4,1,1410,5,1,1,4000,48,3,2,129.9174235,1,2
37,1,21,4,1,1410,5,1,1,4200,48,3,2,129.9174235,1,2
37,2,45,7,2,1410,5,1,1,5300,56,3,2,139.4256226,1,2
37,2,46,4,2,1410,5,1,1,5000,48,3,2,139.4256226,1,2
37,2,18,5,1,1410,5,1,1,4000,48,3,2,160.891667,1,2
37,2,18,5,1,1410,5,1,1,4000,48,3,2,160.891667,1,2
37,2,34,4,1,1410,11,1,1,5000,48,3,2,139.4256226,1,2
37,2,34,4,2,1410,11,1,1,5000,48,3,2,139.4256226,1,2
37,2,34,4,2,1410,5,1,1,5000,48,3,2,139.4256226,1,2
37,2,34,4,2,1410,5,1,1,5100,48,3,2,139.4256226,1,2
37,1,35,4,2,1622,3,6,2,3200,56,3,2,143.6019706,1,2
37,1,35,4,2,3100,3,6,2,6000,49,3,2,143.6019706,1,2
37,1,39,5,2,2396,3,6,2,5000,48,3,1,36.42899614,1,2
37,1,39,5,2,2396,3,6,2,5000,49,3,1,36.42899614,1,2
37,2,27,5,1,1520,11,1,1,3700,48,3,1,37.08333486,1,2
37,2,28,5,1,1520,11,1,1,3800,48,3,1,37.08333486,1,2
37,2,34,5,2,1410,3,6,2,3500,48,3,1,37.08333486,1,2
37,2,35,5,2,1410,3,6,2,3800,48,3,1,37.08333486,1,2
37,2,28,5,1,1520,11,2,1,3600,48,3,1,37.08333486,1,2
37,2,28,5,1,1520,11,2,1,4200,48,3,1,37.08333486,1,2
37,2,40,4,2,1410,11,2,1,5800,56,3,1,37.55324507,1,2
37,2,40,4,2,1410,11,1,1,5800,48,3,1,37.55324507,1,2
37,2,37,5,5,1030,5,1,1,11000,84,3,1,37.55324507,1,2
37,2,37,5,1,1030,5,1,1,11369,56,3,1,37.55324507,1,2
37,2,27,5,2,2630,11,2,1,4200,40,3,1,37.55324507,1,2
37,2,27,5,2,2630,11,2,1,4200,48,3,1,37.55324507,1,2
37,2,24,5,1,1520,11,2,1,5100,56,3,1,38.57710648,1,2
37,2,24,5,1,1520,11,2,1,5400,58,3,1,38.57710648,1,2
37,2,44,4,2,1520,11,2,1,5100,54,3,1,37.55324507,1,2
37,2,27,5,2,2630,11,2,1,4200,48,3,1,42.56799365,1,2
37,2,27,5,2,2630,11,2,1,4200,48,3,1,42.56799365,1,2
37,2,57,4,1,2394,10,3,2,2500,50,3,1,35.35936937,1,2
37,2,57,4,1,2394,10,5,2,2500,56,3,1,35.35936937,1,2
37,2,41,4,1,2392,5,1,1,6900,56,3,1,42.56799365,1,2
37,2,41,4,1,2392,5,1,1,7100,56,3,1,42.56799365,1,2
37,1,15,4,1,1410,5,1,2,3800,48,3,1,42.19181865,1,2
37,2,39,4,1,1410,5,1,1,3800,48,3,1,42.56799365,1,2
37,2,39,4,5,1410,5,1,1,3800,48,3,1,42.56799365,1,2
37,2,19,5,1,1410,11,1,1,4500,56,3,1,43.72857846,1,2
37,2,18,5,1,1410,11,1,1,4500,48,3,1,43.72857846,1,2
37,1,46,4,2,2592,3,6,2,6500,56,3,1,43.42521909,1,2
37,1,46,4,2,2592,3,6,2,6500,56,3,1,43.42521909,1,2
37,2,43,4,2,1520,11,2,1,5200,48,3,1,42.56799365,1,2
37,2,44,4,2,1520,11,2,1,5200,48,3,1,42.56799365,1,2
37,2,39,4,2,1520,11,2,1,4800,48,3,1,42.56799365,1,2
37,2,39,4,2,1520,11,2,1,4800,48,3,1,42.56799365,1,2
37,2,41,3,2,1520,11,2,1,5100,48,3,1,42.56799365,1,2
37,2,41,3,2,1520,11,2,1,5100,48,3,1,42.56799365,1,2
37,2,49,4,1,2392,5,1,1,4800,54,3,1,42.56799365,1,2
37,2,49,4,1,2392,5,1,1,4800,54,3,1,42.56799365,1,2
37,1,38,4,2,1410,11,2,1,6600,56,3,1,43.42521909,1,2
37,1,38,4,2,1410,11,2,1,6500,54,3,1,43.42521909,1,2
37,1,39,3,2,2592,3,6,2,5200,48,3,1,43.42521909,1,2
37,1,39,3,2,2592,3,6,2,4800,56,3,1,43.42521909,1,2
37,2,32,5,2,1520,11,1,1,5860,48,3,1,42.56799365,1,2
37,2,32,5,2,1520,11,1,1,5700,48,3,1,42.56799365,1,2
37,2,22,5,1,2630,11,1,1,5800,48,3,1,148.7475528,1,2
37,2,22,5,1,2630,11,1,1,5800,48,3,1,148.7475528,1,2
37,2,36,4,2,1410,11,2,1,5400,54,3,1,144.7996964,1,2
37,2,36,4,1,1410,11,2,1,5700,52,3,1,144.7996964,1,2
37,2,39,5,2,1520,11,2,1,5300,56,3,1,144.7996964,1,2
37,2,40,4,2,1520,11,2,1,5500,52,3,1,144.7996964,1,2
37,1,56,5,1,1410,5,6,2,1800,56,3,1,147.7156427,1,2
37,2,27,5,2,1520,11,2,1,4950,48,3,2,41.63507012,1,2
37,2,41,4,2,1520,11,2,1,4940,54,3,2,41.63507012,1,2
37,2,42,4,2,1520,11,2,1,4960,48,3,2,41.63507012,1,2
37,1,47,4,1,2391,5,2,1,6300,56,3,2,42.88220488,1,2
37,1,48,4,1,2394,5,2,1,6500,56,3,2,42.88220488,1,2
37,2,30,5,2,1520,11,1,1,4400,48,3,2,41.63507012,1,2
37,2,31,5,2,1520,11,2,1,4600,48,3,2,41.63507012,1,2
37,2,30,5,2,1520,11,1,1,4400,48,3,2,41.63507012,1,2
37,2,30,5,2,1520,11,2,1,4500,48,3,2,41.63507012,1,2
37,2,26,5,2,1410,11,2,1,4500,60,3,2,41.63507012,1,2
37,2,27,5,2,1410,11,2,1,5800,58,3,2,41.63507012,1,2
37,2,22,5,2,1520,11,2,1,4300,54,3,2,48.04522807,1,2
37,2,22,5,2,1520,11,2,1,5200,58,3,2,48.04522807,1,2
37,2,40,4,2,1520,11,2,1,4200,48,3,2,41.63507012,1,2
37,2,41,4,2,1520,11,2,1,4900,58,3,2,41.63507012,1,2
37,2,24,5,2,1520,11,2,1,3700,55,3,2,48.04522807,1,2
37,2,24,5,2,1520,11,2,1,4340,50,3,2,48.04522807,1,2
37,2,23,5,1,1520,11,2,1,4380,54,3,2,48.04522807,1,2
37,2,23,5,2,1520,11,2,1,4860,56,3,2,48.04522807,1,2
37,1,32,5,2,1520,11,2,1,5320,59,3,2,42.88220488,1,2
37,2,33,5,2,1520,11,2,1,5740,60,3,2,41.63507012,1,2
37,2,18,5,1,1520,11,2,1,4320,54,3,2,48.04522807,1,2
37,2,19,5,2,1520,11,2,1,4640,60,3,2,48.04522807,1,2
37,1,74,5,1,1629,3,6,2,700,54,3,2,132.7290388,1,2
37,1,74,5,2,1629,3,6,2,700,48,3,2,132.7290388,1,2
37,2,70,4,1,1629,3,6,2,750,54,3,2,128.8689062,1,2
37,2,70,4,2,1629,3,6,2,700,46,3,2,128.8689062,1,2
37,2,48,6,2,1629,5,5,2,3000,35,3,2,149.9356044,1,2
37,2,48,4,2,1629,5,5,2,3000,35,3,2,149.9356044,1,2
37,2,50,5,1,1410,5,2,1,4000,56,3,2,149.9356044,1,2
37,2,50,5,1,1410,5,2,2,4000,42,3,2,149.9356044,1,2
37,2,16,4,1,1410,5,4,2,2000,48,3,2,173.0197713,1,2
37,2,16,4,2,1410,5,2,1,3000,48,3,2,173.0197713,1,2
37,2,77,3,1,1629,3,6,2,600,48,3,2,128.8689062,1,2
37,2,32,5,2,1410,5,2,1,4450,54,3,2,149.9356044,1,2
37,2,33,5,2,1410,5,2,1,4400,54,3,2,149.9356044,1,2
37,2,22,4,1,2732,11,4,2,3400,54,3,2,173.0197713,1,2
37,2,34,5,2,1410,5,3,2,7000,63,3,2,149.9356044,1,2
37,2,35,5,2,1410,5,3,2,6800,60,3,2,149.9356044,1,2
37,1,52,4,1,161,1,6,2,1200,48,3,2,155.2844087,1,2
37,2,42,4,1,111,1,6,2,1200,33,3,2,129.3762442,1,2
37,2,38,4,1,1410,3,6,2,3500,56,3,2,128.661695,1,2
37,2,39,1,2,1410,3,6,2,5000,63,3,2,128.661695,1,2
37,1,56,2,1,210,1,6,2,4000,56,3,2,42.12048061,1,2
37,2,31,5,2,2220,5,4,2,5000,54,3,2,40.66963177,1,2
37,2,31,5,1,3240,5,3,2,5000,48,3,2,40.66963177,1,2
37,2,27,5,2,1520,11,3,1,6500,54,3,2,40.66963177,1,2
37,2,27,5,2,1520,5,3,1,6500,48,3,2,40.66963177,1,2
37,2,42,4,2,2732,5,3,1,3350,48,3,2,40.66963177,1,2
37,2,42,4,1,1520,11,2,1,5100,54,3,2,40.66963177,1,2
37,2,42,4,2,1520,11,2,1,5100,54,3,2,40.66963177,1,2
37,2,43,5,2,2610,5,2,1,5400,60,3,2,131.3825848,1,2
37,2,32,5,2,1520,5,3,1,10500,60,3,2,131.3825848,1,2
37,1,41,4,2,2599,3,6,2,6000,56,3,2,141.9402232,1,2
37,1,41,4,2,2599,3,6,2,6600,56,3,2,141.9402232,1,2
37,2,36,4,2,1520,11,2,1,4600,48,3,2,137.8122035,1,2
37,2,36,4,2,1520,11,2,1,4800,48,3,2,137.8122035,1,2
37,2,33,4,1,1520,11,3,2,4500,48,3,2,137.8122035,1,2
37,1,32,4,2,2599,3,6,2,3000,46,3,2,141.9402232,1,2
37,1,29,4,2,2599,3,6,2,3150,48,3,2,141.9402232,1,2
37,2,17,4,2,1410,3,6,2,2500,51,3,2,159.029845,1,2
37,2,22,5,1,1520,6,3,1,4000,48,3,2,159.029845,1,2
37,2,22,5,2,1520,11,2,1,4200,48,3,2,159.029845,1,2
37,2,48,5,2,1410,5,2,1,4700,56,3,1,133.2689186,1,2
37,2,48,5,2,1410,5,2,1,4700,56,3,1,133.2689186,1,2
37,1,35,4,2,2394,5,2,1,7110,60,3,2,41.96674831,1,2
37,1,35,7,2,2394,5,1,1,7110,60,3,2,41.96674831,1,2
37,2,34,6,2,1410,5,2,2,3400,48,3,2,40.7462376,1,2
37,2,34,7,2,1410,5,2,2,3200,54,3,2,40.7462376,1,2
37,2,43,4,1,1410,5,6,2,3390,60,3,2,40.7462376,1,2
37,2,43,4,1,1410,11,4,1,3620,50,3,2,40.7462376,1,2
37,1,41,3,1,2394,5,2,1,6000,60,3,2,41.96674831,1,2
37,1,42,3,1,2394,5,3,1,5300,56,3,2,41.96674831,1,2
37,2,38,4,1,1410,5,3,2,3500,56,3,2,40.7462376,1,2
37,2,39,4,1,1410,11,3,1,3510,56,3,2,40.7462376,1,2
37,1,45,5,1,2394,5,2,1,6000,48,3,2,41.96674831,1,2
37,1,45,5,1,2394,5,3,1,5300,48,3,2,41.96674831,1,2
37,1,18,5,1,2910,5,3,1,4500,48,3,2,131.3631091,1,2
37,2,52,4,1,2599,5,6,2,3100,52,3,2,140.9771129,1,2
37,2,52,4,1,2599,5,6,2,3000,50,3,2,140.9771129,1,2
37,2,35,5,5,1410,11,1,1,7600,48,3,2,140.9771129,1,2
37,2,35,5,1,1410,11,1,1,6500,48,3,2,140.9771129,1,2
37,1,23,5,1,2910,5,2,1,4200,48,3,2,131.3631091,1,2
37,1,23,5,1,2910,5,2,1,4300,48,3,2,131.3631091,1,2
37,1,43,4,1,2910,5,2,1,3800,48,3,2,145.1999341,1,2
37,1,43,4,1,2910,5,2,1,4000,48,3,2,145.1999341,1,2
37,2,30,4,1,2910,5,2,1,4000,48,3,2,140.9771129,1,2
37,2,30,4,1,2910,5,2,1,4000,48,3,2,140.9771129,1,2
37,2,32,4,1,1073,5,2,1,3500,48,3,2,140.9771129,1,2
37,2,32,4,1,1073,5,2,1,3700,48,3,2,140.9771129,1,2
37,1,31,4,2,2910,11,2,2,4500,56,3,2,146.7980807,1,2
37,1,31,4,2,2910,5,2,1,4500,56,3,2,146.7980807,1,2
37,2,43,5,1,2220,5,2,2,3200,56,3,2,142.5287809,1,2
37,2,43,4,3,2220,5,3,2,3200,50,3,2,142.5287809,1,2
37,2,19,5,3,1410,5,2,1,4000,56,3,2,164.4725892,1,2
37,2,19,5,3,1410,5,3,1,4000,56,3,2,164.4725892,1,2
37,2,36,4,2,1410,11,1,1,6000,48,3,2,142.5287809,1,2
37,2,36,4,2,1410,11,1,1,6000,56,3,2,142.5287809,1,2
37,1,27,5,1,161,4,2,2,835,40,3,2,147.180561,1,2
37,1,27,5,1,161,4,2,2,840,40,3,2,147.180561,1,2
37,2,40,4,1,1410,11,1,1,3850,48,3,2,142.1108955,1,2
37,2,40,4,1,1410,11,1,1,4000,48,3,2,142.1108955,1,2
37,2,35,5,1,1410,3,6,2,3600,56,3,2,142.1108955,1,2
37,2,35,5,1,1410,3,6,2,3500,48,3,2,142.1108955,1,2
37,2,32,5,2,2790,5,2,1,4500,56,3,2,142.1108955,1,2
37,2,28,4,1,1410,3,6,2,3100,48,3,2,142.1108955,1,2
37,2,28,4,1,1410,3,6,2,3800,48,3,2,142.1108955,1,2
37,2,22,5,1,2610,11,2,1,4200,48,3,2,163.9903659,1,2
37,2,22,5,1,2610,11,2,1,4500,48,3,2,163.9903659,1,2
37,2,38,2,1,111,1,6,2,1440,14,3,2,121.9525835,1,2
37,2,38,2,1,118,1,6,2,3600,28,3,2,121.9525835,1,2
37,2,41,4,2,2630,11,2,1,4280,56,3,2,121.2790354,1,2
37,2,41,4,2,2630,11,2,1,4000,56,3,2,121.2790354,1,2
37,2,53,4,2,1629,3,6,2,1500,40,3,2,121.2790354,1,2
37,2,49,4,1,1629,3,6,2,300,30,3,2,121.2790354,1,2
37,1,46,4,1,2396,3,6,2,4600,50,3,2,124.9118214,1,2
37,1,46,4,2,2396,3,6,2,5000,56,3,2,124.9118214,1,2
37,2,47,4,2,2732,11,3,1,4500,56,3,2,121.2790354,1,2
37,2,47,4,2,2640,11,2,1,4500,56,3,2,121.2790354,1,2
37,2,21,5,2,2732,11,3,1,4500,56,3,2,139.9512214,1,2
37,2,21,5,2,1410,5,2,1,4000,56,3,2,139.9512214,1,2
37,2,31,5,2,1410,11,2,2,3520,47,3,2,124.610877,1,2
37,2,31,4,1,1410,10,4,1,4000,54,3,2,124.610877,1,2
37,2,33,5,1,1075,5,4,2,4130,56,3,2,124.610877,1,2
37,2,34,5,1,1074,5,7,2,4180,56,3,2,124.610877,1,2
37,2,31,5,2,1410,10,2,1,4800,48,3,2,124.610877,1,2
37,2,40,4,2,1410,5,2,2,4100,56,3,2,131.1264784,1,2
37,2,40,4,1,1410,5,2,2,4300,48,3,2,131.1264784,1,2
37,1,55,4,2,3100,3,6,2,4500,56,3,2,146.7681219,1,2
37,1,55,4,2,3100,3,6,2,4000,56,3,2,146.7681219,1,2
37,2,52,4,1,3100,3,6,2,3000,48,3,2,142.4996934,1,2
37,2,34,4,2,1410,3,6,2,3000,48,3,2,142.4996934,1,2
37,2,35,4,2,1410,3,6,2,3050,56,3,2,142.4996934,1,2
37,1,34,5,2,2012,5,1,1,6800,48,3,2,146.7681219,1,2
37,1,34,5,1,2012,10,1,1,6480,48,3,2,146.7681219,1,2
37,2,30,4,2,1410,11,2,1,4500,54,3,2,142.4996934,1,2
37,2,30,5,1,1410,11,2,1,4480,48,3,2,142.4996934,1,2
37,2,33,4,2,1512,5,6,2,3500,40,3,2,142.4996934,1,2
37,2,33,4,1,1512,5,3,2,3300,48,3,2,142.4996934,1,2
37,2,22,5,1,1410,5,2,2,3500,56,3,2,164.4390234,1,2
37,2,23,5,2,1410,5,6,2,3500,56,3,2,164.4390234,1,2
37,1,44,4,1,3100,5,2,2,7000,46,3,2,146.7681219,1,2
37,1,45,4,2,3100,5,3,2,7000,48,3,2,146.7681219,1,2
37,1,29,5,2,2824,5,2,2,8050,56,3,2,146.7681219,1,2
37,1,30,5,2,2824,5,2,2,8120,56,3,2,146.7681219,1,2
37,1,24,4,2,3100,3,6,2,4680,54,3,2,132.7818564,1,2
37,1,24,4,2,3100,3,3,2,4500,50,3,2,132.7818564,1,2
37,1,22,4,2,2396,5,6,2,5200,54,3,2,132.7818564,1,2
37,1,22,4,2,2396,5,3,2,5000,54,3,2,132.7818564,1,2
37,2,22,4,2,1410,3,3,2,3500,35,3,2,164.4390234,1,2
37,2,32,4,2,2396,5,6,2,4000,56,3,2,146.176222,1,2
37,2,33,4,1,2396,5,2,2,5200,54,3,2,146.176222,1,2
37,1,42,4,1,2395,3,6,2,4000,48,3,2,150.554777,1,2
37,1,36,4,2,2511,3,6,2,4750,56,3,2,150.554777,1,2
37,2,33,5,1,1520,11,2,1,4500,56,3,2,146.176222,1,2
37,2,34,5,2,1420,11,2,1,4820,56,3,2,146.176222,1,2
37,2,43,5,1,2394,11,1,1,3800,48,3,2,146.176222,1,2
37,2,43,5,1,2394,11,1,1,4300,48,3,2,146.176222,1,2
37,1,24,5,1,2394,11,2,1,7000,48,3,2,136.2076623,1,2
37,1,45,3,1,2396,3,6,2,5100,56,3,2,150.554777,1,2
37,1,45,3,1,2396,3,6,2,5150,56,3,2,150.554777,1,2
37,2,40,2,2,2394,11,2,1,4350,56,3,2,146.176222,1,2
37,2,40,2,1,2394,11,2,1,4410,56,3,2,146.176222,1,2
37,2,19,4,1,1410,3,6,2,3500,56,3,2,168.6815923,1,2
37,2,19,4,1,1410,3,6,2,3500,56,3,2,168.6815923,1,2
37,1,52,4,2,2396,3,6,2,4100,56,3,2,150.554777,1,2
37,1,53,4,1,2396,3,6,2,4150,56,3,2,150.554777,1,2
37,2,46,5,2,1520,11,2,1,4050,56,3,2,146.176222,1,2
37,2,47,5,2,1520,11,2,1,4200,56,3,2,146.176222,1,2
37,2,35,4,2,1520,11,3,1,4500,52,3,2,146.176222,1,2
37,2,35,4,2,1520,11,3,1,4500,48,3,2,146.176222,1,2
37,1,47,2,2,2396,3,6,2,3220,56,3,2,150.554777,1,2
37,1,47,1,2,2396,3,6,2,3500,56,3,2,150.554777,1,2
37,2,45,4,1,2396,3,6,2,2875,56,3,2,146.176222,1,2
37,2,45,4,1,2396,3,6,2,2900,56,3,2,146.176222,1,2
37,1,19,4,1,2396,3,6,2,5100,56,3,2,136.2076623,1,2
37,1,19,4,1,2396,3,6,2,5150,56,3,2,136.2076623,1,2
37,2,44,4,2,1410,11,2,1,4500,48,3,1,138.9188005,1,2
37,2,44,4,1,1410,11,2,1,4300,48,3,1,138.9188005,1,2
37,1,23,4,1,2511,3,6,2,2000,50,3,1,137.6911697,1,2
37,1,44,4,5,3240,11,1,1,1000,56,3,1,141.7163185,1,2
37,1,45,4,5,3240,11,1,1,11000,48,3,1,141.7163185,1,2
37,1,53,5,2,2599,3,6,2,2250,56,3,2,42.05571008,1,2
37,1,32,5,2,2420,11,2,1,5000,48,3,2,42.05571008,1,2
37,1,33,5,2,2420,11,2,1,5000,48,3,2,42.05571008,1,2
37,2,26,4,2,1410,11,2,1,4000,48,3,2,40.83261211,1,2
37,2,27,4,2,2420,11,2,1,4800,48,3,2,40.83261211,1,2
37,1,52,5,1,2599,3,6,2,5000,56,3,2,42.05571008,1,2
37,2,33,4,1,1410,11,2,1,4500,48,3,2,40.83261211,1,2
37,2,34,4,2,1410,11,2,1,4800,48,3,2,40.83261211,1,2
37,1,21,5,1,1410,11,2,2,3600,48,3,2,38.04801197,1,2
37,1,45,4,2,2310,5,2,1,6000,56,3,2,42.05571008,1,2
37,1,45,4,2,2310,5,2,1,6000,56,3,2,42.05571008,1,2
37,2,44,5,2,1410,11,2,1,4000,48,3,2,40.83261211,1,2
37,2,45,5,1,1410,11,2,1,4300,48,3,2,40.83261211,1,2
37,2,20,4,1,1410,11,2,1,3500,48,3,2,47.11922319,1,2
37,1,17,4,1,1520,11,2,2,3500,48,3,2,38.04801197,1,2
37,1,27,4,1,2310,5,2,2,5000,56,3,2,42.05571008,1,2
37,1,28,4,1,3319,3,6,2,5500,56,3,2,42.05571008,1,2
37,2,35,4,2,1321,3,6,2,3000,50,3,2,40.83261211,1,2
37,2,46,4,2,2930,11,2,1,4000,56,3,2,40.83261211,1,2
37,2,47,4,2,2930,11,2,1,5000,48,3,2,40.83261211,1,2
37,2,48,4,2,3290,5,2,1,4500,48,3,2,40.83261211,1,2
37,2,47,4,2,2599,11,2,1,4000,56,3,2,40.83261211,1,2
37,2,43,2,2,2610,11,2,1,5000,56,3,2,40.83261211,1,2
37,2,44,3,2,2610,11,2,1,6000,56,3,2,40.83261211,1,2
37,1,28,5,1,2310,5,2,2,8000,56,3,2,42.05571008,1,2
37,1,28,5,2,2310,5,2,2,8000,56,3,2,42.05571008,1,2
37,1,33,4,2,2710,3,6,2,5000,56,3,2,140.2486279,1,2
37,1,34,4,1,2710,3,6,2,5700,56,3,2,140.2486279,1,2
37,2,32,5,2,1410,11,2,1,6000,48,3,2,136.1698045,1,2
37,2,33,5,1,1410,11,2,1,6500,48,3,2,136.1698045,1,2
37,2,36,5,2,1410,11,2,1,5000,48,3,2,136.1698045,1,2
37,2,37,4,2,1410,11,1,1,5000,48,3,2,136.1698045,1,2
37,1,58,4,2,2399,5,1,2,3000,48,3,2,140.2486279,1,2
37,1,58,4,2,2399,5,2,2,3500,56,3,2,140.2486279,1,2
37,2,19,4,2,2610,11,2,1,4000,48,3,2,157.1345814,1,2
37,2,20,4,2,2610,11,2,1,4000,48,3,2,157.1345814,1,2
37,2,22,5,2,2610,11,2,1,4000,48,3,2,157.1345814,1,2
37,1,49,4,2,2399,5,1,1,4000,48,3,2,140.2486279,1,2
37,1,49,4,2,2399,5,1,1,4000,56,3,2,140.2486279,1,2
37,2,20,5,2,2310,5,2,1,4500,48,3,2,157.1345814,1,2
37,2,21,5,2,2740,5,2,1,4500,48,3,2,157.1345814,1,2
37,2,36,4,2,1410,5,2,1,4000,48,3,2,136.1698045,1,2
37,2,37,4,2,1410,11,2,1,4500,48,3,2,136.1698045,1,2
37,2,35,4,2,1410,3,6,2,2000,45,3,2,136.1698045,1,2
37,2,31,4,2,1410,3,6,2,4000,48,3,2,136.1698045,1,2
37,2,39,4,2,1410,11,2,1,3000,48,3,2,136.1698045,1,2
37,2,39,4,2,1410,11,2,1,3500,48,3,2,136.1698045,1,2
37,2,43,4,2,1520,11,2,2,4300,60,3,2,134.9922355,1,2
37,1,45,5,2,145,1,6,2,5800,56,3,2,139.8079498,1,2
37,1,60,4,2,2392,5,2,2,5700,48,3,2,119.5005664,1,2
37,1,60,4,2,2392,5,2,2,4700,56,3,2,119.5005664,1,2
37,2,19,5,1,1410,11,2,2,3400,56,3,2,155.7757131,1,2
37,1,34,4,2,2310,5,2,2,6800,56,3,2,139.035786,1,2
37,1,34,4,2,2310,5,2,2,5000,56,3,2,139.035786,1,2
37,1,59,4,1,1410,5,6,2,1500,21,3,2,147.8296348,1,2
37,2,54,4,1,1410,5,6,2,2000,28,3,2,143.5303345,1,2
37,2,54,4,1,1410,5,6,2,1500,21,3,2,143.5303345,1,2
37,1,32,4,2,2599,3,6,2,6000,48,3,2,147.8296348,1,2
37,1,36,5,2,2610,11,2,2,4000,56,3,2,147.8296348,1,2
37,1,37,5,2,2630,11,2,2,4000,56,3,2,147.8296348,1,2
37,2,35,5,2,2610,11,2,2,4300,60,3,2,143.5303345,1,2
37,2,35,5,2,2630,11,2,2,4300,56,3,2,143.5303345,1,2
37,2,41,3,3,2630,11,2,1,4500,48,3,2,143.5303345,1,2
37,2,41,3,3,2630,11,2,1,4500,50,3,2,143.5303345,1,2
37,1,19,5,3,2630,11,2,1,4500,50,3,2,133.7422125,1,2
37,2,36,4,3,2630,11,1,1,5000,48,3,2,143.5303345,1,2
37,2,37,4,3,2630,11,2,1,5100,48,3,2,143.5303345,1,2
37,2,31,5,2,1410,11,2,2,5400,56,3,2,143.5303345,1,2
37,2,31,5,2,1410,11,2,2,5400,56,3,2,143.5303345,1,2
37,2,34,4,2,1410,5,2,2,3500,48,3,2,143.5303345,1,2
37,2,35,4,2,1410,5,2,2,3500,48,3,2,143.5303345,1,2
37,2,29,5,2,1520,11,2,2,4800,56,3,2,126.7555958,1,2
37,2,29,5,2,1520,11,2,2,4800,56,3,2,126.7555958,1,2
37,1,32,4,2,2392,5,2,2,4000,56,3,2,130.5524264,1,2
37,2,32,4,2,2392,5,2,2,4000,56,3,2,126.7555958,1,2
37,2,33,4,2,1410,11,2,2,5000,56,3,2,126.7555958,1,2
37,2,43,4,1,1520,11,2,1,4200,48,3,2,126.7555958,1,2
37,2,43,4,1,1520,11,2,1,4500,48,3,2,126.7555958,1,2
37,2,27,4,2,1410,5,2,1,6000,48,3,2,147.5172882,1,2
37,2,19,4,1,2610,11,2,1,5000,48,3,2,170.2291298,1,2
37,2,20,4,1,1410,11,2,1,4000,48,3,2,170.2291298,1,2
37,1,46,4,1,118,1,6,2,2000,40,3,2,152.7798214,1,2
37,2,37,4,1,2640,11,2,1,4500,48,3,2,147.5172882,1,2
37,2,38,4,1,2610,11,2,1,4500,48,3,2,147.5172882,1,2
37,2,34,5,1,3099,11,3,1,5000,56,3,1,41.23538026,1,2
37,2,35,5,1,3099,11,2,1,4000,56,3,1,41.23538026,1,2
37,1,60,4,2,1629,5,2,2,2800,56,3,1,34.94219401,1,2
37,2,26,5,2,3240,11,2,1,4000,56,3,1,41.23538026,1,2
37,2,37,3,1,2599,5,2,2,3600,56,3,1,41.23538026,1,2
37,2,38,3,1,3100,5,2,2,3500,56,3,1,41.23538026,1,2
37,1,17,4,1,2599,3,2,2,2500,55,3,1,127.5993139,1,2
37,1,34,4,1,322,1,6,2,5000,55,3,1,131.3294459,1,2
37,1,35,4,1,322,1,6,2,5200,60,3,1,131.3294459,1,2
37,1,32,4,2,161,10,1,1,2500,45,3,1,131.3294459,1,2
37,1,33,4,2,161,10,1,1,2800,40,3,1,131.3294459,1,2
37,2,32,5,2,1410,5,5,1,4100,56,3,1,128.7369675,1,2
37,2,33,5,2,1410,5,5,1,4760,54,3,1,128.7369675,1,2
37,1,44,5,2,3100,3,6,2,6800,56,3,1,131.3294459,1,2
37,1,45,5,2,3100,3,6,2,2600,42,3,1,131.3294459,1,2
37,2,40,4,1,1520,11,3,2,3500,56,3,2,142.4304852,1,2
37,2,41,4,1,1520,11,2,2,3500,56,3,2,142.4304852,1,2
37,1,19,4,1,2511,3,6,2,5800,56,3,2,132.7173679,1,2
37,1,19,4,1,2511,3,6,2,6000,56,3,2,132.7173679,1,2
37,1,30,5,1,3240,11,2,1,6200,56,3,2,146.6968406,1,2
37,1,30,5,1,3240,11,2,1,6200,56,3,2,146.6968406,1,2
37,2,25,4,1,1410,11,2,1,3600,55,3,2,142.4304852,1,2
37,2,25,4,1,1410,11,2,1,3600,48,3,2,142.4304852,1,2
37,1,42,4,2,3100,3,6,2,6250,55,3,2,146.6968406,1,2
37,1,43,4,2,3100,3,6,2,5750,50,3,2,146.6968406,1,2
37,2,48,4,1,3240,11,2,1,4500,48,3,2,142.4304852,1,2
37,2,49,4,1,3240,11,2,1,4800,48,3,2,142.4304852,1,2
37,2,18,4,1,3240,11,3,1,3200,48,3,2,164.3591598,1,2
37,1,43,2,1,1629,5,5,2,3500,48,3,2,141.9182544,1,2
37,2,43,4,1,1512,3,6,2,2400,56,3,2,137.7908736,1,2
37,2,43,4,1,1512,3,6,2,2400,42,3,2,137.7908736,1,2
37,1,22,4,1,1410,11,2,1,4500,48,3,2,128.394157,1,2
37,1,22,4,1,1410,11,2,1,4800,48,3,2,128.394157,1,2
37,2,20,4,1,1410,11,2,1,4500,48,3,2,159.0052312,1,2
37,2,20,4,1,1410,11,2,1,4750,48,3,2,159.0052312,1,2
37,2,48,4,2,1629,5,5,2,4200,45,3,2,137.7908736,1,2
37,1,18,5,1,1629,5,5,2,3200,56,3,2,128.394157,1,2
37,2,58,3,1,1629,5,6,2,2700,56,3,2,118.4305704,1,2
37,2,37,5,1,3240,11,2,1,3700,48,3,2,137.7908736,1,2
37,2,38,4,1,3240,11,2,1,3800,48,3,2,137.7908736,1,2
37,2,26,5,1,3240,11,2,1,4100,48,3,2,137.7908736,1,2
37,2,26,5,1,3240,11,2,1,4200,48,3,2,137.7908736,1,2
37,2,37,4,2,3240,11,2,1,5400,48,3,2,115.5983428,1,2
37,2,38,4,2,3240,11,2,1,5400,48,3,2,115.5983428,1,2
37,2,31,3,2,3240,11,2,1,5600,48,3,2,115.5983428,1,2
37,2,32,3,2,3240,11,2,1,5600,48,3,2,115.5983428,1,2
37,2,21,7,1,1410,5,2,2,4500,56,3,2,133.3959263,1,2
37,2,21,4,1,1410,5,2,2,4500,56,3,2,133.3959263,1,2
37,2,22,5,1,3240,11,4,1,3200,56,3,2,133.3959263,1,2
37,2,22,5,1,3240,11,4,1,3300,48,3,2,133.3959263,1,2
37,2,33,4,1,3240,11,2,1,4100,48,3,2,115.5983428,1,2
37,2,33,4,1,3240,11,2,1,4100,48,3,2,115.5983428,1,2
37,1,33,2,1,2392,5,4,2,2500,45,3,2,119.0609697,1,2
37,1,34,2,1,2392,5,4,2,3000,50,3,2,119.0609697,1,2
37,2,31,4,1,2392,5,4,2,2500,45,3,2,115.5983428,1,2
37,2,31,4,1,2392,5,4,2,2800,50,3,2,115.5983428,1,2
37,2,19,4,1,1410,11,2,1,4500,48,3,2,133.3959263,1,2
37,2,19,4,1,1410,11,2,1,4500,50,3,2,133.3959263,1,2
37,1,48,3,1,2392,5,4,2,3100,50,3,2,119.0609697,1,2
37,1,49,3,1,2392,5,4,2,3200,50,3,2,119.0609697,1,2
37,2,28,4,1,1410,5,2,2,3500,50,3,2,123.3341262,1,2
37,2,21,4,2,3240,11,2,1,4000,56,3,2,142.3227151,1,2
37,2,22,4,1,1410,11,2,1,4000,40,3,2,142.3227151,1,2
37,2,44,4,2,3240,11,2,1,3300,56,3,2,123.3341262,1,2
37,2,44,3,2,3240,11,2,1,3700,56,3,2,123.3341262,1,2
37,2,35,5,3,3240,11,3,1,4000,52,3,2,123.3341262,1,2
37,2,36,5,2,3240,11,2,1,4200,50,3,2,123.3341262,1,2
37,2,30,4,2,1512,5,5,2,3800,56,3,2,123.3341262,1,2
37,2,30,4,2,1512,5,2,2,4500,48,3,2,123.3341262,1,2
37,2,32,4,2,1520,5,5,1,4800,60,3,2,125.8391204,1,2
37,2,32,4,2,1520,5,5,1,4800,48,3,2,125.8391204,1,2
37,2,30,4,1,1520,5,5,1,5200,60,3,2,125.8391204,1,2
37,2,31,4,2,1520,5,5,1,5300,60,3,2,125.8391204,1,2
37,2,20,5,2,1520,5,5,1,4900,60,3,2,145.2133796,1,2
37,2,20,5,2,1520,5,5,1,5680,60,3,2,145.2133796,1,2
37,1,41,3,2,3100,3,6,2,4000,50,3,2,129.608499,1,2
37,1,41,3,2,3100,3,6,2,4000,56,3,2,129.608499,1,2
37,2,34,3,2,3240,11,2,1,4200,50,3,2,125.8391204,1,2
37,2,35,3,2,3240,11,2,1,3650,55,3,2,125.8391204,1,2
37,1,62,3,2,3100,3,6,2,3000,56,3,2,93.03712077,1,2
37,1,63,3,2,3100,3,6,2,5000,56,3,2,93.03712077,1,2
37,2,28,5,3,1410,3,6,2,2800,48,3,2,105.0981539,1,2
37,1,38,3,2,1410,5,3,2,6000,60,3,2,120.8953226,1,2
37,1,39,3,2,1410,5,2,2,6500,56,3,2,120.8953226,1,2
37,2,29,4,2,1410,5,3,1,6000,60,3,2,117.3793476,1,2
37,2,30,4,2,1410,5,2,1,6500,56,3,2,117.3793476,1,2
37,1,26,3,1,322,1,6,2,6000,60,3,2,121.5667396,1,2
37,1,27,3,1,322,1,6,2,6000,63,3,2,121.5667396,1,2
37,1,18,3,1,322,1,6,2,6000,60,3,2,109.9820394,1,2
37,1,19,3,1,322,1,6,2,6000,63,3,2,109.9820394,1,2
37,2,43,4,1,1410,5,5,2,2600,48,3,2,117.3793476,1,2
37,2,44,4,1,1410,5,5,2,4200,54,3,2,117.3793476,1,2
37,1,60,3,1,322,1,6,2,6500,45,3,2,104.486008,1,2
37,2,51,2,1,1410,3,6,2,1500,35,3,2,117.3793476,1,2
37,2,52,2,1,1410,3,6,2,1500,40,3,2,117.3793476,1,2
37,2,17,4,1,1410,3,6,2,850,40,3,2,135.4511356,1,2
37,2,18,4,1,1410,3,6,2,1000,40,3,2,135.4511356,1,2
37,2,34,3,2,1410,5,5,2,4600,60,3,2,117.3793476,1,2
37,2,34,3,2,1410,5,5,1,4670,60,3,2,117.3793476,1,2
37,1,35,3,2,2599,3,6,2,5500,56,3,2,120.8953226,1,2
37,1,36,3,2,2599,3,6,2,6500,63,3,2,120.8953226,1,2
37,1,26,3,1,322,1,6,2,4800,50,3,2,121.5667396,1,2
37,1,26,3,1,322,1,6,2,4500,56,3,2,121.5667396,1,2
37,2,39,3,1,322,1,6,2,5800,63,3,2,118.031238,1,2
37,2,40,3,1,322,1,6,2,5800,56,3,2,118.031238,1,2
37,1,53,2,1,312,1,6,2,5250,54,3,2,121.5667396,1,2
37,1,53,2,1,312,1,6,2,5300,56,3,2,121.5667396,1,2
37,1,25,5,1,1520,11,3,1,4200,48,3,2,44.96028738,1,2
37,2,22,5,1,2630,11,2,1,5400,48,3,2,50.37351197,1,2
37,2,46,5,1,1520,11,2,1,3850,48,3,2,43.65271615,1,2
37,2,46,5,1,1520,11,2,1,4200,48,3,2,43.65271615,1,2
37,2,31,4,1,1410,11,2,1,8000,60,3,2,159.6088692,1,2
37,2,31,4,2,1410,11,1,1,5160,48,3,2,159.6088692,1,2
37,2,34,5,1,1410,3,6,2,3700,63,3,2,159.6088692,1,2
37,2,34,5,2,1410,3,6,2,3500,53,3,2,159.6088692,1,2
37,1,57,3,1,1080,5,1,2,15000,63,3,2,164.3897851,1,2
37,2,29,5,1,1410,11,2,2,3500,48,3,2,159.6088692,1,2
37,2,33,4,2,1410,11,1,1,4100,48,3,2,159.6088692,1,2
37,2,34,4,2,1410,11,2,1,3500,48,3,2,159.6088692,1,2
37,1,27,4,5,2610,11,2,1,8000,52,3,2,164.3897851,1,2
37,1,27,3,2,2610,11,2,1,6000,60,3,2,164.3897851,1,2
37,2,23,3,2,2610,11,2,1,7000,60,3,2,184.1823372,1,2
37,1,28,3,2,1520,11,1,1,5500,50,3,2,164.3897851,1,2
37,1,28,3,2,1520,11,2,1,5000,48,3,2,164.3897851,1,2
37,2,32,4,2,1520,11,1,1,4500,48,3,2,159.6088692,1,2
37,2,32,4,2,1520,11,2,1,5000,48,3,2,159.6088692,1,2
37,2,31,4,2,1410,11,1,1,4000,50,3,2,159.6088692,1,2
37,2,31,4,2,1410,11,1,1,6000,48,3,2,159.6088692,1,2
37,2,34,3,2,1410,11,1,1,4000,50,3,2,159.6088692,1,2
37,2,33,3,2,1410,11,1,1,4200,48,3,2,159.6088692,1,2
37,1,20,4,1,3315,3,6,2,6000,48,3,2,148.7242636,1,2
37,1,44,1,1,117,1,6,2,6000,56,3,2,165.3027576,1,2
37,2,44,3,1,117,1,6,2,5500,50,3,2,160.4952899,1,2
37,2,52,1,1,1629,3,6,2,100,20,3,2,159.6088692,1,2
37,2,52,1,1,119,1,6,2,1200,63,3,2,160.4952899,1,2
37,2,26,7,1,1520,11,2,1,4550,45,3,2,159.6088692,1,2
37,2,26,7,1,1520,11,2,1,4100,63,3,2,159.6088692,1,2
37,2,31,4,2,1410,11,1,1,4400,49,3,2,159.6088692,1,2
37,2,31,4,1,1410,11,1,1,4350,48,3,2,159.6088692,1,2
37,2,18,5,1,1410,5,2,1,5500,48,3,2,184.1823372,1,2
37,1,30,5,1,3240,5,2,2,5000,56,3,2,164.3897851,1,2
37,1,30,5,1,3240,5,2,1,5000,48,3,2,164.3897851,1,2
37,2,25,5,2,1410,11,1,1,4500,48,3,2,159.6088692,1,2
37,2,26,5,2,1410,11,1,1,3840,48,3,2,159.6088692,1,2
37,2,45,4,2,1410,11,1,1,4810,48,3,2,159.6088692,1,2
37,2,45,4,2,1410,11,1,1,5000,48,3,2,159.6088692,1,2
37,1,53,4,1,161,4,6,1,500,42,3,2,135.3192704,1,2
37,1,22,5,2,1311,5,2,1,3500,56,3,2,121.7478712,1,2
37,2,34,4,2,1520,11,1,1,4800,48,3,2,130.6581696,1,2
37,2,34,4,2,1520,11,1,1,4200,48,3,2,130.6581696,1,2
37,2,44,3,2,1520,11,1,1,6800,48,3,2,130.6581696,1,2
37,2,45,4,2,1520,11,2,1,4500,56,3,2,130.6581696,1,2
37,2,22,4,2,2790,11,2,2,3780,51,3,2,150.7743721,1,2
37,2,22,4,2,1520,11,2,1,4800,54,3,2,150.7743721,1,2
37,2,37,3,1,1520,11,1,1,4000,48,3,2,130.6581696,1,2
37,2,37,4,2,1520,11,2,1,4500,48,3,2,130.6581696,1,2
37,2,32,3,2,1520,11,2,1,5000,48,3,2,130.6581696,1,2
37,2,41,4,2,1410,11,1,1,5000,54,3,2,130.6581696,1,2
37,2,27,4,2,1520,11,1,1,4700,48,3,2,130.6581696,1,2
37,2,28,4,2,1520,11,1,1,5500,54,3,2,130.6581696,1,2
37,2,31,5,1,1520,11,1,1,4500,54,3,2,130.6581696,1,2
37,2,31,3,1,1520,11,1,1,4500,54,3,2,130.6581696,1,2
37,1,30,3,2,1520,11,2,1,5500,48,3,2,134.5718977,1,2
37,1,30,3,2,1520,11,1,1,5500,48,3,2,134.5718977,1,2
37,2,32,4,2,1410,11,2,1,5000,48,3,2,130.6581696,1,2
37,2,34,4,2,1410,11,1,1,5500,54,3,2,130.6581696,1,2
37,2,26,5,2,1520,11,2,1,4500,48,3,2,132.1908167,1,2
37,2,27,5,2,1520,11,2,1,4200,48,3,2,132.1908167,1,2
37,2,22,4,2,1520,11,2,1,2900,48,3,2,152.5429865,1,2
37,2,39,4,1,1410,5,2,2,4000,54,3,2,132.1908167,1,2
37,2,56,5,1,1629,3,6,2,140,35,3,2,113.6173494,1,2
37,1,63,3,1,161,4,1,2,1083,32,3,2,117.6705358,1,2
37,1,64,4,1,161,4,6,2,1500,28,3,2,117.6705358,1,2
37,2,31,3,2,1410,3,6,2,2100,48,3,2,132.1908167,1,2
37,2,31,3,2,1629,3,6,2,1800,42,3,2,132.1908167,1,2
37,1,61,2,1,161,4,6,2,1250,21,3,2,117.6705358,1,2
37,2,49,5,2,1629,3,6,2,2500,49,3,2,132.1908167,1,2
37,2,27,4,2,1520,11,1,1,5500,54,3,2,146.2879775,1,2
37,2,29,5,2,1520,11,1,1,6000,54,3,2,146.2879775,1,2
37,2,30,5,1,1520,11,2,1,4500,48,3,2,146.2879775,1,2
37,2,44,4,2,1520,11,1,1,6000,54,3,2,146.2879775,1,2
37,2,44,4,2,1520,11,1,1,4000,51,3,2,146.2879775,1,2
37,2,28,4,2,1520,11,2,1,4500,56,3,2,146.2879775,1,2
37,1,32,2,1,2599,3,6,2,5500,54,3,2,150.6698801,1,2
37,2,24,4,2,1520,11,2,1,6000,48,3,2,168.8105537,1,2
37,2,25,4,2,1520,11,1,1,5000,48,3,2,146.2879775,1,2
37,2,44,1,1,1030,5,5,2,5000,48,3,2,146.2879775,1,2
37,2,44,4,2,1104,5,2,2,8200,56,3,2,146.2879775,1,2
37,2,21,5,1,1520,11,1,1,4200,48,3,2,168.8105537,1,2
37,2,22,5,1,1520,11,2,1,4700,48,3,2,168.8105537,1,2
37,1,25,5,1,2396,3,6,2,1500,40,3,2,150.6698801,1,2
37,1,25,5,1,2396,3,6,2,4000,56,3,2,150.6698801,1,2
37,2,46,3,1,1030,5,2,2,3200,40,3,2,146.2879775,1,2
37,1,29,4,1,1520,11,1,1,4800,48,3,2,150.6698801,1,2
37,2,30,4,1,1520,11,1,1,5000,48,3,2,146.2879775,1,2
37,2,32,4,2,1520,11,2,1,4500,48,3,2,146.2879775,1,2
37,2,42,3,1,1520,11,2,1,4500,56,3,2,146.2879775,1,2
37,2,43,3,1,1520,11,2,1,5500,48,3,2,146.2879775,1,2
37,2,40,3,2,1520,11,2,1,5000,48,3,2,146.2879775,1,2
37,2,41,2,2,1520,11,1,1,5000,48,3,2,146.2879775,1,2
37,2,30,3,2,1520,11,1,1,5000,48,3,2,146.2879775,1,2
37,2,30,4,2,1520,11,2,1,6500,48,3,2,146.2879775,1,2
37,2,34,4,1,1520,11,2,1,5000,60,3,2,146.2879775,1,2
37,2,34,3,1,1520,11,2,1,4200,48,3,2,146.2879775,1,2
37,1,46,2,2,2399,3,6,2,5000,56,3,2,150.6698801,1,2
37,2,16,3,1,1410,3,6,2,3000,48,3,2,168.8105537,1,2
37,2,57,3,1,112,1,6,2,1200,40,3,2,126.4320774,1,2
37,2,37,3,1,1520,11,2,1,4100,48,3,2,139.661338,1,2
37,2,37,3,1,1520,11,2,1,4000,48,3,2,139.661338,1,2
37,2,41,4,2,1520,11,2,1,4500,48,3,2,139.661338,1,2
37,2,41,4,1,1520,11,2,1,4500,48,3,2,139.661338,1,2
37,2,69,4,1,1629,3,6,2,500,28,3,2,120.0382253,1,2
37,2,58,4,1,111,1,6,2,3200,70,3,2,120.7048822,1,2
37,2,43,4,1,1520,11,1,1,5300,52,3,2,139.661338,1,2
37,2,42,4,1,1520,11,1,1,6500,48,3,2,139.661338,1,2
37,2,19,5,1,1520,11,1,1,5000,52,3,2,161.1636732,1,2
37,2,36,4,1,1520,11,1,1,6200,48,3,2,139.661338,1,2
37,2,29,5,2,1329,3,6,2,3000,48,3,2,139.661338,1,2
1,2,43,6,1,1072,5,1,1,15000,44,2,1,146.2066843,1,2
1,2,44,6,5,1072,5,1,1,15000,44,2,1,146.2066843,1,2
1,1,35,8,5,3091,11,1,1,14000,48,2,1,169.3789894,1,2
1,1,36,8,5,2910,11,1,1,14000,48,2,1,169.3789894,1,2
1,2,34,8,1,1410,11,2,1,25000,48,2,1,167.8116386,1,2
1,2,34,8,1,1410,11,2,1,15000,48,2,1,167.8116386,1,2
1,1,61,8,5,2220,5,1,2,15000,48,2,1,129.7281693,1,2
1,1,61,8,5,2220,5,1,2,15000,48,2,1,129.7281693,1,2
1,2,25,7,1,2610,3,1,2,9000,48,2,1,185.5170503,1,2
1,1,33,6,1,1811,3,6,2,6000,48,2,1,153.3610068,1,2
1,2,34,7,1,1050,11,1,1,7000,48,2,1,114.4902284,1,2
1,1,37,6,2,3312,10,1,1,6000,48,2,1,115.5595604,1,2
1,1,38,6,3,3315,10,1,1,6000,48,2,1,115.5595604,1,2
1,1,21,7,1,1104,5,6,2,5000,56,2,1,117.2343588,1,2
1,1,22,7,1,1104,5,6,2,5000,56,2,1,117.2343588,1,2
1,2,29,8,1,1420,3,6,2,6000,48,2,1,177.2202234,1,2
1,2,26,8,1,1410,5,3,2,5000,48,2,1,175.3917607,1,2
1,1,46,8,1,1410,5,1,1,30000,48,2,1,180.23857,1,2
1,1,32,8,1,2610,5,2,1,11000,40,2,1,153.4125784,1,2
1,2,48,5,1,3100,5,2,1,4000,48,2,1,151.992973,1,2
1,1,54,8,1,1410,5,1,1,6000,48,2,1,164.8209502,1,2
1,1,54,8,1,1410,5,1,1,6000,48,2,1,164.8209502,1,2
1,1,27,8,1,1410,5,1,1,7000,48,2,1,164.8209502,1,2
1,1,27,8,1,1410,5,1,1,7000,48,2,1,164.8209502,1,2
1,2,26,8,1,1410,5,1,1,6000,48,2,1,163.2957772,1,2
1,2,26,8,1,1410,5,1,1,6000,48,2,1,163.2957772,1,2
1,2,37,8,1,2733,11,2,1,8000,48,2,1,163.2957772,1,2
1,2,51,6,1,1410,5,1,1,8000,40,2,1,148.1546932,1,2
1,2,52,6,1,1410,5,1,1,8500,40,2,1,148.1546932,1,2
1,2,43,4,1,1410,3,7,2,2000,50,2,1,143.2774244,1,2
1,2,30,8,1,1050,5,1,1,8500,56,2,1,184.0693141,1,2
1,2,31,8,1,1050,5,1,1,9000,48,2,1,184.0693141,1,2
1,1,35,8,1,3011,10,1,1,9700,48,2,1,152.6210642,1,2
1,2,37,8,1,2310,5,1,1,10000,48,2,1,200.6644034,1,2
1,1,31,5,7,1410,5,1,1,7000,48,2,1,160.5729875,1,2
1,2,30,5,7,1410,5,1,1,7000,48,2,1,159.0871232,1,2
1,1,34,5,2,1811,3,7,2,5000,55,2,1,160.5729875,1,2
1,2,30,8,1,1811,10,1,1,5000,48,2,1,171.7288925,1,2
1,2,29,5,1,1050,5,1,1,7000,48,2,1,180.8308943,1,2
1,1,34,7,1,1410,5,1,1,8000,48,2,1,173.495737,1,2
1,2,55,5,2,2610,5,1,1,4500,35,2,1,142.7817428,1,2
1,2,26,8,1,1410,11,2,1,12000,48,2,1,154.2750438,1,2
1,1,26,8,1,1410,11,2,1,13000,48,2,1,155.7159636,1,2
1,2,45,5,1,1323,5,2,2,5000,48,2,1,154.2750438,1,2
1,1,57,5,7,2640,5,2,1,8000,48,2,1,167.7433075,1,2
1,1,58,5,1,2750,10,2,1,8000,48,2,1,167.7433075,1,2
1,1,30,7,1,1073,5,2,2,6500,52,2,1,167.7433075,1,2
1,1,30,7,1,1073,5,2,2,5500,52,2,1,167.7433075,1,2
1,1,45,5,5,2750,10,1,1,7000,48,2,1,167.7433075,1,2
1,1,57,5,5,1410,10,1,1,8000,48,2,1,137.8690967,1,2
1,1,57,5,2,1410,10,1,1,8000,48,2,1,137.8690967,1,2
1,1,54,5,1,2220,5,1,1,12000,48,2,1,137.8690967,1,2
1,1,54,5,1,2220,5,1,1,12000,48,2,1,137.8690967,1,2
1,2,34,6,1,1071,3,7,2,5000,48,2,1,142.4547246,1,2
1,2,34,6,1,1071,3,7,2,5000,48,2,1,142.4547246,1,2
1,2,24,8,1,2100,5,2,1,7000,40,2,1,157.3959917,1,2
1,2,24,8,1,2100,5,2,1,7000,40,2,1,157.3959917,1,2
1,1,37,8,1,1410,5,2,1,10500,40,2,1,144.5797809,1,2
1,1,38,8,1,1410,5,2,1,9000,48,2,1,144.5797809,1,2
1,2,28,8,1,3315,10,1,1,5000,40,2,1,143.2419099,1,2
1,1,45,5,1,1101,5,2,2,8000,48,2,1,171.6496901,1,2
1,1,45,5,2,1101,10,2,1,6000,48,2,1,171.6496901,1,2
1,2,30,8,1,1410,5,2,1,12000,48,2,1,127.0285831,1,2
1,2,34,8,1,2395,5,2,1,7500,48,2,1,184.3073348,1,2
1,2,34,8,1,2395,5,2,1,7000,48,2,1,184.3073348,1,2
1,1,58,7,3,1410,5,2,2,10000,48,2,1,186.0287544,1,2
1,1,58,6,1,1410,5,2,2,10000,48,2,1,186.0287544,1,2
1,2,27,8,1,1410,5,2,1,5000,48,2,1,184.3073348,1,2
1,2,49,8,1,1061,5,1,1,11000,48,2,1,189.4929608,1,2
1,2,50,8,1,1061,5,1,1,12000,48,2,1,189.4929608,1,2
1,2,36,6,1,2710,5,3,1,5000,48,2,1,189.4929608,1,2
1,2,36,6,2,2710,5,3,1,5500,48,2,1,189.4929608,1,2
1,2,41,8,1,2733,5,2,1,11000,48,2,1,189.4929608,1,2
1,2,41,8,1,2733,5,2,1,11000,48,2,1,189.4929608,1,2
1,2,41,6,1,1062,3,6,2,5700,48,2,1,112.6101784,1,2
1,2,40,6,1,1062,3,6,2,4700,48,2,1,112.6101784,1,2
1,2,27,6,1,1322,10,1,1,5500,48,2,1,112.6101784,1,2
1,2,27,6,1,1322,10,1,1,5700,48,2,1,112.6101784,1,2
1,2,25,1,1,1410,5,1,1,5000,56,2,1,198.3841261,1,2
1,2,26,7,1,1410,5,1,1,6000,56,2,1,198.3841261,1,2
1,2,21,7,1,1410,5,1,1,4000,48,2,1,219.1915105,1,2
1,2,21,7,1,1410,5,1,1,4000,56,2,1,219.1915105,1,2
1,1,27,8,1,2100,5,1,2,12000,48,2,1,200.2370221,1,2
1,1,40,4,1,3211,10,1,1,5000,56,2,1,200.2370221,1,2
1,1,44,5,2,1073,5,2,1,5500,48,2,1,186.2442183,1,2
1,1,41,5,2,2392,5,1,1,7500,48,2,1,186.2442183,1,2
1,1,27,5,2,2100,5,1,1,6000,48,2,1,181.9281147,1,2
1,2,39,8,1,1071,5,1,1,14000,48,2,1,197.5305937,1,2
1,2,39,8,1,1073,5,1,1,12000,48,2,1,197.5305937,1,2
1,1,27,8,1,2100,5,1,1,12000,40,2,1,199.3755178,1,2
1,1,28,8,1,2100,5,1,1,11000,40,2,1,199.3755178,1,2
1,1,28,8,1,1200,10,1,1,7500,60,2,1,199.3755178,1,2
1,1,29,8,1,1200,10,1,1,6000,60,2,1,199.3755178,1,2
1,2,33,4,1,2610,5,1,1,5000,40,2,1,197.5305937,1,2
1,2,35,6,2,2710,5,2,1,6000,48,2,1,179.9277546,1,2
1,2,35,6,1,2750,5,2,1,6000,48,2,1,179.9277546,1,2
1,2,33,8,1,2511,5,2,1,5500,48,2,1,179.9277546,1,2
1,2,33,8,1,2511,5,2,1,5500,40,2,1,179.9277546,1,2
1,2,31,5,4,2592,5,2,1,8000,48,2,1,166.8945823,1,2
1,1,36,8,4,1811,5,2,1,7000,48,2,1,168.4533678,1,2
1,1,36,8,4,1811,5,2,1,8000,48,2,1,168.4533678,1,2
1,1,55,5,5,161,5,5,2,2000,40,2,2,141.5828079,1,2
1,1,28,8,2,2930,11,1,1,9500,48,2,2,140.8008415,1,2
1,2,28,7,2,2930,11,1,1,4800,48,2,2,139.4142087,1,2
1,1,23,6,2,2817,11,2,1,4800,50,2,2,146.298477,1,2
1,1,23,5,6,2610,11,2,1,4700,50,2,2,146.298477,1,2
1,2,26,7,2,2610,11,1,1,6000,48,2,2,139.4142087,1,2
1,2,27,7,1,2610,11,1,1,6200,48,2,2,139.4142087,1,2
1,2,35,5,2,2610,11,2,1,9300,65,2,2,139.4142087,1,2
1,2,24,6,2,3091,11,1,1,4500,40,2,2,138.8514399,1,2
1,2,25,6,1,3091,11,1,1,5200,48,2,2,139.4142087,1,2
1,2,28,8,1,2610,11,1,1,7800,44,2,2,139.4142087,1,2
1,2,28,8,1,2610,11,1,1,7800,44,2,2,139.4142087,1,2
1,1,19,4,1,3100,3,6,2,6000,63,2,2,87.54300894,1,2
1,1,30,6,1,1080,5,3,1,7000,54,2,2,84.25329899,1,2
1,2,20,4,1,1073,5,2,1,5000,48,2,2,83.0868037,1,2
1,2,22,5,2,2610,11,2,1,6000,48,2,2,83.0868037,1,2
1,2,29,8,1,2100,11,1,1,9200,40,2,2,100.7644086,1,2
1,2,29,8,1,2100,11,1,1,9200,40,2,2,100.7644086,1,2
1,1,48,5,5,2431,11,1,1,8000,48,2,2,101.7666252,1,2
1,1,48,5,5,2410,11,1,1,8200,48,2,2,101.7666252,1,2
1,2,27,5,1,2930,5,3,1,5000,48,2,2,113.6676939,1,2
1,2,28,6,1,2610,11,1,1,7000,48,2,2,113.6676939,1,2
1,2,29,6,1,2610,11,1,1,7000,48,2,2,113.6676939,1,2
1,1,36,8,1,2930,5,1,1,6500,48,2,2,114.7982484,1,2
1,2,24,7,1,2610,11,2,1,6500,48,2,2,136.5259555,1,2
1,2,24,7,1,2610,11,2,1,6500,48,2,2,136.5259555,1,2
1,1,27,5,7,3100,3,7,2,6000,48,2,2,138.4427085,1,2
1,2,27,7,2,1079,11,1,1,4500,48,2,2,137.079299,1,2
1,2,27,7,2,1079,11,2,1,5000,48,2,2,137.079299,1,2
1,1,41,6,4,2391,5,1,1,6000,48,2,2,123.8960658,1,2
1,2,34,5,2,2620,11,2,1,7800,60,2,2,122.6759144,1,2
1,2,19,5,6,3250,11,2,2,4000,55,2,2,122.1807125,1,2
1,1,34,5,2,2930,11,2,1,8600,55,2,2,123.8960658,1,2
1,2,33,4,2,2930,11,2,1,7800,55,2,2,122.6759144,1,2
1,1,56,6,1,2395,5,2,2,3000,60,2,2,123.8960658,1,2
1,1,56,6,1,2395,5,2,2,3000,60,2,2,123.8960658,1,2
1,2,20,5,2,1520,5,2,2,3200,55,2,2,122.1807125,1,2
1,2,31,6,2,2610,11,1,1,7000,60,2,2,122.6759144,1,2
1,2,31,6,2,2610,11,1,1,7500,60,2,2,122.6759144,1,2
1,1,41,6,4,2392,5,1,1,6000,48,2,2,123.8960658,1,2
1,2,38,4,4,2392,5,1,1,5000,48,2,2,122.6759144,1,2
1,1,39,6,2,2930,11,1,1,7800,48,2,2,123.8960658,1,2
1,1,29,8,2,2930,11,1,1,11000,48,2,2,145.9416886,1,2
1,1,29,8,1,2930,11,1,1,10500,48,2,2,145.9416886,1,2
1,1,56,5,2,1702,5,6,2,4500,48,2,2,145.9416886,1,2
1,1,57,8,1,1702,5,6,2,4500,48,2,2,145.9416886,1,2
1,1,41,6,1,2930,11,1,1,10500,48,2,2,145.9416886,1,2
1,1,41,6,2,2930,11,1,1,9800,48,2,2,145.9416886,1,2
1,2,35,5,6,2930,11,2,1,7800,48,2,2,113.4349331,1,2
1,1,30,8,2,2817,11,2,1,6500,48,2,2,114.5631725,1,2
1,1,31,8,1,2620,11,2,1,7000,48,2,2,114.5631725,1,2
1,1,20,5,2,2512,5,6,2,7000,48,2,2,119.0363459,1,2
1,1,27,6,2,2680,11,2,1,7500,66,2,2,114.5631725,1,2
1,1,27,6,2,2680,11,2,1,7500,60,2,2,114.5631725,1,2
1,1,29,5,5,2610,11,2,1,5600,48,2,2,114.5631725,1,2
1,1,29,5,5,2610,11,2,1,5800,48,2,2,114.5631725,1,2
1,2,24,7,2,2610,11,1,1,5500,48,2,2,112.977034,1,2
1,2,24,7,2,2610,11,1,1,5500,48,2,2,112.977034,1,2
1,1,24,7,2,2930,11,2,1,5500,48,2,2,119.0363459,1,2
1,1,24,7,2,2930,11,2,1,7000,48,2,2,119.0363459,1,2
1,1,21,4,6,2930,11,2,1,4500,48,2,2,119.0363459,1,2
1,2,37,6,2,3250,11,1,1,8000,48,2,2,103.8298691,1,2
1,1,56,5,6,161,10,1,1,4200,48,2,2,105.4449511,1,2
1,2,39,6,1,1410,5,1,2,5300,48,2,2,149.7893336,1,2
1,2,38,6,1,1410,5,1,2,4600,48,2,2,149.7893336,1,2
1,2,40,6,2,3290,5,1,1,5000,48,2,2,149.7893336,1,2
1,1,50,5,6,2599,5,1,1,5700,48,2,2,151.2791589,1,2
1,1,51,5,6,2511,5,1,1,5700,40,2,2,151.2791589,1,2
1,1,51,5,5,2733,5,1,1,5000,50,2,1,175.1028888,1,2
1,1,51,5,5,2750,6,1,1,5000,50,2,1,175.1028888,1,2
1,2,36,8,1,1709,5,1,1,7000,48,2,1,173.4825718,1,2
1,2,36,8,1,1709,6,1,1,7000,48,2,1,173.4825718,1,2
1,2,34,8,1,2599,11,1,1,7000,45,2,1,173.4825718,1,2
1,2,26,8,1,1410,3,6,2,10000,45,2,1,173.4825718,1,2
1,1,25,7,1,2392,5,2,1,7000,48,2,1,175.1028888,1,2
1,1,25,7,1,2392,5,2,1,7000,48,2,1,175.1028888,1,2
1,2,50,5,5,1621,5,1,2,10000,48,2,1,173.4825718,1,2
1,2,50,5,5,1621,5,1,2,10000,48,2,1,173.4825718,1,2
1,2,38,6,1,3290,5,7,2,3500,48,2,1,173.4825718,1,2
1,2,24,7,1,1073,5,2,1,6000,48,2,2,131.9475093,1,2
1,1,30,6,1,2023,5,1,1,6500,48,2,2,133.7999833,1,2
1,1,30,6,1,2023,5,1,1,6500,48,2,2,133.7999833,1,2
1,2,42,4,1,2220,5,5,2,4500,48,2,2,132.4822962,1,2
1,2,22,6,3,2610,11,2,1,8000,48,2,2,131.9475093,1,2
1,1,22,5,6,2640,5,2,1,5000,48,2,2,139.024267,1,2
1,1,28,5,6,2511,3,6,2,5500,48,2,2,140.4048886,1,2
1,1,25,4,3,1811,5,3,2,6800,56,2,2,33.14536774,1,2
1,1,23,8,1,1811,5,4,2,5200,56,2,2,34.43954432,1,2
1,2,25,8,1,1812,5,1,1,6500,56,2,2,32.818946,1,2
1,2,26,8,1,1410,5,1,1,6500,48,2,2,32.818946,1,2
1,1,27,5,6,1410,11,2,1,6500,60,2,2,33.14536774,1,2
1,1,30,5,7,2220,5,3,2,6200,56,2,2,108.2205748,1,2
1,1,30,5,7,2220,5,3,2,5700,56,2,2,108.2205748,1,2
1,1,58,5,6,2511,5,3,2,4500,48,2,2,108.2205748,1,2
1,1,43,5,2,1323,11,1,1,6000,48,2,2,117.8794663,1,2
1,1,22,8,1,2220,5,4,2,4500,48,2,2,122.4821259,1,2
1,2,62,1,1,1079,3,6,2,600,20,2,2,100.3190281,1,2
1,2,55,6,2,1512,5,3,2,4500,48,2,2,119.5257985,1,2
1,2,56,6,1,1512,5,2,2,4500,48,2,2,119.5257985,1,2
1,2,40,5,6,2220,10,1,1,6000,54,2,2,139.0651429,1,2
1,2,40,5,6,2220,10,1,1,6000,54,2,2,139.0651429,1,2
1,1,41,8,1,1701,5,1,1,20000,48,2,2,140.4483039,1,2
1,1,42,8,1,1701,5,1,1,20000,48,2,2,140.4483039,1,2
1,1,24,8,3,2420,3,6,2,3000,48,2,2,145.9321744,1,2
1,2,26,7,2,2420,3,6,2,5000,48,2,2,139.0651429,1,2
1,2,26,7,3,2420,3,6,2,6500,48,2,2,139.0651429,1,2
1,1,27,8,1,2599,5,4,2,4500,48,2,1,152.65859,1,2
1,1,47,5,2,2013,10,1,1,4000,42,2,1,188.6629744,1,2
1,1,48,5,2,2013,10,1,1,4000,42,2,1,188.6629744,1,2
1,1,38,5,6,2511,5,1,2,7000,56,2,1,188.6629744,1,2
1,1,38,5,6,2511,5,1,2,7000,56,2,1,188.6629744,1,2
1,2,37,6,1,1079,5,2,1,7000,48,2,1,186.2236945,1,2
1,2,37,6,1,1050,5,2,1,7000,48,2,1,186.2236945,1,2
1,1,24,6,2,2599,5,2,1,8000,48,2,1,202.6784135,1,2
1,2,18,5,1,2013,5,3,2,3700,56,2,1,202.7610228,1,2
1,2,34,3,1,3290,5,2,1,5000,48,2,1,183.5133497,1,2
1,2,26,7,1,1071,5,2,1,4000,48,2,1,183.5133497,1,2
1,1,60,6,1,2395,5,3,2,7000,50,2,2,115.7567855,1,2
1,1,60,6,1,2395,5,3,2,7000,50,2,2,115.7567855,1,2
1,2,41,6,1,1074,11,1,1,8000,40,2,2,133.3536411,1,2
1,2,42,6,1,1062,11,1,1,8000,48,2,2,133.3536411,1,2
1,2,28,8,3,1079,11,2,1,5000,48,2,1,62.91100214,1,2
1,1,39,7,1,2012,5,1,1,8000,48,2,1,63.4985872,1,2
1,1,39,7,1,2012,5,1,1,8500,48,2,1,63.4985872,1,2
1,2,27,8,3,1101,6,2,1,5000,48,2,1,178.1115677,1,2
1,1,43,8,2,1410,5,1,1,20000,60,2,1,132.6145576,1,2
1,1,43,8,1,1410,5,1,1,15000,60,2,1,132.6145576,1,2
1,2,42,5,2,1075,5,1,1,10000,84,2,1,190.4937009,1,2
1,2,43,5,2,1010,5,1,1,7000,84,2,1,190.4937009,1,2
1,1,30,4,5,2599,5,7,2,5800,56,2,1,192.2729009,1,2
1,2,27,7,1,2029,5,2,1,6500,40,2,1,190.4937009,1,2
1,2,27,7,1,2399,5,2,1,6500,40,2,1,190.4937009,1,2
1,1,35,5,6,2013,3,6,2,6000,60,2,1,192.2911085,1,2
1,2,29,8,3,1079,5,2,1,7000,48,2,1,190.5117401,1,2
1,2,34,8,1,3290,5,2,1,9000,56,2,1,102.7981237,1,2
1,2,35,8,1,1709,5,2,1,8000,56,2,1,102.7981237,1,2
1,1,34,8,3,2392,5,2,1,7000,48,2,1,166.6604281,1,2
1,2,24,7,2,2610,11,2,1,5320,48,2,1,212.5775281,1,2
1,2,25,6,2,2220,11,2,1,5100,48,2,1,192.397995,1,2
1,1,30,5,5,2394,5,2,1,7400,48,2,1,194.1949809,1,2
1,1,30,5,5,2220,5,2,1,7400,48,2,1,194.1949809,1,2
1,2,20,5,2,2610,11,2,1,4600,48,2,1,212.5775281,1,2
1,1,34,5,6,1811,11,1,1,6000,48,2,2,141.7037232,1,2
1,1,35,5,6,1811,11,1,1,6500,48,2,2,141.7037232,1,2
1,1,32,8,3,2431,11,1,1,9000,48,2,2,141.7037232,1,2
1,2,41,3,1,2610,5,2,1,3500,48,2,2,140.3081986,1,2
1,2,30,8,1,1322,5,1,1,4500,48,2,2,140.3081986,1,2
1,2,41,3,1,1104,5,1,1,4500,51,2,2,140.3081986,1,2
1,1,35,5,6,3091,11,1,1,6500,48,2,2,141.7037232,1,2
1,1,53,6,1,1103,5,2,1,4500,48,2,1,136.76987,1,2
1,1,26,7,1,2630,11,2,1,8000,56,2,1,136.76987,1,2
1,2,40,6,1,1103,5,1,1,14000,48,2,1,135.5042682,1,2
1,2,41,6,1,1103,10,2,1,7000,48,2,1,135.5042682,1,2
1,1,52,5,6,1103,5,1,1,9500,48,2,1,136.76987,1,2
1,2,45,6,1,2610,11,2,1,8100,48,2,1,135.5042682,1,2
1,2,45,6,1,2610,11,2,1,4000,48,2,1,135.5042682,1,2
1,2,37,6,1,2610,11,2,1,10600,48,2,1,135.5042682,1,2
1,1,25,5,6,2410,5,2,1,5400,48,2,1,136.76987,1,2
1,1,38,7,2,2220,11,1,1,8000,48,2,1,136.76987,1,2
1,1,33,5,5,2511,3,6,2,6500,50,2,1,136.76987,1,2
1,2,34,7,2,3290,11,2,1,4300,48,2,1,135.5042682,1,2
1,2,34,7,2,3290,11,2,1,4300,48,2,1,135.5042682,1,2
1,1,18,5,7,2599,11,2,1,5600,48,2,2,109.5421207,1,2
1,1,22,5,7,2599,11,2,1,5600,48,2,2,109.5421207,1,2
1,2,28,5,7,3091,11,1,1,6300,48,2,2,104.3874713,1,2
1,2,28,5,7,3091,11,1,1,5300,48,2,2,104.3874713,1,2
1,2,25,7,1,1621,11,1,1,5500,48,2,2,104.3874713,1,2
1,1,24,5,7,3250,11,1,1,5400,48,2,2,109.5421207,1,2
1,1,24,5,7,3250,11,1,1,5400,48,2,2,109.5421207,1,2
1,1,31,6,3,2680,11,1,1,28000,54,2,2,116.8038083,1,2
1,1,26,8,3,2610,11,2,1,5400,48,2,2,116.8038083,1,2
1,1,59,5,7,3011,5,1,1,6000,48,2,1,176.5295423,1,2
1,1,55,6,1,1104,5,1,1,8000,40,2,1,176.5295423,1,2
1,1,55,6,1,1104,5,1,1,8000,40,2,1,176.5295423,1,2
1,2,53,6,2,1410,10,1,1,7000,48,2,1,174.8960237,1,2
1,1,27,8,1,146,5,2,1,7000,48,2,1,176.5295423,1,2
1,1,28,8,1,145,4,2,1,7000,48,2,1,176.5295423,1,2
1,1,34,6,2,2511,3,6,2,7000,50,2,1,181.2398954,1,2
1,1,35,6,1,2511,3,6,2,7500,50,2,1,181.2398954,1,2
1,2,50,4,2,1329,5,2,2,3500,48,2,1,179.5627895,1,2
1,2,34,7,1,2100,10,2,1,6000,44,2,1,175.3917607,1,2
1,1,36,8,1,3290,5,2,1,10000,48,2,1,188.5206947,1,2
1,1,24,5,5,2910,5,2,1,5300,50,2,1,207.391865,1,2
1,1,25,5,5,3091,11,2,1,5800,50,2,1,204.4290855,1,2
1,2,29,7,2,1410,5,2,1,6500,32,2,1,202.5373981,1,2
1,2,29,7,2,1410,5,2,1,6500,48,2,1,202.5373981,1,2
1,2,26,5,2,3250,5,2,1,4400,48,2,1,202.5373981,1,2
1,1,45,5,5,2750,11,1,1,4000,48,2,1,216.2415193,1,2
1,2,42,5,6,2750,11,1,1,4000,48,2,1,214.2405254,1,2
1,1,56,7,1,3250,10,1,1,4000,56,2,1,216.2415193,1,2
1,1,56,7,1,3250,10,1,1,4000,48,2,1,216.2415193,1,2
1,1,30,8,1,1050,5,2,1,6000,48,2,1,216.2415193,1,2
1,1,30,8,1,1050,5,3,1,6000,48,2,1,216.2415193,1,2
1,2,40,4,6,2732,5,2,1,5500,48,2,1,214.2405254,1,2
1,1,38,5,5,1410,5,2,1,4000,48,2,2,120.6261173,1,2
1,1,36,6,1,1050,5,3,2,11000,48,2,2,120.6261173,1,2
1,1,44,5,2,2395,5,2,1,8000,48,2,1,230.1721827,1,2
1,2,37,4,2,2395,5,2,1,7000,48,2,1,228.0422812,1,2
1,1,28,5,3,1410,5,3,1,4000,48,2,1,230.1721827,1,2
1,2,22,8,1,1329,11,2,1,10000,48,2,1,276.4538686,1,2
1,2,22,8,1,2610,5,2,1,10000,56,2,1,276.4538686,1,2
1,2,22,8,1,1410,3,6,2,3500,48,2,1,276.4538686,1,2
1,2,22,8,1,1410,3,6,2,3500,48,2,1,276.4538686,1,2
1,1,34,5,6,2599,3,6,2,5000,50,2,1,252.5476433,1,2
1,2,40,6,2,1410,3,6,2,6000,56,2,2,137.7900806,1,2
1,2,41,6,2,1410,3,6,2,4000,56,2,2,137.7900806,1,2
1,2,32,5,2,1410,5,1,1,5000,64,2,2,137.7900806,1,2
1,1,47,4,2,3100,3,6,2,3000,48,2,2,139.1605596,1,2
1,2,38,4,2,1410,3,6,2,3000,40,2,2,137.7900806,1,2
1,1,25,6,3,2610,5,1,1,4500,56,2,2,151.8742775,1,2
1,2,26,6,1,1104,5,6,2,3800,56,2,2,136.532544,1,2
1,1,31,5,6,1520,5,2,1,4500,56,2,2,137.8905154,1,2
1,1,39,4,4,2599,3,6,2,3000,56,2,2,137.8905154,1,2
1,2,29,6,1,1410,3,6,2,3000,56,2,2,126.7007096,1,2
1,1,30,5,7,145,1,6,2,6000,56,2,2,139.6535201,1,2
1,1,30,5,7,145,1,6,2,6000,60,2,2,139.6535201,1,2
1,1,34,5,6,312,5,1,2,6000,56,2,2,144.7171212,1,2
1,1,35,5,6,2420,5,2,1,6000,48,2,2,143.9178439,1,2
1,2,34,5,2,1410,11,2,1,6000,60,2,2,134.2519815,1,2
1,1,38,5,5,141,1,6,2,6000,60,2,2,141.3750701,1,2
1,1,34,3,2,3100,3,6,2,4000,58,2,2,140.594251,1,2
1,2,33,4,2,3100,3,6,2,3500,58,2,2,139.2096527,1,2
1,2,20,5,2,2599,5,5,1,8000,60,2,2,138.6477096,1,2
1,2,48,4,2,1410,3,6,2,2500,60,2,2,139.2096527,1,2
1,2,48,4,2,1410,3,6,2,2700,50,2,2,139.2096527,1,2
1,2,36,4,2,1079,3,6,2,3000,54,2,2,139.2096527,1,2
1,2,55,3,1,2391,3,6,2,2000,30,2,2,119.650004,1,2
1,2,32,5,3,1410,3,6,2,4700,60,2,2,139.2096527,1,2
1,2,33,4,3,1410,5,2,2,5500,58,2,2,139.2096527,1,2
1,1,52,5,2,3100,5,2,2,3000,56,2,2,121.2962624,1,2
1,1,21,7,2,2640,5,2,2,8000,60,2,2,126.0323324,1,2
1,2,26,4,2,118,1,6,2,3000,40,2,2,120.7687239,1,2
1,1,29,5,6,2640,5,2,1,5000,54,2,2,121.2962624,1,2
1,1,21,7,1,1410,3,6,2,3000,55,2,2,157.4907102,1,2
1,2,21,6,1,2023,5,2,2,3500,48,2,2,133.2481129,1,2
1,1,23,5,7,2599,3,6,2,4500,48,2,2,140.3946261,1,2
1,2,31,5,1,2012,5,2,1,8000,48,2,2,120.1017143,1,2
1,1,26,4,3,3100,3,6,2,8000,48,2,1,222.0844089,1,2
1,2,28,8,1,1050,5,2,1,5500,48,2,1,220.0293477,1,2
1,1,40,5,2,2512,5,3,1,6500,48,2,2,138.1762396,1,2
1,1,22,5,7,2220,5,2,2,6000,48,2,2,146.1537166,1,2
1,1,22,5,7,2220,5,2,2,6000,52,2,2,146.1537166,1,2
1,2,23,8,1,2640,5,2,1,5300,48,2,2,130.9613905,1,2
1,2,23,8,1,2610,5,2,1,5300,48,2,2,130.9613905,1,2
1,1,30,8,1,2630,5,2,1,8000,48,2,2,132.8000199,1,2
1,1,31,8,1,2610,5,2,1,8000,48,2,2,132.8000199,1,2
1,2,30,6,2,2630,5,2,1,5600,56,2,2,131.4921807,1,2
1,2,30,6,2,2610,5,2,1,5600,56,2,2,131.4921807,1,2
1,2,32,4,2,1410,3,7,2,4500,49,2,2,131.4921807,1,2
1,2,34,4,2,2599,5,3,1,4500,56,2,2,119.5215128,1,2
1,2,29,6,1,2710,5,3,1,5000,56,2,2,119.5215128,1,2
1,2,30,6,1,2790,5,2,1,4500,56,2,2,119.5215128,1,2
1,1,30,3,1,146,1,7,2,5000,53,2,2,140.3690445,1,2
1,2,29,5,1,145,1,7,2,4000,53,2,2,138.986664,1,2
1,2,23,3,2,1410,5,2,1,5000,55,2,2,137.6610919,1,2
1,2,21,5,2,1410,11,2,1,5500,55,2,2,137.6610919,1,2
1,1,37,4,1,1610,5,2,2,6000,54,2,2,139.5937817,1,2
1,1,38,4,5,1610,5,2,2,7000,54,2,2,139.5937817,1,2
1,2,35,5,2,1410,11,2,1,7000,55,2,2,138.2190362,1,2
1,1,27,4,3,1629,3,7,2,5000,54,2,2,139.5937817,1,2
1,1,27,3,1,1629,3,7,2,5000,52,2,2,139.5937817,1,2
1,1,27,7,2,2610,11,2,1,6000,48,2,2,140.683735,1,2
1,2,33,4,2,3100,3,6,2,4500,56,2,2,139.2982555,1,2
1,1,56,4,1,118,5,6,2,5000,56,2,2,141.4650511,1,2
1,2,31,4,2,2610,5,2,2,4500,48,2,2,139.2982555,1,2
1,1,45,4,2,3100,3,7,2,6000,56,2,2,140.683735,1,2
1,1,18,5,2,3100,3,7,2,5000,56,2,2,146.1767981,1,2
1,1,18,5,2,3100,3,7,2,5000,56,2,2,146.1767981,1,2
1,1,16,4,2,3100,3,7,2,5000,56,2,2,146.1767981,1,2
1,1,17,4,2,3100,3,7,2,4700,56,2,2,146.1767981,1,2
1,1,28,5,2,2610,11,2,2,5000,48,2,1,178.7270055,1,2
1,2,25,5,2,2610,11,2,1,5200,48,2,1,177.0731526,1,2
1,2,49,4,2,2610,5,2,1,4700,48,2,1,177.0731526,1,2
1,2,25,5,2,2610,11,2,1,5500,48,2,1,177.0731526,1,2
1,1,50,4,2,3100,3,6,2,6000,54,2,1,178.7270055,1,2
1,2,52,4,2,3100,3,6,2,4500,56,2,1,177.0731526,1,2
1,2,51,4,2,3100,3,6,2,4000,48,2,1,177.0731526,1,2
1,2,39,3,2,3100,3,6,2,4500,50,2,1,177.0731526,1,2
1,1,45,4,2,3100,3,7,2,7000,56,2,1,178.7270055,1,2
1,1,45,4,2,3100,3,7,2,6000,56,2,1,178.7270055,1,2
1,1,21,4,2,3100,3,7,2,5000,56,2,1,181.3172861,1,2
1,1,21,4,2,3100,3,7,2,4700,56,2,1,181.3172861,1,2
1,1,49,4,2,3100,3,7,2,7500,56,2,1,178.7270055,1,2
1,1,49,4,2,3100,3,7,2,5500,56,2,1,178.7270055,1,2
1,2,44,4,2,3100,3,7,2,3500,48,2,1,177.0731526,1,2
1,2,44,4,2,3100,3,7,2,4700,56,2,1,177.0731526,1,2
1,1,22,5,2,2610,11,2,2,4500,48,2,1,181.3172861,1,2
1,1,50,4,2,1410,5,2,1,6000,52,2,2,156.1591317,1,2
1,1,51,4,1,1410,5,2,1,6000,56,2,2,156.1591317,1,2
1,2,33,7,2,2593,11,2,1,6500,48,2,2,154.6212476,1,2
1,2,40,4,2,2610,11,2,1,5000,48,2,2,154.6212476,1,2
1,1,18,5,1,2610,11,2,1,5000,56,2,2,162.256439,1,2
1,1,19,5,2,2610,11,2,2,5000,48,2,2,162.256439,1,2
1,1,32,2,2,1410,5,2,1,3600,48,2,2,156.1591317,1,2
1,2,26,3,2,1410,5,2,1,4500,50,2,2,154.6212476,1,2
1,1,38,4,2,1410,5,2,1,5500,45,2,2,156.1591317,1,2
1,1,38,4,1,1410,5,2,2,5000,56,2,2,156.1591317,1,2
1,2,33,5,1,2610,11,2,1,6000,42,2,2,154.6212476,1,2
1,2,34,5,2,2610,11,2,1,5500,48,2,2,154.6212476,1,2
1,1,19,5,2,2610,11,2,1,5500,48,2,2,162.256439,1,2
1,2,29,3,2,1410,5,2,1,4500,40,2,2,154.6212476,1,2
1,2,29,4,2,1410,5,2,1,4500,48,2,2,154.6212476,1,2
1,2,39,5,2,1410,5,2,1,4500,48,2,2,154.6212476,1,2
1,2,39,4,2,1410,5,2,1,5500,48,2,2,154.6212476,1,2
1,2,33,7,2,2610,11,2,1,4700,48,2,2,154.6212476,1,2
1,1,33,4,2,3100,3,2,2,5500,56,2,2,156.1591317,1,2
1,2,28,4,2,1410,5,2,1,4500,56,2,2,154.6212476,1,2
1,2,28,4,2,1410,5,2,1,5000,48,2,2,154.6212476,1,2
1,2,25,4,2,2610,11,2,1,5300,50,2,2,154.6212476,1,2
1,1,27,5,2,2610,11,2,1,6000,48,2,2,156.1591317,1,2
1,2,26,5,2,1410,3,7,2,4500,50,2,2,154.6212476,1,2
1,2,25,5,2,1410,5,2,2,4500,48,2,2,154.6212476,1,2
1,1,45,4,2,2599,3,7,2,6500,56,2,2,137.5214953,1,2
1,1,16,4,2,3100,3,7,2,4500,56,2,2,142.8910872,1,2
1,2,29,5,6,1410,10,3,1,4200,48,2,2,136.167158,1,2
1,2,29,6,2,1410,5,2,1,5500,48,2,2,136.167158,1,2
1,1,20,6,2,2310,3,7,2,6000,56,2,2,142.8910872,1,2
1,1,26,5,2,3100,3,6,2,6000,54,2,2,137.5214953,1,2
1,1,27,5,2,3100,3,7,2,6000,56,2,2,137.5214953,1,2
1,2,24,5,2,2610,5,2,1,6000,56,2,2,135.6174965,1,2
1,2,24,5,2,2610,11,2,1,5500,48,2,2,135.6174965,1,2
1,1,51,3,3,3100,3,6,2,5800,50,2,2,137.5214953,1,2
1,1,51,4,2,3100,3,6,2,6500,56,2,2,137.5214953,1,2
1,1,26,6,2,3100,3,7,2,5000,56,2,2,137.5214953,1,2
1,1,27,6,2,3100,3,7,2,5500,56,2,2,137.5214953,1,2
1,2,28,5,2,1410,5,1,1,5000,48,2,2,136.167158,1,2
1,1,57,4,2,3100,3,7,2,6000,56,2,2,137.5214953,1,2
1,1,57,4,2,3100,3,7,2,6200,56,2,2,137.5214953,1,2
1,1,26,4,2,3100,3,7,2,5000,56,2,2,137.5214953,1,2
1,1,27,5,2,3100,3,7,2,5600,56,2,2,137.5214953,1,2
1,2,63,4,1,145,1,2,2,4000,48,2,2,117.8031555,1,2
1,2,21,5,3,2610,11,2,2,5000,48,2,2,135.7536874,1,2
1,1,40,4,2,3100,3,7,2,6000,42,2,2,137.6595982,1,2
1,2,56,4,1,127,1,6,2,4200,50,2,2,117.8031555,1,2
1,1,26,6,2,3100,5,6,2,4500,56,2,2,137.6595982,1,2
1,1,26,6,2,3100,3,6,2,5000,56,2,2,137.6595982,1,2
1,1,55,4,1,1621,5,2,2,3700,56,2,2,117.7861774,1,2
1,1,55,4,1,2910,5,2,2,3700,56,2,2,117.7861774,1,2
1,1,37,8,1,161,10,1,1,5000,48,2,2,118.4403272,1,2
1,1,28,4,2,3100,3,7,2,5500,56,2,2,117.7861774,1,2
1,1,28,4,2,3100,3,7,2,7000,56,2,2,117.7861774,1,2
1,1,26,5,2,1610,3,7,2,6000,56,2,2,117.7861774,1,2
1,1,26,5,2,3100,3,7,2,6500,56,2,2,117.7861774,1,2
1,1,23,5,2,3100,3,7,2,4500,56,2,2,122.3851945,1,2
1,1,24,5,2,3100,3,7,2,5000,56,2,2,122.3851945,1,2
1,1,44,4,2,2511,5,2,2,5000,48,2,2,117.7861774,1,2
1,1,45,4,2,2599,5,2,2,5500,56,2,2,117.7861774,1,2
1,1,41,4,2,2392,5,2,2,5500,56,2,2,129.098946,1,2
1,1,41,4,2,2392,5,2,2,5000,56,2,2,129.098946,1,2
1,1,35,4,2,3100,3,6,2,6000,56,2,2,129.098946,1,2
1,1,35,4,2,3100,3,7,2,6000,56,2,2,129.098946,1,2
1,2,32,6,1,2610,11,2,2,3500,48,2,2,127.8275556,1,2
1,1,33,6,1,2396,5,2,1,5500,56,2,2,129.098946,1,2
1,2,38,4,4,1410,5,2,1,5500,56,2,2,127.8275556,1,2
1,2,38,4,2,1410,5,2,1,5000,56,2,2,127.8275556,1,2
1,1,40,4,2,3100,3,7,2,5500,56,2,2,129.098946,1,2
1,1,40,4,2,3100,3,7,2,6500,56,2,2,129.098946,1,2
1,2,37,4,2,2592,5,2,1,5000,48,2,2,127.8275556,1,2
1,2,38,4,2,2592,5,2,1,5000,48,2,2,127.8275556,1,2
1,2,38,4,2,2610,11,2,1,5500,48,2,2,127.8275556,1,2
1,2,38,4,2,2610,11,2,1,6000,48,2,2,127.8275556,1,2
1,2,37,4,2,2610,11,2,1,5500,48,2,2,127.8275556,1,2
1,2,37,4,2,2610,11,2,1,6000,48,2,2,127.8275556,1,2
1,1,44,4,2,2511,3,6,2,6500,56,2,2,129.098946,1,2
1,1,44,4,2,2511,3,7,2,6500,56,2,2,129.098946,1,2
1,1,32,5,5,3100,3,7,2,6000,56,2,2,129.098946,1,2
1,2,30,5,2,2599,11,2,1,6000,48,2,2,127.8275556,1,2
1,2,30,5,2,2599,11,2,1,5500,48,2,2,127.8275556,1,2
1,2,26,8,2,3091,5,2,1,5400,48,2,1,216.267125,1,2
1,1,26,7,1,2930,5,3,1,6000,48,2,2,159.4899069,1,2
1,2,23,8,1,2100,5,3,1,4000,48,2,2,157.2817533,1,2
1,1,33,7,5,2395,5,3,2,6000,40,2,2,159.4899069,1,2
1,2,23,8,1,2100,5,3,1,4500,48,2,2,157.2817533,1,2
1,1,28,5,1,1050,11,3,1,5000,48,2,2,159.4899069,1,2
1,1,36,4,5,2930,5,2,1,8000,54,2,2,159.4899069,1,2
1,2,32,7,2,2100,5,2,1,6000,48,2,2,157.9192207,1,2
1,2,33,7,2,2100,5,2,1,6300,48,2,2,157.9192207,1,2
1,1,24,8,2,3240,11,2,1,6000,50,2,2,165.7172658,1,2
1,1,24,8,2,3240,11,2,1,6300,50,2,2,165.7172658,1,2
1,2,34,8,1,1410,11,2,1,4000,0,2,2,157.9192207,1,2
1,1,43,5,6,130,5,1,1,3500,40,2,2,153.0571153,1,2
1,1,36,8,2,2395,5,1,1,8000,48,2,2,152.2117759,1,2
1,2,37,4,5,2511,5,3,1,4500,48,2,2,150.7127661,1,2
1,1,36,5,6,2395,5,2,1,7000,48,2,2,152.2117759,1,2
1,1,24,8,1,3314,5,3,1,6000,48,2,2,143.788511,1,2
1,2,25,6,2,1410,11,2,1,6000,52,2,2,127.3868233,1,2
1,2,25,6,2,1410,11,3,1,6000,48,2,2,127.3868233,1,2
1,2,22,8,1,1410,5,3,1,6000,48,2,2,126.8726051,1,2
1,1,41,6,1,2100,5,3,1,8000,48,2,2,128.6538301,1,2
1,1,51,3,3,3100,3,6,2,5800,50,2,2,136.5223179,1,2
1,2,22,6,2,1410,11,3,1,4500,48,2,2,134.6321528,1,2
1,1,22,7,2,2599,3,5,2,3500,40,2,2,132.8147464,1,2
1,1,20,5,2,2511,3,6,2,5000,42,2,2,147.0448978,1,2
1,2,56,4,1,1410,3,6,2,3500,40,2,2,120.4371751,1,2
1,2,34,6,1,1410,5,1,1,5300,48,2,2,140.1255056,1,2
1,2,33,6,2,1410,3,2,1,5300,48,2,2,140.1255056,1,2
1,1,56,4,1,1050,5,4,2,3500,56,2,2,141.5192131,1,2
1,2,41,7,2,1410,5,2,2,5000,50,2,2,136.3721439,1,2
1,1,26,7,2,1103,11,2,1,7200,48,2,2,168.4195594,1,2
1,2,56,5,1,1702,2,6,2,1200,28,2,1,157.5705814,1,2
1,1,27,5,6,3100,3,6,2,8500,56,2,1,191.4658248,1,2
1,1,35,5,1,322,1,6,2,2000,35,2,2,143.3438931,1,2
1,1,68,4,5,1709,3,6,2,1000,40,2,2,122.5229069,1,2
1,1,42,5,2,2599,3,6,2,4000,35,2,2,142.5522001,1,2
1,2,60,4,1,1629,3,6,2,1500,49,2,2,121.3162785,1,2
1,2,22,5,2,1629,3,6,2,3000,40,2,2,127.8410982,1,2
1,2,45,7,4,1410,3,6,2,3000,50,2,2,128.3592418,1,2
1,2,49,5,1,118,5,5,2,3000,52,2,2,129.0721113,1,2
1,2,49,5,3,118,5,6,2,3000,40,2,2,129.0721113,1,2
1,2,43,4,1,1629,3,6,2,2700,50,2,2,128.3592418,1,2
1,2,68,2,1,1629,3,6,2,2000,46,2,2,118.1930041,1,2
1,2,68,2,2,1629,3,6,2,1700,54,2,2,118.1930041,1,2
1,2,69,2,2,1512,3,6,2,1800,52,2,2,118.1930041,1,2
1,1,78,5,1,1629,3,6,2,1000,42,2,2,119.3685679,1,2
1,2,76,2,1,1629,3,6,2,1500,40,2,2,118.1930041,1,2
1,2,52,3,1,1520,3,6,2,2900,48,2,2,142.0450331,1,2
1,2,47,4,2,1410,5,6,2,5250,40,2,2,142.0450331,1,2
1,2,25,4,2,1410,3,6,2,3000,40,2,2,142.0450331,1,2
1,2,17,4,2,1410,5,6,2,3750,56,2,2,141.4716446,1,2
1,1,27,7,2,1410,5,6,2,5000,50,2,2,143.4578325,1,2
1,1,28,7,1,1410,5,6,2,5600,48,2,2,143.4578325,1,2
1,2,24,8,1,1410,3,6,2,5000,48,2,2,141.4716446,1,2
1,2,52,4,2,1410,3,6,2,5800,41,2,2,142.0450331,1,2
1,1,24,3,2,1410,3,6,2,6400,50,2,2,149.0592115,1,2
1,2,38,3,2,1520,3,6,2,4500,50,2,2,136.6513196,1,2
1,1,68,4,1,1410,3,6,2,2500,52,2,2,118.6193144,1,2
1,2,63,4,1,1410,3,6,2,2500,54,2,2,117.4511294,1,2
1,1,38,5,6,3092,5,6,2,7000,60,2,2,137.8905154,1,2
1,2,37,3,2,2599,3,6,2,4300,62,2,2,136.0282686,1,2
1,2,28,7,3,1410,5,2,1,4500,50,2,2,143.2862313,1,2
1,2,26,8,2,1410,5,1,1,4000,50,2,2,143.2862313,1,2
1,2,27,8,1,1410,5,1,1,4000,48,2,2,143.2862313,1,2
1,1,28,6,1,146,1,6,2,3000,55,2,2,133.4724346,1,2
1,1,29,6,1,146,1,6,2,3000,55,2,2,133.4724346,1,2
1,1,35,6,1,1811,5,2,2,5000,48,2,2,132.735262,1,2
1,1,35,6,1,1811,5,2,2,5000,48,2,2,132.735262,1,2
1,2,60,4,3,1629,3,6,2,700,46,2,2,112.9617642,1,2
1,1,28,5,7,1811,3,6,2,5600,56,2,2,132.735262,1,2
1,1,28,5,7,1811,3,6,2,6000,60,2,2,132.735262,1,2
1,2,23,6,1,2733,5,2,1,5000,50,2,2,142.5292244,1,2
1,1,20,6,1,2910,5,2,2,3500,50,2,2,150.1735127,1,2
1,1,21,6,2,2910,5,2,2,5000,60,2,2,150.1735127,1,2
1,1,22,7,4,3240,5,2,1,6000,40,2,2,143.3870645,1,2
1,1,23,7,3,3240,5,3,1,6000,40,2,2,143.3870645,1,2
22,2,41,4,2,2391,5,1,1,5000,48,2,1,136.2908664,1,2
22,1,45,5,1,1074,5,1,1,5000,48,2,1,142.3612423,1,2
22,1,30,5,5,1629,3,6,2,5000,56,2,1,99.1444366,1,2
22,1,30,5,5,1811,3,6,2,5000,56,2,1,99.1444366,1,2
22,1,44,6,1,1040,11,1,1,6300,48,2,1,99.1444366,1,2
22,1,44,6,1,1040,11,1,1,6300,48,2,1,99.1444366,1,2
22,1,27,6,1,2100,5,2,2,10000,50,2,1,156.712174,1,2
22,1,24,8,1,2100,5,2,2,7000,48,2,1,165.0931892,1,2
22,1,29,5,5,2592,3,6,2,4500,49,2,1,69.2341883,1,2
22,1,34,6,1,2511,3,7,2,4300,48,2,1,69.2341883,1,2
22,1,34,6,2,2592,3,6,2,4300,48,2,1,69.2341883,1,2
22,2,26,5,5,2592,10,1,1,2500,48,2,1,123.49916,1,2
22,2,26,5,5,2824,10,1,1,3600,48,2,1,123.49916,1,2
22,2,45,5,6,2511,5,2,1,8700,40,2,1,123.49916,1,2
22,2,45,5,6,2511,5,2,1,3500,48,2,1,123.49916,1,2
22,2,35,4,2,1520,5,2,1,4600,48,2,1,154.0679359,1,2
22,2,28,4,1,1621,5,5,2,5000,40,2,2,89.92154381,1,2
22,2,20,5,2,1410,5,2,1,4600,48,2,2,120.1161736,1,2
22,1,58,5,1,1104,5,3,2,1800,48,2,2,90.84287473,1,2
22,2,21,4,3,2733,5,2,1,4100,48,2,2,120.1161736,1,2
22,1,26,5,2,2592,3,6,2,5600,50,2,1,147.5871613,1,2
22,1,27,7,1,1311,5,2,1,8000,48,2,2,73.11155665,1,2
22,1,27,7,3,1311,5,3,1,8000,48,2,2,73.11155665,1,2
22,2,24,6,1,1311,5,2,1,6000,48,2,2,96.67109785,1,2
22,2,24,6,3,1311,5,3,1,6000,48,2,2,96.67109785,1,2
22,1,29,8,1,210,1,7,2,3200,45,2,2,107.5641169,1,2
22,1,29,6,1,210,1,7,2,3500,45,2,2,107.5641169,1,2
22,1,64,8,1,1020,3,6,2,3200,40,2,1,104.3869026,1,2
22,2,23,5,2,2640,11,3,2,3000,48,2,2,126.3585748,1,2
22,2,23,5,2,321,11,1,1,4000,48,2,2,127.0603331,1,2
22,2,38,5,2,321,11,2,1,4200,48,2,2,70.29111631,1,2
22,1,59,2,1,210,1,7,2,2500,40,2,2,84.37815077,1,2
22,2,55,4,1,210,1,7,2,3500,48,2,2,71.78707465,1,2
22,1,24,4,1,210,1,7,2,3500,48,2,2,99.5093741,1,2
22,1,43,3,1,221,1,7,2,2500,48,2,2,84.37815077,1,2
22,1,22,4,1,210,1,7,2,2500,48,2,2,99.5093741,1,2
22,1,44,4,1,210,1,7,2,4300,48,2,2,84.37815077,1,2
22,2,37,5,1,210,1,7,2,4000,48,2,2,83.52238526,1,2
22,1,20,4,1,221,1,7,2,3500,56,2,2,99.5093741,1,2
22,1,32,4,1,210,1,7,2,5000,48,2,2,84.37815077,1,2
22,2,28,4,1,221,1,7,2,4300,48,2,2,83.52238526,1,2
22,2,64,3,1,210,1,7,2,4000,38,2,2,71.78707465,1,2
22,1,52,3,1,210,1,7,2,4000,40,2,2,84.37815077,1,2
22,2,47,3,1,221,1,7,2,3500,40,2,2,83.52238526,1,2
22,1,27,4,1,210,1,7,2,4000,40,2,2,84.37815077,1,2
22,1,26,4,1,221,1,7,2,4000,40,2,2,84.37815077,1,2
22,2,22,4,1,221,1,7,2,3000,36,2,2,111.5682505,1,2
22,2,34,4,1,221,1,7,2,5000,48,2,2,83.52238526,1,2
22,1,38,2,1,210,1,7,2,4000,48,2,2,84.37815077,1,2
22,2,36,2,1,221,1,7,2,4000,48,2,2,83.52238526,1,2
22,1,15,4,1,221,1,7,2,4000,40,2,2,99.5093741,1,2
22,2,20,4,1,221,1,7,2,4000,40,2,2,111.5682505,1,2
22,1,51,2,1,221,1,7,2,3000,48,2,2,84.37815077,1,2
22,1,23,4,1,221,1,7,2,4000,48,2,2,99.5093741,1,2
22,2,21,4,1,221,1,7,2,3000,40,2,2,111.5682505,1,2
22,2,34,3,1,221,1,7,2,3000,40,2,2,83.52238526,1,2
22,1,52,4,1,221,1,7,2,3700,48,2,2,84.37815077,1,2
22,1,52,4,1,221,1,7,2,4000,48,2,2,84.37815077,1,2
22,2,49,3,1,221,1,7,2,3000,48,2,2,83.52238526,1,2
22,2,50,3,1,221,1,7,2,3000,40,2,2,83.52238526,1,2
22,1,28,4,1,221,1,7,2,4000,56,2,2,84.37815077,1,2
22,1,28,4,1,210,1,7,2,4000,48,2,2,84.37815077,1,2
22,2,24,4,1,221,1,7,2,3500,48,2,2,111.5682505,1,2
22,1,56,6,1,210,1,7,2,3500,48,2,2,84.37815077,1,2
22,2,33,2,1,221,1,7,2,4000,48,2,2,83.52238526,1,2
22,1,36,3,1,221,1,7,2,4000,56,2,2,84.37815077,1,2
22,1,36,3,1,210,1,7,2,3000,48,2,2,84.37815077,1,2
22,2,37,3,1,221,1,7,2,3000,48,2,2,83.52238526,1,2
22,2,32,2,1,221,1,7,2,4000,40,2,2,83.52238526,1,2
22,1,34,2,1,210,1,7,2,3000,40,2,2,84.37815077,1,2
22,2,39,1,1,221,1,7,2,3000,40,2,2,83.52238526,1,2
22,1,35,2,1,210,1,7,2,4000,48,2,2,84.37815077,1,2
22,1,36,2,1,210,1,7,2,3800,40,2,2,84.37815077,1,2
22,2,35,3,1,221,1,7,2,3800,40,2,2,83.52238526,1,2
22,1,44,2,1,210,1,7,2,4000,56,2,2,84.37815077,1,2
22,1,44,2,1,221,1,7,2,3000,48,2,2,84.37815077,1,2
22,2,43,3,1,221,1,7,2,3700,48,2,2,83.52238526,1,2
22,2,43,3,1,221,1,7,2,3500,40,2,2,83.52238526,1,2
22,1,21,4,1,221,1,7,2,3800,56,2,2,99.5093741,1,2
22,1,22,4,1,221,1,7,2,3000,48,2,2,99.5093741,1,2
22,1,17,4,1,221,1,7,2,2000,48,2,2,99.5093741,1,2
22,1,26,4,1,1702,5,1,1,5000,56,2,2,66.18519865,1,2
22,1,46,3,1,221,1,7,2,5000,48,2,2,66.55277176,1,2
22,1,49,4,1,210,1,7,2,7500,48,2,2,66.55277176,1,2
22,2,46,3,1,210,1,7,2,5000,48,2,2,65.87779173,1,2
22,2,35,4,7,3092,5,1,1,5000,48,2,2,65.51394655,1,2
22,2,39,3,1,221,1,7,2,3800,48,2,2,65.87779173,1,2
22,2,39,3,1,221,1,7,2,2900,40,2,2,65.87779173,1,2
22,1,32,4,1,221,1,7,2,2500,40,2,2,66.55277176,1,2
22,1,44,5,1,221,1,7,2,2800,40,2,2,66.55277176,1,2
22,2,39,3,1,221,1,7,2,2500,40,2,2,65.87779173,1,2
22,1,29,5,1,222,5,1,1,6000,48,2,2,66.55277176,1,2
22,2,27,7,1,2029,5,1,1,4500,40,2,2,95.09671599,1,2
22,1,30,4,1,311,1,7,2,5000,56,2,2,96.60462188,1,2
22,1,30,8,1,2011,10,1,1,5500,36,2,2,96.07107142,1,2
22,1,33,8,1,2011,5,1,1,5500,56,2,2,96.07107142,1,2
22,2,30,5,1,2391,5,1,1,4500,48,2,2,95.09671599,1,2
22,2,30,5,1,2391,5,1,1,4500,48,2,2,95.09671599,1,2
22,1,27,5,1,1629,5,1,1,6500,48,2,2,96.07107142,1,2
22,2,27,6,1,1629,5,1,1,4800,56,2,2,95.09671599,1,2
22,1,54,7,1,2592,10,1,1,5000,48,2,1,104.6036442,1,2
22,1,34,5,1,1103,5,3,1,6000,50,2,2,98.0803565,1,2
22,1,36,5,5,2410,5,1,1,4000,56,2,2,68.58252216,1,2
22,2,30,8,1,2391,5,1,1,4000,48,2,2,67.88695635,1,2
22,1,27,8,1,2592,5,2,1,4500,48,2,2,93.95065728,1,2
22,1,33,5,6,2391,5,3,1,5000,50,2,2,93.95065728,1,2
22,2,26,7,1,2733,5,3,1,5000,48,2,1,113.0097555,1,2
22,2,26,7,1,2733,11,3,1,4500,48,2,1,113.0097555,1,2
22,1,29,4,2,2733,3,3,2,3800,48,2,1,177.117405,1,2
22,2,28,3,3,2733,11,3,1,3000,48,2,1,169.5650037,1,2
22,1,43,3,1,1709,5,5,2,7000,48,2,2,96.62731419,1,2
22,2,37,3,1,2733,11,3,1,5000,48,2,2,95.64731733,1,2
22,2,25,5,1,2733,11,3,1,5000,56,2,2,95.64731733,1,2
22,2,25,5,1,2733,11,3,1,7000,48,2,2,95.64731733,1,2
22,2,27,8,1,2733,11,3,1,6000,40,2,1,129.9506637,1,2
22,2,30,4,1,1520,11,3,1,7000,40,2,1,129.9506637,1,2
26,1,24,8,1,2610,11,2,1,4500,48,2,1,44.35532179,1,2
26,1,25,8,1,2610,11,2,1,5500,48,2,1,50.02895891,1,2
26,1,23,7,1,3091,11,2,1,5500,48,2,1,14.25434323,1,2
26,1,24,7,1,3091,11,2,1,5500,48,2,1,14.25434323,1,2
26,2,29,7,2,1520,5,2,1,5200,48,2,1,15.57432668,1,2
26,2,29,7,2,1520,11,2,1,6200,52,2,1,15.57432668,1,2
26,1,26,8,2,2610,11,2,1,6500,54,2,1,51.97854262,1,2
26,2,28,6,2,2620,11,2,1,5000,48,2,1,50.25845736,1,2
26,2,28,7,2,2610,11,2,1,5500,48,2,1,50.25845736,1,2
26,2,38,6,2,2392,11,2,1,7000,52,2,1,50.25845736,1,2
26,2,38,6,1,2392,11,2,1,7000,52,2,1,50.25845736,1,2
26,1,57,6,1,3091,5,2,2,4000,56,2,1,51.88272964,1,2
26,1,57,6,1,3091,5,2,2,4000,70,2,1,51.88272964,1,2
26,2,29,6,1,1520,11,2,1,4500,48,2,1,50.25845736,1,2
26,2,30,6,2,1520,11,1,1,5000,48,2,1,50.25845736,1,2
26,2,25,7,1,3290,11,2,1,5000,63,2,1,50.25845736,1,2
26,2,25,7,1,3290,11,2,1,5000,54,2,1,50.25845736,1,2
26,1,24,7,1,3091,11,2,1,5600,48,2,1,46.37571447,1,2
26,1,25,5,7,3091,11,2,1,6500,48,2,1,52.30778676,1,2
26,1,26,5,7,3091,11,2,1,7000,48,2,1,52.30778676,1,2
26,1,24,7,1,2630,11,2,1,6500,48,2,1,46.37571447,1,2
26,2,25,8,1,1410,11,2,1,4500,48,2,1,50.67020738,1,2
26,2,25,8,1,1410,11,2,1,4500,48,2,1,50.67020738,1,2
26,1,37,5,6,3091,11,2,1,14000,48,2,1,52.30778676,1,2
26,1,37,5,6,3091,11,2,1,15000,48,2,1,52.30778676,1,2
26,1,34,8,1,3091,11,3,1,8600,48,2,1,86.25358128,1,2
26,1,34,8,1,3091,11,2,1,8600,48,2,1,86.25358128,1,2
26,2,26,7,1,2610,11,3,1,7200,48,2,1,83.55327421,1,2
26,2,26,7,1,2610,11,2,1,7500,48,2,1,83.55327421,1,2
26,2,22,8,1,2610,11,3,1,4200,48,2,1,68.44101418,1,2
26,2,22,8,1,2610,11,3,1,4600,48,2,1,68.44101418,1,2
26,2,40,8,1,3091,5,2,1,7000,48,2,1,23.42875456,1,2
26,2,40,8,1,3091,5,2,1,10000,48,2,1,23.42875456,1,2
26,1,36,8,1,3091,5,2,1,7800,56,2,1,24.18593412,1,2
26,1,37,8,1,3091,5,2,1,8000,48,2,1,24.18593412,1,2
26,2,37,8,1,3091,11,2,1,8200,54,2,1,23.42875456,1,2
26,2,37,8,1,3091,11,2,1,8500,48,2,1,23.42875456,1,2
26,1,26,8,1,2610,11,2,1,7200,60,2,1,24.18593412,1,2
26,1,26,8,1,2610,11,2,1,6500,48,2,1,24.18593412,1,2
26,1,31,5,7,3091,11,2,1,8000,60,2,1,42.89734936,1,2
26,1,31,5,7,3091,11,2,1,7500,65,2,1,42.89734936,1,2
26,1,30,8,1,2610,11,2,1,9500,48,2,1,42.89734936,1,2
26,1,30,8,1,2610,11,2,1,9500,48,2,1,42.89734936,1,2
26,2,27,7,1,2610,11,2,1,5500,60,2,1,41.55437886,1,2
26,1,26,5,7,2610,11,2,1,5800,60,2,1,42.89734936,1,2
26,1,28,6,2,2732,11,2,1,6800,65,2,1,42.89734936,1,2
26,2,28,7,2,2610,11,2,1,5500,60,2,1,41.55437886,1,2
26,2,23,5,7,1410,11,2,1,5500,68,2,1,34.03844864,1,2
26,1,28,6,2,2732,11,2,1,6500,65,2,1,42.89734936,1,2
26,2,28,7,2,2610,11,2,2,5500,60,2,1,41.55437886,1,2
26,1,31,5,7,3091,11,2,1,12000,52,2,1,42.89734936,1,2
26,1,26,8,1,2630,11,2,1,6500,48,2,1,42.89734936,1,2
26,2,31,6,2,2610,11,2,1,8000,60,2,1,41.55437886,1,2
26,2,31,6,2,2610,11,2,1,8300,63,2,1,41.55437886,1,2
26,2,30,8,1,3091,11,2,1,9500,48,2,2,55.84321421,1,2
26,2,30,8,1,3091,11,2,1,10500,48,2,2,55.84321421,1,2
26,2,26,5,7,2610,11,2,1,11800,63,2,2,55.84321421,1,2
26,2,26,5,7,2610,11,2,1,6400,56,2,2,55.84321421,1,2
26,2,28,8,2,2610,11,1,1,6060,48,2,1,44.94265898,1,2
26,2,28,8,2,2610,11,1,1,6060,48,2,1,44.94265898,1,2
26,2,28,7,2,2630,11,2,1,5400,48,2,1,44.94265898,1,2
26,2,28,7,2,2630,11,2,1,5800,48,2,1,44.94265898,1,2
26,2,23,8,1,2630,11,2,1,6500,48,2,1,41.22660805,1,2
26,2,23,8,1,2630,5,2,1,6500,48,2,1,41.22660805,1,2
26,2,30,6,1,3091,11,2,1,6500,48,2,1,50.32973471,1,2
26,2,30,6,1,3091,11,2,1,13000,48,2,1,50.32973471,1,2
26,1,35,5,1,3091,11,1,1,7500,50,2,1,34.87034535,1,2
26,1,35,5,5,3091,11,1,1,7500,54,2,1,34.87034535,1,2
26,2,35,7,1,2630,11,1,1,11000,50,2,1,33.77867312,1,2
26,2,23,6,1,3091,11,2,1,5500,48,2,1,27.66913287,1,2
26,2,23,6,1,3091,11,2,1,5000,48,2,1,27.66913287,1,2
26,1,50,5,6,3091,11,3,2,2000,30,2,1,34.87034535,1,2
26,1,50,6,1,3091,11,3,2,2000,30,2,1,34.87034535,1,2
26,2,29,7,2,3092,5,2,1,5500,48,2,1,35.42654419,1,2
26,2,30,7,2,3092,5,2,1,5500,48,2,1,35.42654419,1,2
26,1,34,7,2,3092,5,1,1,6500,48,2,1,36.57147296,1,2
26,1,21,6,1,2610,11,3,1,5500,48,2,1,60.45816701,1,2
26,1,41,5,6,161,10,3,2,1864,40,2,1,68.19157276,1,2
26,1,41,5,6,161,10,3,2,1864,40,2,1,68.19157276,1,2
26,1,21,8,1,3091,11,3,1,5500,48,2,1,60.45816701,1,2
26,1,22,8,1,3091,11,3,1,5500,48,2,1,60.45816701,1,2
26,1,24,5,7,2930,11,2,1,6450,48,2,2,57.99630428,1,2
26,1,24,5,7,2930,11,2,1,5160,48,2,2,57.99630428,1,2
26,2,20,5,6,2630,11,2,1,5200,48,2,2,62.78983691,1,2
26,2,20,5,6,2630,11,2,1,5720,48,2,2,62.78983691,1,2
26,1,29,8,1,2630,11,2,1,5500,50,2,2,54.36816887,1,2
26,1,29,8,1,2630,11,2,1,5500,50,2,2,54.36816887,1,2
26,2,26,7,1,2930,11,2,1,4800,50,2,2,54.11583261,1,2
26,2,26,7,2,2930,11,2,1,4800,50,2,2,54.11583261,1,2
26,2,24,7,1,2630,11,2,1,5500,60,2,1,98.07967702,1,2
26,2,24,7,1,2630,11,2,1,8000,60,2,1,98.07967702,1,2
26,1,34,5,6,3091,11,2,1,5500,56,2,1,123.6060496,1,2
26,1,34,6,1,3091,11,2,1,6500,48,2,1,123.6060496,1,2
26,1,25,5,7,3091,11,2,1,4600,48,2,1,123.6060496,1,2
26,2,45,6,1,2610,11,2,1,5600,48,2,2,122.2604878,1,2
26,2,45,6,1,2610,11,2,1,6000,48,2,2,122.2604878,1,2
26,2,35,6,1,1520,11,2,1,4200,48,2,2,122.2604878,1,2
26,2,35,6,1,1520,11,2,1,5000,48,2,2,122.2604878,1,2
26,1,31,5,6,3091,11,2,1,7000,48,2,2,122.8305752,1,2
26,1,32,5,6,3091,11,2,1,7000,48,2,2,122.8305752,1,2
26,2,32,5,6,2630,11,2,1,8000,58,2,2,135.050658,1,2
26,2,32,5,5,2630,11,2,1,8000,55,2,2,135.050658,1,2
26,2,33,5,6,2610,11,2,1,720,60,2,2,135.050658,1,2
26,2,29,7,1,1520,11,2,1,5200,48,2,2,134.6523135,1,2
26,2,29,7,1,1520,11,2,1,6500,48,2,2,134.6523135,1,2
26,1,53,6,1,161,10,1,1,8000,60,2,2,136.031489,1,2
26,1,54,6,1,161,10,1,1,8000,60,2,2,136.031489,1,2
26,1,30,5,7,3091,11,2,1,6000,55,2,2,135.2801827,1,2
26,1,30,5,7,3091,11,2,1,6200,55,2,2,135.2801827,1,2
26,1,34,5,7,3091,11,2,1,20000,60,2,2,135.2801827,1,2
26,1,35,5,7,3091,11,2,1,10000,58,2,2,135.2801827,1,2
26,1,38,7,2,2511,3,6,2,4140,48,2,2,135.2801827,1,2
26,2,30,7,2,2630,11,2,1,3600,48,2,2,134.6523135,1,2
26,2,28,7,2,2610,11,2,1,6600,60,2,2,134.6523135,1,2
26,2,29,7,2,2630,11,2,1,6800,48,2,2,134.6523135,1,2
26,2,29,5,6,1410,11,2,1,4600,48,2,2,54.23749878,1,2
26,2,29,5,6,1410,11,2,1,5500,52,2,2,54.23749878,1,2
26,1,24,8,1,2392,11,3,1,10000,56,2,2,58.12669474,1,2
26,2,27,3,5,2610,11,2,1,9000,48,2,2,132.8995014,1,2
26,2,28,3,5,2610,11,2,1,5000,48,2,2,132.8995014,1,2
26,1,27,8,1,2610,11,3,2,4300,48,2,2,139.7656116,1,2
26,1,27,8,1,2610,11,2,1,10600,48,2,2,139.7656116,1,2
26,2,25,7,2,2610,11,1,1,4700,40,2,2,139.1169245,1,2
26,2,26,7,2,2610,11,1,1,5500,48,2,2,139.1169245,1,2
26,1,25,7,2,2610,11,3,1,5500,48,2,2,139.7656116,1,2
26,1,25,7,2,2610,11,2,1,5500,48,2,2,139.7656116,1,2
26,2,27,7,1,1410,11,2,1,4500,48,2,2,141.9834149,1,2
26,1,31,5,6,1709,5,2,1,8000,48,2,2,142.6454682,1,2
26,2,30,6,2,1410,11,1,1,5900,48,2,2,141.9834149,1,2
26,2,30,6,2,1410,11,1,1,5500,48,2,2,141.9834149,1,2
26,1,31,8,1,3091,11,2,1,7800,48,2,2,142.6454682,1,2
26,1,31,8,1,3091,11,2,1,10000,48,2,2,142.6454682,1,2
26,2,35,4,4,1410,11,1,1,6200,48,2,2,58.26757638,1,2
26,1,29,6,1,3290,11,2,1,9500,48,2,2,58.53927177,1,2
26,1,30,6,1,3290,11,2,1,8500,60,2,2,58.53927177,1,2
26,2,31,7,1,1410,5,2,1,38000,48,2,2,58.26757638,1,2
26,2,31,7,1,1410,5,2,1,15000,56,2,2,58.26757638,1,2
26,2,27,8,1,2630,5,2,2,5500,56,2,2,58.26757638,1,2
26,2,28,7,2,2630,11,2,1,5800,48,2,2,58.26757638,1,2
26,1,28,5,6,2392,5,2,1,6800,48,2,2,58.53927177,1,2
26,1,28,5,6,2392,5,2,1,7800,48,2,2,58.53927177,1,2
26,1,28,8,1,2610,11,2,1,5500,48,2,2,58.53927177,1,2
26,1,28,8,1,2610,11,2,1,7800,65,2,2,58.53927177,1,2
26,2,24,6,2,2610,11,2,1,6000,52,2,2,151.6097956,1,2
26,2,24,6,2,2610,11,2,1,6000,50,2,2,151.6097956,1,2
26,1,24,8,1,2610,11,2,1,6000,50,2,2,143.1942221,1,2
26,1,24,8,1,2630,11,2,1,6000,52,2,2,143.1942221,1,2
26,1,23,7,1,2610,11,3,1,11000,56,2,2,135.4691501,1,2
26,1,30,8,2,2610,11,2,1,6000,50,2,2,126.9944649,1,2
26,1,31,8,1,2610,11,2,1,6500,52,2,2,126.9944649,1,2
26,1,22,5,6,3290,11,2,1,6000,48,2,2,60.74436728,1,2
26,1,23,5,6,2610,11,2,1,6000,52,2,2,60.74436728,1,2
26,2,27,8,1,161,10,2,1,4000,40,2,1,48.78050177,1,2
26,2,28,8,1,161,10,2,1,4000,60,2,1,48.78050177,1,2
26,1,36,5,6,2930,11,2,1,6500,50,2,1,50.35700891,1,2
26,1,36,5,6,2930,11,2,1,6200,48,2,1,50.35700891,1,2
26,1,21,5,6,2610,11,2,1,6300,57,2,1,44.64616861,1,2
26,1,28,4,7,2610,11,2,1,6000,50,2,1,50.35700891,1,2
26,1,28,5,7,2610,11,2,1,6000,50,2,1,50.35700891,1,2
26,1,31,5,7,2930,11,2,1,5000,50,2,1,50.35700891,1,2
26,1,31,5,7,2930,11,2,1,5000,50,2,1,50.35700891,1,2
26,2,27,6,1,1410,11,2,1,4000,50,2,1,48.78050177,1,2
26,2,27,6,2,1410,11,2,1,4500,50,2,1,48.78050177,1,2
26,2,27,7,1,2610,11,2,1,6000,50,2,1,48.78050177,1,2
26,1,33,8,1,2610,11,3,1,5700,50,2,1,50.35700891,1,2
26,2,32,8,1,2610,11,2,1,4500,48,2,1,48.78050177,1,2
26,2,33,8,2,2610,11,2,1,3200,52,2,1,48.78050177,1,2
26,1,31,5,6,2610,11,2,1,6000,50,2,1,50.35700891,1,2
26,1,27,5,7,2392,11,2,1,7000,50,2,1,50.35700891,1,2
26,1,28,5,7,2392,11,2,1,6890,48,2,1,50.35700891,1,2
26,2,33,5,2,2220,11,2,1,5000,50,2,1,48.78050177,1,2
26,1,30,5,6,2392,11,2,1,8400,54,2,1,50.35700891,1,2
26,1,29,5,5,2392,5,2,1,10000,60,2,2,124.114713,1,2
26,1,29,5,5,2392,5,2,1,10000,60,2,2,124.114713,1,2
26,2,26,5,7,2610,11,2,1,6000,60,2,2,123.5386656,1,2
26,2,27,5,7,2630,11,2,1,6000,60,2,2,123.5386656,1,2
26,2,25,7,1,2599,11,2,1,5400,48,2,2,123.5386656,1,2
26,1,25,5,7,2610,11,2,1,7200,56,2,2,124.114713,1,2
26,1,31,8,1,2220,11,2,1,8000,60,2,2,124.114713,1,2
26,1,31,8,2,2220,11,2,1,8000,60,2,2,124.114713,1,2
26,2,29,8,1,2610,11,2,1,8000,60,2,2,123.5386656,1,2
26,2,30,8,2,2610,11,2,1,8000,60,2,2,123.5386656,1,2
26,2,41,4,5,2610,11,3,1,4500,50,2,2,123.5386656,1,2
26,2,40,4,5,2610,11,2,1,9500,48,2,2,123.5386656,1,2
26,1,24,5,6,3091,11,2,1,12000,58,2,2,132.3972246,1,2
26,1,21,5,7,2610,11,2,1,6500,55,2,2,132.3972246,1,2
26,1,22,5,7,2610,11,2,1,6000,52,2,2,132.3972246,1,2
26,1,35,5,7,2610,11,2,1,8000,53,2,2,124.114713,1,2
26,1,41,8,1,2220,11,2,1,14000,58,2,2,129.7307634,1,2
26,1,41,8,1,2220,11,2,1,11600,56,2,2,129.7307634,1,2
26,2,28,7,1,1410,11,2,1,5300,56,2,2,129.1286505,1,2
26,2,27,7,1,1410,11,2,1,5800,52,2,2,129.1286505,1,2
26,1,33,5,7,3091,11,2,1,8000,50,2,2,129.7307634,1,2
26,1,33,5,7,3091,11,2,1,8500,48,2,2,129.7307634,1,2
26,2,30,7,1,3091,11,2,1,5000,56,2,2,129.1286505,1,2
26,2,31,7,1,3091,11,2,1,4500,48,2,2,129.1286505,1,2
26,1,29,5,6,2610,11,2,1,9000,59,2,2,129.7307634,1,2
26,1,18,5,6,3091,5,2,2,4000,58,2,2,138.3880492,1,2
26,1,28,5,7,2610,11,2,1,6000,50,2,2,129.7307634,1,2
26,1,28,5,7,2610,11,2,1,6500,55,2,2,129.7307634,1,2
26,1,22,5,7,3091,11,2,1,4500,50,2,2,138.3880492,1,2
26,1,28,6,1,1080,11,2,1,8000,50,2,2,129.7307634,1,2
26,1,28,6,1,1080,11,3,1,7500,55,2,2,129.7307634,1,2
26,1,27,5,7,2610,11,3,1,5500,50,2,2,129.7307634,1,2
26,1,27,5,7,2610,11,3,1,5000,50,2,2,129.7307634,1,2
26,1,39,4,5,2220,11,2,1,6000,60,2,2,132.219603,1,2
26,2,26,5,6,2610,11,2,1,6400,52,2,2,131.6059388,1,2
26,1,29,5,7,2431,5,2,1,11000,50,2,2,132.219603,1,2
26,1,29,5,7,2431,5,2,1,11000,56,2,2,132.219603,1,2
26,2,28,5,7,2599,11,2,1,5700,56,2,2,131.6059388,1,2
26,2,29,5,7,2599,11,2,1,7500,48,2,2,131.6059388,1,2
26,1,27,5,6,2610,11,3,2,3800,58,2,2,132.219603,1,2
26,1,26,5,6,2610,11,2,1,6400,50,2,2,132.219603,1,2
26,1,20,4,5,2392,11,2,1,5000,56,2,2,141.0429758,1,2
26,2,28,8,1,2610,11,2,1,5800,59,2,1,125.6867507,1,2
26,2,29,8,1,2610,11,2,1,5800,53,2,1,125.6867507,1,2
26,2,27,6,1,2610,11,2,1,5700,56,2,1,125.6867507,1,2
26,2,27,6,2,2610,11,2,1,3800,48,2,1,125.6867507,1,2
26,1,36,8,1,1080,11,2,1,10000,60,2,1,129.7487437,1,2
26,1,36,8,1,1080,11,2,1,10000,50,2,1,129.7487437,1,2
26,1,28,4,5,2395,4,2,1,7200,60,2,2,56.61472532,1,2
26,1,28,4,5,2395,5,2,1,6900,72,2,2,56.61472532,1,2
26,1,28,5,6,3290,11,2,1,4800,48,2,2,56.61472532,1,2
26,1,28,5,6,3290,11,2,1,5200,48,2,2,56.61472532,1,2
26,2,24,7,2,2630,11,2,1,7400,70,2,2,129.9512534,1,2
26,2,25,7,2,2630,11,2,1,7200,66,2,2,111.9993397,1,2
26,1,31,6,1,2511,3,6,2,6000,48,2,2,119.1574686,1,2
26,1,29,5,6,3091,11,2,1,5500,48,2,2,119.1574686,1,2
26,1,30,5,6,3091,11,2,1,6100,54,2,2,119.1574686,1,2
26,2,25,7,1,2610,11,1,1,7000,63,2,2,118.604429,1,2
26,1,27,8,1,2610,11,1,1,11000,48,2,2,119.1574686,1,2
26,1,28,5,7,3091,11,2,1,6780,48,2,2,119.1574686,1,2
26,1,28,5,7,3091,11,1,1,6700,48,2,2,119.1574686,1,2
26,1,33,5,7,1104,5,2,2,4500,50,2,2,128.0338148,1,2
26,1,34,5,7,1104,5,2,2,4500,50,2,2,128.0338148,1,2
26,1,18,5,7,2610,11,2,2,4200,62,2,2,136.5778587,1,2
26,2,30,7,2,2630,5,2,1,5500,62,2,2,127.4395779,1,2
26,2,24,6,2,3091,11,2,1,3200,63,2,2,147.8663439,1,2
26,2,25,6,1,3091,11,2,1,4700,63,2,2,127.4395779,1,2
26,1,26,8,1,2610,11,7,2,4000,48,2,2,128.0508747,1,2
26,1,26,8,1,2610,11,3,1,4500,48,2,2,128.0508747,1,2
26,2,23,8,1,2610,11,3,1,4500,48,2,2,147.8860462,1,2
26,2,23,8,1,2610,11,2,1,4400,48,2,2,147.8860462,1,2
26,1,27,5,7,1080,5,2,1,5100,52,2,2,128.3317876,1,2
26,1,28,7,1,1410,5,3,2,3700,48,2,2,128.3317876,1,2
26,1,21,5,7,3091,11,3,1,5100,48,2,2,136.895716,1,2
26,2,23,8,1,1410,11,4,2,3000,48,2,1,40.89637962,1,2
26,2,23,8,1,1410,11,3,1,3800,48,2,1,40.89637962,1,2
26,1,33,5,7,3091,11,2,1,7500,60,2,2,132.9368884,1,2
26,1,33,5,7,3091,11,2,1,8000,60,2,2,132.9368884,1,2
26,2,27,7,2,1410,11,2,1,5500,60,2,2,132.319895,1,2
26,2,28,7,2,1410,11,2,1,5500,30,2,2,132.319895,1,2
26,1,32,8,2,2392,5,2,1,7000,48,2,2,132.9368884,1,2
26,1,33,8,2,2392,5,2,1,7000,48,2,2,132.9368884,1,2
26,2,24,6,2,1410,11,2,1,4200,65,2,2,153.5289069,1,2
26,2,24,6,2,1410,11,2,1,4500,65,2,2,153.5289069,1,2
26,2,22,7,2,2630,11,2,1,3700,48,2,2,153.5289069,1,2
26,2,22,7,2,2630,11,2,1,4000,56,2,2,153.5289069,1,2
26,2,28,7,2,3091,5,2,2,3200,50,2,1,125.85863,1,2
26,2,29,7,1,1410,11,2,1,4000,52,2,1,125.85863,1,2
26,2,31,6,2,1410,11,1,1,4500,50,2,1,125.85863,1,2
26,2,32,6,2,1410,11,2,1,4800,53,2,1,125.85863,1,2
26,1,24,7,2,2511,5,1,1,5200,51,2,1,115.1916321,1,2
26,1,25,7,1,2511,5,2,1,5400,55,2,1,129.9261779,1,2
26,1,26,7,2,2511,3,6,2,4200,53,2,1,129.9261779,1,2
26,1,25,8,1,1104,11,2,1,12000,48,2,2,131.2751772,1,2
26,1,40,8,1,240,10,1,1,5000,40,2,2,52.05105429,1,2
26,2,35,6,1,1520,11,3,1,4000,54,2,2,51.52332694,1,2
26,2,35,6,2,1520,11,3,1,4300,54,2,2,51.52332694,1,2
26,1,31,5,6,2930,11,3,1,7000,54,2,2,51.76357463,1,2
26,1,31,5,6,2930,11,2,1,8000,54,2,2,51.76357463,1,2
26,1,32,5,6,3091,11,3,1,6000,54,2,2,51.76357463,1,2
26,1,32,5,6,3091,11,2,1,6000,54,2,2,51.76357463,1,2
26,1,54,5,6,312,1,6,2,5000,24,2,2,121.3011944,1,2
26,1,54,5,6,312,1,6,2,4500,56,2,2,121.3011944,1,2
26,2,28,6,4,150,11,2,1,4500,54,2,2,120.7382052,1,2
26,2,27,6,2,1520,11,3,1,4500,54,2,2,120.0713642,1,2
26,1,40,5,6,1520,5,2,1,3300,42,2,2,127.11714,1,2
26,1,40,5,6,1520,5,2,1,3000,28,2,2,127.11714,1,2
27,2,29,7,1,2212,11,1,1,6500,70,2,1,46.56065374,1,2
27,2,29,7,1,2212,11,1,1,6500,60,2,1,46.56065374,1,2
27,1,26,9,1,2511,5,1,1,5000,70,2,1,48.51870991,1,2
27,1,26,8,1,2511,5,1,1,5000,60,2,1,48.51870991,1,2
27,1,37,5,5,1071,11,1,1,10000,48,2,1,48.51870991,1,2
27,1,49,9,1,2392,5,1,1,5500,55,2,1,52.34038912,1,2
27,1,54,8,2,2511,5,2,2,10500,48,2,1,52.34038912,1,2
27,1,54,8,1,2511,5,2,2,11000,55,2,1,52.34038912,1,2
27,1,57,8,1,2610,11,3,2,5000,84,2,1,52.34038912,1,2
27,1,43,5,6,2310,10,3,2,5000,48,2,1,24.92399482,1,2
27,1,28,5,6,1629,3,6,2,6000,56,2,1,24.92399482,1,2
27,1,28,5,6,1629,3,6,2,6400,56,2,1,24.92399482,1,2
27,2,24,8,1,1410,11,2,1,8500,56,2,1,62.81563725,1,2
27,2,29,7,2,2620,11,2,1,6800,48,2,1,54.06497143,1,2
27,1,30,5,6,2620,11,2,1,9000,48,2,1,56.33861328,1,2
27,1,25,8,1,2610,11,2,1,8500,48,2,1,56.33861328,1,2
27,1,27,5,7,2610,11,3,2,6000,48,2,1,56.33861328,1,2
27,2,53,4,1,2220,11,4,2,5000,48,2,1,54.06497143,1,2
27,1,26,8,1,2610,11,2,1,12000,60,2,1,56.33861328,1,2
27,1,25,7,1,2630,11,1,1,5000,60,2,1,54.42119969,1,2
27,2,43,6,1,2310,11,1,1,6700,48,2,1,52.22493837,1,2
27,2,43,6,1,2310,11,1,1,6700,60,2,1,52.22493837,1,2
27,1,35,6,2,2310,11,1,1,6500,48,2,1,54.42119969,1,2
27,1,35,6,2,2310,11,1,1,6500,60,2,1,54.42119969,1,2
27,2,35,6,2,2310,11,1,1,5500,60,2,1,52.22493837,1,2
27,2,35,6,2,1410,11,1,1,5500,60,2,1,52.22493837,1,2
27,1,30,4,5,2630,11,1,1,8000,70,2,1,35.39929699,1,2
27,1,30,4,5,2630,5,1,1,9000,60,2,1,35.39929699,1,2
27,1,31,5,6,2511,3,6,2,5000,56,2,2,128.225224,1,2
27,1,31,5,6,2511,3,6,2,6500,56,2,2,128.225224,1,2
27,2,36,6,2,1410,5,1,1,8000,48,2,2,124.5461183,1,2
27,1,53,7,1,161,10,1,1,5000,40,2,2,128.9373491,1,2
27,2,29,5,2,1410,11,1,1,6000,63,2,1,55.80900277,1,2
27,1,34,3,5,1709,3,6,2,7000,70,2,1,58.15598791,1,2
27,1,35,3,5,1709,3,7,2,7600,56,2,1,58.15598791,1,2
27,1,40,3,5,1709,3,6,2,6000,63,2,1,58.15598791,1,2
27,2,27,8,1,2610,11,1,1,7000,56,2,1,55.80900277,1,2
27,1,28,8,2,2610,11,1,1,9000,72,2,1,39.23221406,1,2
27,2,32,8,1,2630,11,2,1,6300,48,2,1,53.86217709,1,2
27,2,32,8,1,2610,11,2,1,7200,50,2,1,53.86217709,1,2
27,2,34,4,2,2630,11,2,1,5800,62,2,2,39.56357311,1,2
27,2,35,6,2,2630,11,2,1,5500,60,2,2,39.56357311,1,2
27,2,23,8,4,2630,11,2,1,8000,50,2,2,47.45056918,1,2
27,2,28,5,3,2630,11,2,1,7000,48,2,2,39.56357311,1,2
27,2,34,5,3,3099,11,2,1,6000,48,2,2,39.56357311,1,2
27,1,33,4,2,1702,3,2,1,6400,60,2,2,40.73228529,1,2
27,1,27,5,6,2610,11,2,1,11000,48,2,2,106.1158922,1,2
27,1,25,5,7,2630,11,2,1,14000,62,2,2,106.1158922,1,2
27,2,27,4,2,2630,11,2,1,7500,50,2,2,103.0711591,1,2
27,1,40,3,2,1709,5,6,2,7000,60,2,2,208.4596256,1,2
27,2,24,5,2,2610,11,2,1,6300,60,2,2,242.8424483,1,2
27,2,35,3,2,2630,11,2,1,6500,54,2,2,202.4783922,1,2
27,2,27,8,2,2630,11,2,1,8700,60,2,2,202.4783922,1,2
27,1,28,7,1,2630,11,2,1,10000,60,2,2,208.4596256,1,2
27,1,28,4,2,3100,3,6,2,5600,63,2,2,121.280292,1,2
27,1,52,4,2,2610,11,1,1,4500,50,2,1,189.0321268,1,2
27,1,35,4,2,1812,11,1,1,8000,54,2,2,132.0863605,1,2
27,1,35,4,2,1812,11,1,1,8000,54,2,2,132.0863605,1,2
27,2,32,4,2,1410,11,1,1,7000,52,2,2,128.2964691,1,2
27,2,26,8,2,2620,11,1,1,7500,48,2,2,128.2964691,1,2
27,2,44,4,1,2220,11,1,1,7000,50,2,2,128.2964691,1,2
27,2,45,4,1,2220,11,1,1,7000,50,2,2,128.2964691,1,2
27,1,24,5,2,2630,11,1,1,7500,52,2,2,172.4760978,1,2
27,1,31,5,2,2310,10,1,1,8600,56,2,2,132.0863605,1,2
27,2,26,5,1,2620,11,1,1,6600,50,2,2,128.2964691,1,2
27,2,26,5,1,2620,11,1,1,6800,50,2,2,128.2964691,1,2
27,1,42,4,2,2220,11,1,1,7600,54,2,2,132.0863605,1,2
27,1,42,4,2,2220,11,1,1,7800,54,2,2,132.0863605,1,2
27,2,37,4,2,2220,11,1,1,8000,52,2,2,128.2964691,1,2
27,2,28,4,2,2220,11,1,1,8000,52,2,2,128.2964691,1,2
27,2,22,8,1,2610,11,2,2,4000,60,2,2,153.872363,1,2
27,2,22,8,1,2610,11,2,1,4500,58,2,2,153.872363,1,2
27,2,30,5,2,1071,11,1,1,5500,50,2,2,128.2964691,1,2
27,2,26,5,2,2610,11,1,1,6500,50,2,2,128.2964691,1,2
27,2,27,5,2,2610,11,1,1,6800,50,2,2,128.2964691,1,2
27,2,31,4,1,2610,11,1,1,5200,52,2,2,128.2964691,1,2
27,2,31,5,1,2610,11,1,1,6200,52,2,2,128.2964691,1,2
27,2,51,5,1,1702,5,6,2,4500,45,2,2,119.8644463,1,2
27,2,52,5,1,1702,5,6,2,4500,45,2,2,119.8644463,1,2
27,1,31,5,6,2610,11,1,1,12000,48,2,2,123.4052549,1,2
27,1,31,5,6,2610,11,1,1,12000,55,2,2,123.4052549,1,2
27,2,24,7,2,2220,11,2,1,7000,48,2,2,143.759417,1,2
27,2,25,7,2,2220,11,2,1,7000,48,2,2,119.8644463,1,2
27,1,29,5,6,1071,11,1,1,6500,48,2,2,123.4052549,1,2
27,1,29,5,6,1071,11,1,1,6500,48,2,2,123.4052549,1,2
27,1,26,5,7,2630,11,2,1,6800,48,2,2,125.5588369,1,2
27,1,33,7,2,2610,11,1,1,5400,60,2,2,125.5588369,1,2
27,2,31,7,1,1702,11,1,1,6800,56,2,2,121.9562366,1,2
27,2,44,3,1,2610,11,1,1,5000,50,2,2,121.9562366,1,2
27,1,22,4,1,2610,11,1,1,7000,48,2,2,163.9525697,1,2
27,2,37,5,1,2610,11,1,1,7500,56,2,2,121.9562366,1,2
27,1,34,7,1,1071,11,1,1,7000,48,2,2,125.5588369,1,2
27,2,33,5,1,1071,11,1,1,5000,48,2,2,121.9562366,1,2
27,2,39,4,1,2610,11,1,1,7000,48,2,2,121.9562366,1,2
27,2,39,4,1,2610,11,1,1,7000,48,2,2,121.9562366,1,2
27,2,36,5,6,2610,11,2,1,5500,48,2,2,121.9562366,1,2
27,1,26,5,2,1610,3,6,2,8000,56,2,2,125.1654997,1,2
27,1,22,8,1,1702,5,1,1,8000,48,2,2,163.4389569,1,2
27,1,21,4,2,2620,11,1,1,5500,48,2,2,163.4389569,1,2
27,1,46,4,2,2396,3,6,2,6000,50,2,2,125.1654997,1,2
27,2,40,4,2,3091,5,1,1,4000,48,2,2,121.5741853,1,2
27,2,33,4,1,2620,11,1,1,6000,48,2,2,121.5741853,1,2
27,2,43,3,2,1410,11,1,1,5700,54,2,2,118.0662308,1,2
27,2,43,3,2,1410,11,1,1,5700,54,2,2,118.0662308,1,2
27,1,22,4,2,2610,11,2,1,5600,52,2,2,158.723018,1,2
27,1,22,4,2,2610,11,2,1,5700,52,2,2,158.723018,1,2
27,2,20,4,2,1410,11,1,1,5100,50,2,2,141.6027272,1,2
27,2,20,4,2,1410,11,1,1,5300,50,2,2,141.6027272,1,2
27,2,46,4,2,2610,11,1,1,5200,52,2,2,118.0662308,1,2
27,2,46,4,2,2610,11,1,1,5400,52,2,2,118.0662308,1,2
27,2,62,6,1,2610,11,6,2,3000,40,2,2,101.477338,1,2
27,1,40,5,2,2593,11,1,1,7500,55,2,2,121.5539199,1,2
27,1,41,5,2,2593,11,1,1,7500,53,2,2,121.5539199,1,2
27,2,33,5,2,2100,11,1,1,7000,52,2,2,118.0662308,1,2
27,2,33,5,2,2100,11,1,1,7000,53,2,2,118.0662308,1,2
27,1,25,7,2,2630,11,1,1,8600,56,2,2,121.5539199,1,2
27,1,26,7,2,2630,11,1,1,8600,56,2,2,121.5539199,1,2
27,2,49,4,2,1329,11,1,1,5500,52,2,2,118.0662308,1,2
27,2,50,4,2,1329,11,1,1,5800,52,2,2,118.0662308,1,2
27,1,48,7,2,2012,11,1,1,7000,60,2,2,121.5539199,1,2
27,1,48,7,2,2012,11,1,1,7000,60,2,2,121.5539199,1,2
27,1,28,5,7,2610,11,1,1,8000,56,2,2,121.5539199,1,2
27,1,23,6,2,2610,11,1,1,6500,54,2,2,158.723018,1,2
27,1,23,6,2,2610,11,1,1,6500,54,2,2,158.723018,1,2
27,2,19,4,2,1702,11,1,1,6600,53,2,2,141.6027272,1,2
27,2,20,4,2,1702,11,1,1,6600,53,2,2,141.6027272,1,2
27,1,28,5,6,2610,11,2,1,7300,60,2,2,121.5539199,1,2
27,1,28,5,6,2610,11,2,1,7300,60,2,2,121.5539199,1,2
27,1,25,5,2,2750,11,1,1,12000,56,2,2,121.5539199,1,2
27,1,32,5,7,2610,11,1,1,20000,54,2,2,124.4680846,1,2
27,1,33,5,7,2610,11,1,1,21000,54,2,2,124.4680846,1,2
27,1,29,3,2,2610,11,1,1,5800,60,2,2,124.4680846,1,2
27,2,29,5,2,2610,11,1,1,6000,54,2,2,120.8967808,1,2
27,2,49,4,2,1080,5,2,2,4800,50,2,2,120.8967808,1,2
27,2,50,4,1,1080,5,2,2,4900,50,2,2,120.8967808,1,2
27,1,29,5,6,2610,11,2,1,7000,52,2,2,124.4680846,1,2
27,1,29,5,6,2610,11,1,1,7000,52,2,2,124.4680846,1,2
27,2,24,8,1,2610,11,1,1,6300,56,2,2,144.9975472,1,2
27,1,52,4,1,1709,3,6,2,7000,50,2,2,124.4680846,1,2
27,1,25,5,7,2610,11,1,1,7600,54,2,2,124.4680846,1,2
27,1,25,5,7,2610,11,1,1,7600,54,2,2,124.4680846,1,2
27,2,23,5,2,1410,11,1,1,6300,54,2,2,144.9975472,1,2
27,2,23,5,2,1410,11,1,1,6300,54,2,2,144.9975472,1,2
27,2,49,4,2,1709,11,2,2,5500,48,2,2,120.8967808,1,2
27,2,49,4,1,1709,11,2,2,5800,48,2,2,120.8967808,1,2
27,1,32,8,2,2610,11,1,1,8500,60,2,2,124.4680846,1,2
27,2,27,7,2,2610,11,1,1,7200,54,2,2,120.8967808,1,2
27,2,28,7,2,2610,11,1,1,7000,56,2,2,120.8967808,1,2
27,1,22,5,6,2610,11,1,1,6500,52,2,2,162.5282842,1,2
27,1,22,5,6,2610,11,1,1,6800,56,2,2,162.5282842,1,2
27,2,20,4,1,2610,11,1,1,5800,52,2,2,144.9975472,1,2
27,2,31,6,1,2511,5,4,2,4000,48,2,1,54.80162005,1,2
27,2,35,5,6,1074,11,1,1,5400,48,2,1,54.80162005,1,2
27,1,28,5,5,2610,11,6,2,8000,63,2,1,57.10624083,1,2
27,2,25,5,6,2610,11,1,1,6400,50,2,1,54.80162005,1,2
27,2,25,5,6,2610,11,1,1,6800,50,2,1,54.80162005,1,2
27,1,22,4,4,2432,11,2,1,10000,48,2,2,163.1263454,1,2
27,1,22,4,4,2599,11,2,1,9000,70,2,2,163.1263454,1,2
27,2,31,5,2,2790,11,1,1,6000,48,2,2,121.341649,1,2
27,2,26,7,1,2620,11,1,1,9600,52,2,2,161.6062119,1,2
27,1,23,3,1,1410,5,1,1,5400,55,2,2,217.2562426,1,2
27,1,30,8,1,2511,5,1,1,10600,60,2,2,166.3800767,1,2
27,1,30,8,1,2511,5,1,1,11400,60,2,2,166.3800767,1,2
27,2,30,7,1,2610,11,1,1,7500,50,2,2,161.6062119,1,2
27,1,28,4,1,2610,11,2,1,4500,50,2,2,166.3800767,1,2
27,2,49,4,1,2511,5,5,2,4800,50,2,2,161.6062119,1,2
27,1,25,6,1,1062,5,1,1,8200,60,2,2,166.3800767,1,2
27,1,27,5,6,2511,5,1,1,8700,52,2,2,166.3800767,1,2
27,1,30,4,2,2710,11,1,1,6300,48,2,2,123.5949146,1,2
27,2,25,5,6,2620,11,1,1,5200,48,2,2,120.0486642,1,2
27,2,25,8,1,1074,11,1,1,6000,40,2,2,120.0486642,1,2
27,2,33,4,2,2630,11,1,1,5600,48,2,2,120.0486642,1,2
27,1,35,5,6,2610,11,1,1,8520,48,2,2,123.5949146,1,2
27,2,27,9,1,2630,11,1,1,9560,48,2,2,120.0486642,1,2
27,1,24,8,1,2393,11,3,1,6000,50,2,2,157.8669639,1,2
27,2,25,7,1,1410,3,6,2,1800,56,2,2,117.4294543,1,2
27,1,28,4,5,1410,11,4,2,5500,54,2,2,128.9337485,1,2
27,1,26,6,1,2630,11,3,1,5000,56,2,2,128.9337485,1,2
27,1,51,4,2,2410,5,4,2,7000,63,2,2,126.1425432,1,2
27,2,37,3,1,1709,5,1,1,6000,48,2,1,196.277657,1,2
27,1,16,3,1,1709,5,1,1,4500,56,2,1,180.8626132,1,2
27,1,16,3,1,1709,5,1,1,5000,48,2,1,180.8626132,1,2
27,2,23,4,1,1709,5,1,1,5000,56,2,1,228.0461041,1,2
27,1,61,8,1,1629,5,6,2,900,28,2,1,42.61481519,1,2
27,1,36,8,2,2610,11,3,1,7000,56,2,1,51.30258866,1,2
27,1,36,8,1,2220,5,1,1,9000,48,2,1,51.30258866,1,2
27,2,27,8,1,1050,5,2,1,8000,48,2,1,51.92663736,1,2
27,2,27,7,1,1050,5,1,1,8000,48,2,1,51.92663736,1,2
27,2,26,7,1,2630,11,2,1,5000,48,2,1,51.92663736,1,2
27,1,30,8,2,2100,5,1,1,6000,48,2,1,60.61328317,1,2
27,1,30,8,1,2100,5,1,1,6000,48,2,1,60.61328317,1,2
27,1,28,4,1,2610,5,1,1,6000,48,2,1,60.61328317,1,2
27,2,47,5,2,2220,5,6,2,4000,48,2,1,58.16712964,1,2
27,2,27,7,2,2610,11,1,1,6000,48,2,1,54.22737111,1,2
27,2,27,7,2,2610,11,2,1,5000,48,2,1,54.22737111,1,2
27,1,34,6,2,2630,11,1,1,9900,48,2,1,56.5078425,1,2
27,1,34,7,2,2610,11,2,1,22000,72,2,1,56.5078425,1,2
27,1,22,7,1,1050,5,2,1,5000,48,2,1,49.9685201,1,2
27,1,27,8,1,2630,11,2,1,9900,48,2,1,55.97902579,1,2
27,1,38,5,7,2392,5,1,1,4500,48,2,1,55.97902579,1,2
27,2,33,6,2,1410,3,6,2,3000,40,2,1,53.71989571,1,2
27,1,42,3,5,2511,3,6,2,6000,60,2,1,55.97902579,1,2
27,1,40,5,5,322,1,6,2,5000,65,2,1,55.97902579,1,2
27,2,40,4,1,2610,11,2,1,5200,48,2,1,170.6424118,1,2
27,2,40,4,1,2610,11,2,1,4600,48,2,1,170.6424118,1,2
27,1,25,5,2,2732,5,6,2,7000,48,2,1,177.8185874,1,2
27,2,34,5,1,2710,11,2,1,8500,48,2,1,170.6424118,1,2
27,2,35,6,1,2610,5,1,1,5500,48,2,1,170.6424118,1,2
27,1,28,5,1,1104,5,6,2,4500,60,2,1,177.8185874,1,2
27,1,29,5,1,1104,5,6,2,4500,55,2,1,177.8185874,1,2
27,2,28,5,2,1329,5,2,1,6500,60,2,1,170.6424118,1,2
27,2,29,5,2,1329,5,1,1,6500,70,2,1,170.6424118,1,2
27,1,49,5,5,2511,5,6,2,8000,60,2,1,177.8185874,1,2
27,1,24,5,1,2599,3,6,2,3000,50,2,2,52.59170739,1,2
27,1,22,3,2,1622,3,6,2,3000,40,2,2,52.59170739,1,2
27,1,34,4,1,2599,3,6,2,5500,54,2,2,40.27599946,1,2
27,2,27,4,1,1329,3,6,2,3000,50,2,2,39.12037927,1,2
27,2,55,3,1,2599,3,6,2,1500,40,2,2,33.62377138,1,2
27,1,20,3,1,2599,3,6,2,3500,40,2,2,52.59170739,1,2
27,1,51,4,1,2599,5,2,2,4000,60,2,2,40.27599946,1,2
27,2,45,4,1,2511,5,3,2,6000,60,2,2,39.12037927,1,2
27,1,24,8,1,2393,5,5,2,6000,48,2,2,52.59170739,1,2
27,1,47,3,2,2511,3,6,2,5000,60,2,2,40.27599946,1,2
27,1,47,3,2,2599,3,6,2,5000,50,2,2,40.27599946,1,2
27,1,24,5,1,1520,5,2,1,5000,50,2,2,52.59170739,1,2
27,2,18,5,1,2620,11,2,1,4500,48,2,2,46.91902467,1,2
27,2,19,5,1,2620,11,2,1,4500,48,2,2,46.91902467,1,2
27,1,24,5,7,2513,5,5,2,4000,48,2,2,52.59170739,1,2
27,1,24,5,7,2513,5,2,1,4000,48,2,2,52.59170739,1,2
27,2,23,5,7,2630,11,2,1,3500,40,2,2,46.91902467,1,2
27,1,55,4,1,2599,3,6,2,3000,50,2,2,40.27599946,1,2
27,2,52,4,5,1329,3,6,2,3300,48,2,2,39.12037927,1,2
27,1,23,5,1,2620,11,2,1,6000,48,2,2,52.59170739,1,2
27,1,23,5,1,2620,11,2,1,5500,48,2,2,52.59170739,1,2
27,2,37,4,2,1329,3,6,2,4600,51,2,2,39.12037927,1,2
27,1,42,5,2,2599,3,6,2,7000,56,2,2,40.27599946,1,2
27,2,33,3,2,1329,5,2,1,6500,48,2,2,39.12037927,1,2
27,2,34,3,2,1329,5,2,1,6000,56,2,2,39.12037927,1,2
27,2,51,4,1,1709,3,6,2,450,50,2,2,39.12037927,1,2
27,1,22,5,7,2599,11,4,2,4500,48,2,2,52.59170739,1,2
27,2,40,4,1,2599,11,2,1,7000,72,2,2,39.12037927,1,2
27,1,19,4,1,1622,3,6,2,4500,60,2,2,52.59170739,1,2
27,2,68,3,1,2599,3,6,2,1200,54,2,2,33.62377138,1,2
27,2,43,3,1,2599,3,6,2,1600,48,2,2,39.12037927,1,2
27,2,20,5,1,2630,11,2,1,7000,40,2,2,46.91902467,1,2
27,2,28,7,1,2620,11,2,1,5000,48,2,2,39.12037927,1,2
27,2,28,7,1,2620,11,2,1,6000,54,2,2,39.12037927,1,2
27,2,36,3,2,2610,11,2,1,5000,50,2,2,123.0751012,1,2
27,2,36,3,2,2610,11,3,1,5000,48,2,2,123.0751012,1,2
27,2,58,2,2,1709,3,6,2,2800,70,2,2,105.7824372,1,2
27,1,29,5,2,1709,11,2,1,6000,48,2,2,126.7107528,1,2
27,2,26,2,1,1709,11,2,1,6000,48,2,2,123.0751012,1,2
27,2,19,5,1,2630,11,2,1,6500,60,2,2,147.6101156,1,2
27,2,19,5,1,2630,11,2,1,7200,48,2,2,147.6101156,1,2
27,2,56,2,1,1629,3,6,2,3000,50,2,2,105.7824372,1,2
27,2,56,3,1,1629,3,6,2,3000,40,2,2,105.7824372,1,2
27,2,21,4,2,2630,11,3,1,7000,48,2,2,147.6101156,1,2
27,1,19,5,1,2733,5,2,1,4600,48,2,2,165.4567218,1,2
27,2,38,5,2,1702,5,1,1,5300,60,2,2,123.0751012,1,2
27,2,38,5,1,1702,5,1,1,6000,72,2,2,123.0751012,1,2
27,2,45,5,2,1410,5,1,1,5500,60,2,2,123.0751012,1,2
27,2,45,5,2,1410,5,1,1,4500,70,2,2,123.0751012,1,2
27,2,28,5,2,2630,11,2,1,8600,60,2,2,123.0751012,1,2
27,2,28,5,1,2630,11,2,1,8000,72,2,2,123.0751012,1,2
27,1,36,5,6,1079,5,2,1,9500,50,2,2,126.7107528,1,2
27,1,29,5,6,1079,5,2,1,10000,60,2,2,126.7107528,1,2
27,2,31,8,1,2410,5,1,1,6200,48,2,2,123.0751012,1,2
27,2,31,8,1,2410,5,1,1,7200,48,2,2,123.0751012,1,2
27,1,19,5,1,2733,5,6,1,4500,48,2,2,165.4567218,1,2
27,2,41,4,1,2610,5,3,2,4500,50,2,2,131.1017382,1,2
27,2,31,5,1,2392,3,7,2,5000,50,2,2,131.1017382,1,2
27,1,36,4,2,3312,3,6,2,10000,60,2,2,134.9744976,1,2
27,2,33,4,2,1410,5,2,1,4000,60,2,2,131.1017382,1,2
27,1,28,2,2,1410,3,6,2,7000,70,2,2,134.9744976,1,2
27,1,29,2,2,1410,3,6,2,7000,70,2,2,134.9744976,1,2
27,2,28,3,2,1410,5,1,1,8500,60,2,2,131.1017382,1,2
27,2,28,3,2,1410,5,2,1,6000,66,2,2,131.1017382,1,2
27,1,31,3,1,2822,5,2,1,8000,48,2,2,134.9744976,1,2
27,1,31,3,1,2593,5,2,1,7000,48,2,2,134.9744976,1,2
27,2,27,3,2,1410,3,6,2,6000,60,2,2,131.1017382,1,2
27,2,27,3,2,1410,3,6,2,6000,60,2,2,131.1017382,1,2
27,2,39,3,1,2610,5,2,1,5000,60,2,2,131.1017382,1,2
27,2,39,3,1,2610,5,2,1,5000,60,2,2,131.1017382,1,2
27,2,46,4,1,2610,11,2,1,5500,54,2,2,131.1017382,1,2
27,2,46,4,1,2610,11,2,1,4500,54,2,2,131.1017382,1,2
27,2,33,6,2,1410,3,6,2,2000,60,2,2,125.9044138,1,2
27,2,41,3,1,2220,3,6,2,3500,50,2,2,125.9044138,1,2
27,1,32,4,1,2220,3,6,2,6000,60,2,2,129.6236437,1,2
27,2,53,3,1,2410,11,6,2,4000,48,2,2,125.9044138,1,2
27,2,22,8,1,2640,11,6,2,7500,48,2,2,151.0034516,1,2
27,1,31,3,1,2220,3,6,2,6000,60,2,2,129.6236437,1,2
27,2,30,4,2,2220,3,6,2,6000,60,2,2,125.9044138,1,2
27,2,56,5,1,2610,5,6,2,2500,55,2,2,108.2142174,1,2
27,2,57,5,2,1410,3,6,2,2800,50,2,2,108.2142174,1,2
27,2,40,5,2,1410,11,2,1,4100,48,2,2,125.9044138,1,2
27,2,41,5,2,1410,11,2,1,4600,50,2,2,125.9044138,1,2
27,2,20,5,1,2620,11,2,1,4500,48,2,2,151.0034516,1,2
27,2,28,7,1,2610,11,2,1,4500,48,2,2,125.9044138,1,2
27,1,34,5,2,1329,5,1,1,7600,60,2,2,129.6236437,1,2
27,1,35,5,2,1329,5,1,1,7000,60,2,2,129.6236437,1,2
27,1,37,5,2,2511,3,6,2,6000,60,2,2,129.6236437,1,2
27,1,38,4,1,2511,3,6,2,6500,60,2,2,129.6236437,1,2
27,2,35,4,2,1410,3,6,2,5500,70,2,2,125.9044138,1,2
27,2,36,4,2,1410,3,6,2,5000,60,2,2,125.9044138,1,2
27,1,26,4,2,1410,3,6,2,1000,65,2,2,129.6236437,1,2
27,1,21,4,2,1410,3,6,2,3500,60,2,2,169.2603246,1,2
27,2,53,3,1,2610,5,6,2,2800,55,2,2,125.9044138,1,2
27,2,43,3,1,2395,5,6,2,7000,40,2,2,125.9044138,1,2
27,2,45,4,1,2610,5,4,2,4500,60,2,2,116.8770745,1,2
27,2,46,4,1,2610,5,2,1,4500,48,2,2,116.8770745,1,2
27,2,26,7,1,1410,5,2,1,5500,48,2,2,116.8770745,1,2
27,2,27,7,1,1410,5,2,1,5500,48,2,2,116.8770745,1,2
27,2,28,5,5,2630,11,1,1,6500,50,2,2,116.8770745,1,2
27,2,34,4,2,1410,5,3,2,5000,56,2,2,116.8770745,1,2
27,2,34,5,5,1410,5,4,2,4800,54,2,2,116.8770745,1,2
27,2,20,5,1,2620,11,2,1,6000,48,2,2,140.1765127,1,2
27,2,21,5,1,2620,11,2,1,6300,48,2,2,140.1765127,1,2
27,2,40,3,1,1520,5,2,1,5500,60,2,2,116.8770745,1,2
27,2,27,7,1,1410,5,2,1,5500,50,2,1,53.56542477,1,2
27,1,27,7,1,2599,11,1,1,8000,65,2,2,121.7417037,1,2
27,1,26,5,7,2930,11,1,2,7500,65,2,2,121.7417037,1,2
27,1,26,5,7,2630,11,1,1,6500,56,2,2,121.7417037,1,2
27,1,26,8,1,2630,11,1,1,10000,60,2,2,121.7417037,1,2
27,1,26,8,1,2630,11,1,1,10600,56,2,2,121.7417037,1,2
27,1,30,8,2,2930,11,1,1,6000,50,2,2,117.3247711,1,2
27,1,30,8,2,2930,11,1,1,6100,50,2,2,117.3247711,1,2
27,2,26,7,1,2610,11,2,1,6500,55,2,2,113.958427,1,2
27,2,26,7,1,2610,11,2,1,5000,55,2,2,113.958427,1,2
27,1,34,5,6,2011,11,1,1,10000,56,2,2,119.9628429,1,2
27,1,35,5,6,2011,11,1,1,11000,56,2,2,119.9628429,1,2
27,2,32,7,2,2620,11,2,1,6800,54,2,2,116.5208058,1,2
27,2,33,7,2,2620,11,2,1,7500,54,2,2,116.5208058,1,2
27,2,30,8,1,2220,11,1,1,8400,48,2,2,116.5208058,1,2
27,2,31,8,1,2220,11,1,1,8400,48,2,2,116.5208058,1,2
27,1,31,5,6,2610,11,1,1,10000,72,2,2,123.2104558,1,2
27,1,32,5,6,2610,11,1,1,9000,72,2,2,123.2104558,1,2
27,2,29,7,1,161,9,1,1,2000,40,2,2,120.3398775,1,2
27,2,29,7,1,161,9,1,1,1500,40,2,2,120.3398775,1,2
27,1,25,5,7,2610,11,2,1,10000,50,2,2,123.2104558,1,2
27,1,25,5,7,1071,5,1,1,5000,60,2,2,122.5698785,1,2
30,2,31,4,2,1322,5,1,2,5000,48,2,1,25.51771544,1,2
30,2,20,5,2,1329,11,1,1,4260,48,2,1,31.28700466,1,2
30,1,26,5,2,1520,11,2,1,5600,54,2,1,26.84500015,1,2
30,1,21,5,2,1520,11,2,1,5600,54,2,1,26.08612202,1,2
30,1,38,4,3,3100,3,6,2,6600,48,2,1,26.84500015,1,2
30,2,33,4,2,1520,11,1,1,5100,52,2,1,25.51771544,1,2
30,1,28,5,2,2599,5,3,2,6000,48,2,1,26.84500015,1,2
30,2,24,5,2,2610,11,1,1,6200,52,2,1,31.28700466,1,2
30,2,62,4,4,1079,3,6,2,3000,49,2,1,31.67846558,1,2
30,1,28,8,2,1811,5,2,1,6000,48,2,1,40.12032369,1,2
30,2,35,6,1,2100,5,1,1,5000,48,2,1,38.1366734,1,2
30,2,34,8,1,2396,11,2,1,5600,48,2,1,38.1366734,1,2
30,2,34,8,1,2399,11,2,1,5200,48,2,1,38.1366734,1,2
30,1,43,6,2,2392,5,1,1,7500,48,2,1,40.12032369,1,2
30,1,34,8,1,2100,5,1,1,8000,56,2,1,40.12032369,1,2
30,2,25,5,4,1410,5,2,1,4800,48,2,1,30.72220409,1,2
30,1,39,5,2,1079,5,2,2,5100,56,2,1,41.85784383,1,2
30,1,27,7,1,2732,11,2,1,5200,54,2,1,50.89720835,1,2
30,2,28,6,1,1410,11,1,1,6000,54,2,1,48.38072162,1,2
30,1,36,4,5,1410,11,2,1,8200,48,2,1,48.00002744,1,2
30,2,46,5,1,1520,5,2,1,6500,48,2,1,45.62678467,1,2
30,2,27,6,1,1079,5,2,1,5400,54,2,1,45.42926612,1,2
30,2,30,6,1,2399,11,1,1,6100,54,2,1,45.42926612,1,2
30,1,42,3,2,1080,5,1,2,5200,56,2,1,49.72975816,1,2
30,2,44,3,1,1709,5,3,2,4100,56,2,1,47.27099312,1,2
30,1,25,8,1,1709,5,2,1,8000,48,2,1,48.39912064,1,2
30,1,25,8,1,2220,5,2,1,8000,48,2,1,48.39912064,1,2
30,1,29,8,1,1410,11,3,1,7200,48,2,1,29.9535055,1,2
30,2,30,8,1,1410,11,3,1,4900,48,2,1,28.47252842,1,2
30,2,31,8,1,1410,11,3,1,5200,52,2,1,28.47252842,1,2
30,1,27,5,7,2395,5,1,1,5200,48,2,1,51.74356164,1,2
30,1,43,5,2,2511,3,6,2,3600,48,2,1,202.355764,1,2
30,2,50,5,6,161,9,1,1,3000,40,2,1,192.3507832,1,2
30,1,41,5,5,1410,11,1,1,4850,48,2,1,202.355764,1,2
30,1,25,8,1,2610,11,2,1,5680,48,2,1,202.355764,1,2
30,1,26,8,1,2610,11,1,1,5470,48,2,1,202.355764,1,2
30,1,32,8,1,1322,11,1,1,7800,48,2,1,202.355764,1,2
30,2,31,8,1,1410,11,1,1,7140,48,2,1,192.3507832,1,2
30,2,31,8,1,1410,11,1,1,8320,48,2,1,192.3507832,1,2
30,1,28,5,5,1410,11,1,1,6300,52,2,2,317.8655359,1,2
30,1,24,5,1,2410,5,1,1,6000,50,2,2,87.69504821,1,2
30,2,18,5,1,2610,11,1,1,4500,50,2,2,83.23925415,1,2
30,2,32,5,1,2399,5,1,1,4000,50,2,1,48.60517226,1,2
30,1,52,4,4,2394,10,1,1,8900,48,2,1,51.13333362,1,2
30,2,49,4,1,2393,5,1,1,4500,50,2,1,48.60517226,1,2
30,2,47,4,2,2394,5,3,1,4700,48,2,1,189.1974917,1,2
30,1,44,3,2,2394,5,3,1,12500,54,2,1,199.0384564,1,2
30,2,42,4,2,1410,11,3,1,5800,48,2,1,189.1974917,1,2
30,2,49,4,1,2394,3,6,2,3000,40,2,1,189.1974917,1,2
30,1,37,4,1,2410,5,1,1,5500,50,2,1,199.0384564,1,2
30,2,31,4,1,1520,5,1,1,4500,50,2,1,189.1974917,1,2
30,2,41,4,1,1410,5,1,1,6000,50,2,1,189.1974917,1,2
30,1,20,5,1,1410,5,1,1,5000,50,2,1,193.4118619,1,2
30,1,51,4,1,2410,5,1,1,6000,50,2,1,199.0384564,1,2
30,2,48,5,1,2394,5,1,1,4500,50,2,1,189.1974917,1,2
30,2,41,4,1,1520,5,1,1,4000,50,2,1,189.1974917,1,2
30,1,65,4,1,3100,3,6,2,6000,50,2,2,71.22291414,1,2
30,1,23,5,1,2220,5,1,2,4500,50,2,2,91.88836653,1,2
30,2,24,7,1,1410,5,1,1,5000,50,2,2,87.21950955,1,2
30,2,24,7,1,1410,5,1,1,5000,50,2,2,87.21950955,1,2
30,1,32,5,1,2220,5,1,1,4000,50,2,2,82.86599925,1,2
30,2,43,4,1,2392,5,1,2,4000,45,2,2,82.45543687,1,2
30,1,36,5,1,161,10,1,1,4000,48,2,2,305.7128751,1,2
30,2,30,5,1,161,10,1,1,3500,48,2,2,304.1982104,1,2
30,2,32,5,1,2610,5,1,1,4500,50,2,2,302.5181138,1,2
30,2,28,7,1,2220,5,2,1,4800,48,2,2,320.852545,1,2
30,2,35,4,3,2610,11,3,1,6000,48,2,2,271.490615,1,2
30,2,39,4,1,1410,11,2,2,4680,50,2,1,179.0877021,1,2
30,1,42,4,1,2392,3,6,2,4850,54,2,1,188.4028137,1,2
30,2,38,4,1,2392,3,6,2,2800,30,2,1,179.0877021,1,2
30,1,31,5,7,2220,5,1,1,6200,56,2,2,314.2522502,1,2
30,1,31,5,7,1702,5,2,1,6500,55,2,2,314.2522502,1,2
30,1,42,4,1,130,1,6,2,5500,49,2,2,303.9758701,1,2
30,2,35,7,2,1520,11,2,1,5000,48,2,1,188.1636256,1,2
30,1,33,7,2,2610,11,2,1,5200,50,2,1,197.9508146,1,2
30,1,40,7,1,2220,5,2,1,6500,54,2,2,308.8732872,1,2
30,1,40,7,1,2220,5,2,1,5600,48,2,2,308.8732872,1,2
30,2,39,4,2,1410,5,2,1,4500,55,2,2,79.35740022,1,2
30,2,34,4,2,1329,11,2,1,6000,54,2,2,288.5654964,1,2
30,1,23,5,7,2392,5,4,2,5500,40,2,2,321.5774861,1,2
30,2,43,4,2,1520,11,2,2,3200,50,2,2,288.5654964,1,2
30,2,38,4,2,1321,5,4,2,4200,48,2,2,80.81251326,1,2
30,1,22,5,7,1610,5,2,1,5200,50,2,2,90.0574919,1,2
30,2,28,4,5,1410,11,2,1,6000,59,2,2,345.53351,1,2
30,2,42,4,2,1410,11,2,1,5600,60,2,2,345.53351,1,2
30,2,22,5,2,1410,5,2,1,5700,60,2,2,365.4975878,1,2
30,1,15,4,2,1520,3,6,2,4000,56,2,2,385.0626595,1,2
30,1,33,4,2,1410,11,2,1,5000,60,2,2,347.2539915,1,2
30,2,27,4,2,1410,11,2,1,4700,62,2,2,345.53351,1,2
30,1,33,4,5,1410,11,2,1,6000,60,2,2,347.2539915,1,2
30,2,27,4,2,1410,11,2,1,5200,58,2,2,345.53351,1,2
30,2,31,5,2,1410,5,2,1,5200,60,2,2,345.53351,1,2
30,2,32,5,2,1410,11,2,1,5600,60,2,2,345.53351,1,2
30,1,36,4,2,1410,11,2,1,6000,60,2,2,347.2539915,1,2
30,2,40,4,2,1073,5,2,1,5000,62,2,2,345.53351,1,2
30,2,26,8,1,1520,5,4,2,3500,56,2,2,345.53351,1,2
30,2,27,8,3,1520,5,3,2,4000,48,2,2,345.53351,1,2
30,1,27,5,7,3240,11,2,1,6000,60,2,2,82.23101075,1,2
30,1,30,7,2,2511,5,3,1,7000,60,2,2,291.7405983,1,2
30,1,30,7,1,2819,5,2,1,6500,48,2,2,291.7405983,1,2
30,2,29,7,2,1410,5,3,1,4000,60,2,2,290.2951597,1,2
30,2,30,7,1,1410,5,2,2,4500,50,2,2,290.2951597,1,2
30,2,29,4,2,1410,11,2,1,6000,48,2,2,290.2951597,1,2
30,2,29,4,2,1410,11,2,1,6000,48,2,2,290.2951597,1,2
30,2,26,6,2,2610,11,2,1,5500,48,2,2,303.190937,1,2
30,2,27,6,2,2610,11,2,1,5000,48,2,2,303.190937,1,2
30,1,33,6,2,1074,5,2,1,5000,48,2,2,304.7005863,1,2
30,1,33,6,2,1074,5,2,1,5000,48,2,2,304.7005863,1,2
30,1,27,8,2,1520,5,1,1,6000,52,2,1,197.4461488,1,2
30,2,25,6,1,2220,3,6,2,2400,55,2,2,301.9788659,1,2
30,2,25,6,1,2220,3,6,2,2700,55,2,2,301.9788659,1,2
31,1,24,5,6,2610,11,2,1,6400,60,2,1,174.0076406,1,2
31,1,24,5,6,2610,11,2,1,6400,50,2,1,174.0076406,1,2
31,1,24,5,6,2610,11,2,1,6600,60,2,1,174.0076406,1,2
31,1,24,5,6,2610,11,2,1,6600,50,2,1,174.0076406,1,2
31,2,26,6,1,2610,11,2,1,4500,54,2,1,137.0186577,1,2
31,2,21,6,1,3211,11,2,1,5700,60,2,1,146.1647029,1,2
31,2,22,6,1,3211,11,2,1,5800,50,2,1,146.1647029,1,2
31,2,23,6,1,3211,11,2,1,5700,60,2,1,146.1647029,1,2
31,2,23,6,1,3211,11,2,1,5800,50,2,1,146.1647029,1,2
31,2,30,8,2,2610,11,2,1,5500,52,2,1,137.0186577,1,2
31,2,31,8,2,2610,11,2,1,6000,52,2,1,137.0186577,1,2
31,2,29,8,2,3211,11,1,1,6360,48,2,1,137.0186577,1,2
31,2,29,8,1,3211,11,2,1,6400,48,2,1,137.0186577,1,2
31,2,24,5,1,2733,11,1,1,5800,48,2,1,146.1647029,1,2
31,1,22,8,2,2910,11,3,2,4000,53,2,1,174.0076406,1,2
31,2,34,8,1,2733,11,2,1,4900,48,2,1,143.3916186,1,2
31,1,32,5,2,1410,5,3,2,4600,42,2,1,139.1643602,1,2
31,2,57,4,1,1075,5,2,2,4500,46,2,1,119.1091421,1,2
31,1,44,6,1,2100,5,1,1,5000,48,2,1,139.1643602,1,2
31,1,45,6,1,2100,5,1,1,5800,48,2,1,139.1643602,1,2
31,1,28,5,7,1920,11,2,1,17000,48,2,1,120.1928085,1,2
31,1,31,7,1,1104,11,2,1,15000,48,2,1,120.1928085,1,2
31,1,47,5,1,1520,11,1,1,5000,48,2,1,116.8229167,1,2
31,2,31,8,1,2710,11,1,1,11000,48,2,1,120.3715311,1,2
31,2,32,8,1,2710,11,1,1,12000,48,2,1,120.3715311,1,2
31,1,34,8,1,3100,3,6,2,4000,48,2,1,116.8229167,1,2
31,1,34,8,1,3100,3,6,2,5000,48,2,1,116.8229167,1,2
31,1,41,8,1,3011,10,2,1,8500,44,2,1,129.1248057,1,2
31,1,41,8,1,3315,10,2,1,8500,44,2,1,129.1248057,1,2
31,2,31,8,1,3011,10,1,1,5500,48,2,1,133.5644059,1,2
31,2,31,8,1,3011,10,1,1,5500,48,2,1,133.5644059,1,2
31,1,56,5,2,1410,5,2,1,7650,48,2,1,120.0223223,1,2
31,2,36,7,1,3250,11,1,1,5000,48,2,1,135.6346309,1,2
31,2,36,7,1,3250,11,1,1,6000,48,2,1,135.6346309,1,2
31,1,58,4,1,1709,5,2,2,3500,48,2,1,131.6360525,1,2
31,1,57,4,1,2829,10,1,1,4000,56,2,1,132.9792775,1,2
31,1,57,4,1,2829,10,1,1,4000,56,2,1,132.9792775,1,2
31,2,24,7,1,2610,11,1,1,8800,48,2,1,161.9914542,1,2
31,2,24,7,1,2610,11,1,1,5200,40,2,1,161.9914542,1,2
31,2,18,5,1,2930,11,3,1,4050,48,2,1,161.9914542,1,2
31,1,37,4,1,1103,10,1,1,7000,48,2,1,147.3783076,1,2
31,1,36,5,7,2410,5,2,1,7000,48,2,1,138.4377409,1,2
31,2,54,5,1,1410,3,2,2,5000,48,2,1,142.6429275,1,2
31,2,27,8,1,2610,11,1,1,10000,72,2,1,142.6429275,1,2
31,2,44,6,2,1322,3,6,2,3000,42,2,1,167.4672484,1,2
31,1,21,4,1,1010,5,6,2,5500,50,2,1,212.6760052,1,2
31,1,27,5,6,1520,5,4,2,4900,60,2,1,162.5302281,1,2
31,1,26,5,6,1520,5,4,2,4700,63,2,1,162.5302281,1,2
31,2,25,5,7,1329,11,2,1,6200,48,2,1,167.4672484,1,2
31,2,26,5,7,1329,11,1,1,5700,48,2,1,167.4672484,1,2
31,1,38,8,1,2211,11,2,1,7000,48,2,1,129.6547956,1,2
31,2,28,8,1,2732,11,2,1,6000,48,2,1,133.5931913,1,2
31,1,25,7,1,2610,11,2,1,6000,48,2,1,132.9792775,1,2
31,1,25,7,1,2610,11,2,1,6000,48,2,1,132.9792775,1,2
31,2,21,6,2,1410,11,2,1,8000,56,2,1,146.1647029,1,2
31,1,37,5,1,1103,5,2,1,7500,48,2,1,163.528571,1,2
31,1,34,6,1,1062,10,1,1,6500,48,2,1,163.528571,1,2
31,1,28,5,4,1520,11,2,1,6800,48,2,1,148.1288155,1,2
31,1,30,8,1,2022,10,2,1,7000,48,2,1,148.1288155,1,2
31,1,30,8,1,2022,10,2,1,7000,48,2,1,148.1288155,1,2
31,2,21,5,5,1410,11,2,1,5200,52,2,1,144.7814407,1,2
31,1,22,5,1,1812,5,5,2,4300,56,2,1,172.3608806,1,2
31,2,34,4,1,1520,5,1,1,5700,48,2,1,135.7219512,1,2
31,2,44,4,1,1709,5,3,2,5700,50,2,1,135.7219512,1,2
31,2,44,4,1,1709,5,7,2,5800,54,2,1,135.7219512,1,2
31,2,35,6,2,1430,11,1,1,7000,48,2,1,135.7219512,1,2
31,2,35,4,1,2029,5,6,2,5000,48,2,1,135.7219512,1,2
31,2,38,5,1,1040,5,2,1,7000,48,2,1,135.7219512,1,2
31,1,22,4,1,2512,5,1,1,5500,48,2,1,172.3608806,1,2
31,2,35,5,1,1410,3,6,2,5500,48,2,1,135.7219512,1,2
31,1,57,5,5,1104,5,7,2,3000,40,2,1,131.7207986,1,2
31,2,39,4,5,1410,3,6,2,5500,54,2,1,135.7219512,1,2
31,1,28,7,1,2732,5,1,1,7000,48,2,1,140.114751,1,2
31,1,29,7,1,2732,5,2,1,7000,48,2,1,140.114751,1,2
31,2,27,5,7,2733,11,1,1,6000,48,2,1,144.3708784,1,2
31,2,28,5,7,2733,11,2,1,6500,48,2,1,144.3708784,1,2
31,2,22,4,2,1520,5,2,1,7000,60,2,1,154.007687,1,2
31,2,39,4,1,1520,11,2,1,6500,56,2,1,144.3708784,1,2
31,2,37,4,1,3240,5,1,1,4500,48,2,1,144.3708784,1,2
31,2,38,3,1,3240,5,1,1,4500,48,2,1,144.3708784,1,2
31,2,35,3,1,1520,5,1,1,4500,52,2,1,144.3708784,1,2
31,1,43,3,1,3100,3,6,2,6500,56,2,1,140.114751,1,2
31,1,43,3,1,3100,3,6,2,7000,48,2,1,140.114751,1,2
31,2,40,3,1,1520,11,2,2,5000,48,2,1,144.3708784,1,2
31,2,39,3,1,1520,5,2,2,5500,52,2,1,144.3708784,1,2
31,1,21,3,1,1520,11,2,2,5000,48,2,1,183.344636,1,2
31,1,21,2,1,1520,5,2,2,5500,52,2,1,183.344636,1,2
31,1,25,4,2,2511,3,6,2,7000,48,2,1,140.114751,1,2
31,1,23,4,1,1520,5,2,1,5800,54,2,1,183.344636,1,2
31,1,36,3,1,3100,3,6,2,6500,50,2,1,140.114751,1,2
31,1,54,4,1,2396,3,6,2,8500,48,2,1,140.114751,1,2
31,2,31,5,1,1520,5,1,1,13400,52,2,1,124.5624161,1,2
31,2,47,5,5,1410,5,2,2,5000,60,2,1,124.5624161,1,2
31,2,48,5,5,1410,5,2,2,6500,54,2,1,124.5624161,1,2
31,1,27,4,5,1410,5,2,1,4500,48,2,1,120.8902523,1,2
31,2,31,4,1,1520,11,2,1,5000,54,2,1,124.5624161,1,2
31,1,47,4,1,3100,3,6,2,5500,52,2,1,120.8902523,1,2
31,2,42,4,1,1520,5,2,1,6000,56,2,1,124.5624161,1,2
31,1,60,4,1,2393,5,2,2,4500,56,2,1,100.4182419,1,2
31,2,23,5,1,1520,5,2,1,4500,48,2,1,132.8770027,1,2
31,2,28,4,1,1520,11,2,1,6000,54,2,1,146.9697334,1,2
31,2,25,3,1,1520,5,2,1,5600,54,2,1,146.9697334,1,2
31,2,24,4,1,1520,11,2,1,4600,48,2,1,156.7800165,1,2
31,2,46,5,2,1410,5,1,1,6000,54,2,1,146.9697334,1,2
31,1,32,4,4,2023,5,1,1,7000,48,2,1,142.6369904,1,2
31,1,24,4,3,2511,3,6,2,4000,48,2,1,186.6450671,1,2
31,2,22,5,1,1520,5,1,1,4300,48,2,1,156.7800165,1,2
31,2,50,3,1,1520,3,6,2,7000,48,2,1,146.9697334,1,2
31,1,51,4,5,3100,3,6,2,7000,56,2,1,142.6369904,1,2
31,2,28,4,1,1520,5,2,1,6000,48,2,1,146.9697334,1,2
31,2,29,8,1,1520,5,2,2,7000,60,2,1,137.0186577,1,2
31,1,32,7,7,2930,11,2,1,7500,48,2,1,138.2284595,1,2
31,2,30,7,1,1622,5,3,1,7800,63,2,1,142.427289,1,2
31,2,30,7,1,1610,5,3,1,8000,63,2,1,142.427289,1,2
31,2,28,8,1,2220,5,2,1,5500,48,2,1,142.427289,1,2
31,2,28,8,1,2220,5,2,1,5500,54,2,1,142.427289,1,2
31,2,28,8,1,2220,5,2,2,9000,48,2,1,142.427289,1,2
31,1,24,8,1,2211,5,1,1,8000,48,2,1,180.8763633,1,2
31,1,25,8,1,2211,5,2,1,10000,48,2,1,138.2284595,1,2
31,2,41,4,1,1520,11,2,1,9890,48,2,1,141.3004908,1,2
31,2,22,6,1,2651,5,2,2,4360,48,2,1,150.7323499,1,2
31,2,39,4,1,1520,11,2,1,3500,60,2,1,141.3004908,1,2
31,2,46,5,1,1520,11,2,1,8500,70,2,1,178.2893378,1,2
31,2,30,5,5,2029,11,2,1,6000,63,2,1,144.230166,1,2
31,1,38,7,1,1410,11,2,1,6200,48,2,1,140.3670152,1,2
31,1,39,7,1,1410,11,2,1,7000,48,2,1,140.3670152,1,2
31,2,27,4,1,1410,11,3,2,6500,48,2,1,144.6308054,1,2
31,1,28,7,1,2610,5,3,2,9800,56,2,1,140.3670152,1,2
31,1,28,7,1,2610,5,2,2,7000,63,2,1,140.3670152,1,2
31,2,35,4,1,1520,11,2,1,5500,66,2,1,144.6308054,1,2
31,2,27,6,1,3240,11,2,1,4800,48,2,1,144.6308054,1,2
31,2,26,6,1,3240,11,2,1,4800,48,2,1,144.6308054,1,2
31,1,27,5,7,1430,11,2,1,5850,48,2,2,261.2018386,1,2
31,1,27,5,7,1410,11,2,1,5980,54,2,2,261.2018386,1,2
31,1,25,4,5,1410,11,2,1,4500,48,2,2,261.2018386,1,2
31,1,65,4,5,121,1,6,2,1800,12,2,2,225.7484972,1,2
31,2,32,7,1,1410,11,2,1,6500,55,2,2,245.1072877,1,2
31,1,22,7,1,1410,11,2,1,5400,48,2,2,256.224708,1,2
31,2,31,5,5,1410,11,2,1,6600,48,2,2,245.1072877,1,2
31,2,31,5,5,1410,11,2,1,5300,48,2,2,245.1072877,1,2
31,1,22,7,1,1410,11,2,1,4800,48,2,2,256.224708,1,2
31,1,30,5,6,311,1,6,2,8000,60,2,2,240.5443461,1,2
31,2,20,5,1,1410,11,3,1,7000,52,2,2,314.5380532,1,2
31,1,27,5,7,3319,5,2,1,10800,40,2,2,234.1367431,1,2
31,1,26,5,7,2220,11,2,1,5560,48,2,2,234.1367431,1,2
31,1,23,5,7,1410,11,2,1,5100,48,2,2,245.2231009,1,2
31,1,23,5,7,1410,11,2,1,5100,48,2,2,245.2231009,1,2
31,1,40,5,7,2610,11,2,2,5500,48,2,2,277.677962,1,2
31,2,38,4,2,2610,11,1,1,5300,48,2,2,278.2072462,1,2
31,2,38,4,1,2610,11,1,1,5400,48,2,2,278.2072462,1,2
31,2,33,4,2,2733,11,3,2,4500,48,2,2,255.1493087,1,2
31,1,17,3,5,2640,11,3,2,4500,48,2,2,263.527271,1,2
31,2,32,6,1,2640,11,1,1,5200,48,2,2,252.0929973,1,2
31,2,33,6,1,2640,11,1,1,5300,48,2,2,252.0929973,1,2
31,2,32,6,1,1050,10,1,1,6200,48,2,2,252.0929973,1,2
31,1,33,8,1,1520,5,2,1,7300,48,2,2,251.613395,1,2
31,1,23,8,1,2610,11,4,2,6000,48,2,2,272.6493688,1,2
31,1,23,8,1,2610,11,2,1,6000,40,2,2,272.6493688,1,2
31,1,24,4,1,1410,11,2,1,5500,48,2,2,272.6493688,1,2
31,2,25,5,2,1520,5,2,2,5200,48,2,1,131.6348718,1,2
31,2,26,5,2,1520,5,2,2,6000,48,2,1,131.6348718,1,2
31,2,25,8,1,2610,5,2,1,6200,48,2,1,131.6348718,1,2
31,2,24,8,2,2610,5,2,1,6200,48,2,1,140.4215473,1,2
31,2,17,4,1,1079,3,6,2,2800,42,2,1,140.4215473,1,2
31,2,45,4,2,1520,5,2,1,6800,56,2,1,131.6348718,1,2
31,2,39,4,1,1520,5,2,1,6000,48,2,1,131.6348718,1,2
31,2,27,4,2,1520,5,3,1,6500,54,2,2,286.2087821,1,2
31,2,33,4,1,1520,5,2,1,6000,48,2,2,286.2087821,1,2
31,2,30,4,2,1410,3,3,2,5800,56,2,2,286.2087821,1,2
31,2,42,4,2,1520,5,2,2,5100,48,2,2,286.2087821,1,2
31,1,23,4,2,3319,5,6,2,4800,40,2,2,299.1904578,1,2
31,1,17,4,1,1520,5,2,2,4700,48,2,2,299.1904578,1,2
31,1,23,4,6,1520,5,3,1,5800,54,2,2,299.1904578,1,2
31,1,24,4,6,1520,5,3,1,4500,48,2,2,299.1904578,1,2
31,2,26,5,1,2610,11,2,1,5300,48,2,2,286.2087821,1,2
31,2,26,5,2,2610,5,2,1,6200,48,2,2,286.2087821,1,2
31,1,19,4,1,2511,3,6,2,3500,40,2,2,299.1904578,1,2
31,1,35,4,2,1520,5,2,1,6100,54,2,2,285.6642751,1,2
31,2,31,4,2,1520,5,2,1,5400,48,2,2,286.2087821,1,2
31,2,33,5,2,1324,5,6,2,3000,48,2,2,286.2087821,1,2
31,2,38,4,2,1520,5,2,1,8000,48,2,2,286.2087821,1,2
31,2,35,2,2,1520,5,2,1,6200,48,2,2,226.4477585,1,2
31,2,36,2,1,1520,5,2,1,6300,48,2,2,226.4477585,1,2
31,1,23,5,2,2610,11,2,1,5400,48,2,2,236.7188318,1,2
31,1,23,5,1,2610,5,2,1,7200,48,2,2,236.7188318,1,2
31,1,29,5,6,2733,11,2,1,6400,54,2,2,226.0169458,1,2
31,1,51,5,2,1520,5,2,1,5800,48,2,2,226.0169458,1,2
31,2,48,4,2,1520,5,2,1,5700,48,2,2,226.4477585,1,2
31,1,60,4,6,2610,11,2,2,4000,40,2,2,194.2604406,1,2
31,1,60,6,1,2610,11,3,2,6000,56,2,2,194.2604406,1,2
31,2,40,4,2,1520,5,2,1,6000,54,2,2,226.4477585,1,2
31,2,52,4,2,1520,5,2,1,5800,48,2,2,226.4477585,1,2
31,2,41,4,2,1520,5,2,1,7000,56,2,2,226.4477585,1,2
31,2,21,5,2,2732,11,3,1,5500,54,2,2,297.1832404,1,2
31,1,42,4,2,2310,5,2,1,6000,48,2,2,226.0169458,1,2
31,2,42,4,2,1520,5,3,1,6000,48,2,2,226.4477585,1,2
31,2,41,4,2,1520,5,3,1,5800,48,2,2,226.4477585,1,2
31,2,20,5,2,2610,11,2,1,6200,48,2,2,297.1832404,1,2
31,2,33,5,2,2732,5,2,1,6200,48,2,2,226.4477585,1,2
31,2,33,4,2,1520,5,2,1,7100,54,2,2,226.4477585,1,2
31,1,26,5,7,1511,11,2,1,5400,48,2,2,226.0169458,1,2
31,1,27,5,7,2930,11,2,1,6800,56,2,2,226.0169458,1,2
31,1,27,5,7,2732,11,2,1,5200,48,2,2,226.0169458,1,2
31,1,18,4,1,1410,11,3,2,3800,48,2,2,236.7188318,1,2
31,2,26,5,2,2732,11,2,1,5300,48,2,2,226.4477585,1,2
31,1,19,4,1,1410,11,2,2,3200,48,2,2,236.7188318,1,2
31,1,28,8,1,2630,11,2,1,9300,72,2,2,257.6667313,1,2
31,1,29,5,7,2910,5,2,1,6800,60,2,2,257.6667313,1,2
31,1,29,5,7,2910,5,2,1,6300,48,2,2,257.6667313,1,2
31,1,27,8,1,2817,5,2,1,9000,48,2,2,286.1566784,1,2
31,1,29,4,6,2220,5,2,1,7350,48,2,2,286.1566784,1,2
31,1,32,8,6,2220,11,3,2,6500,48,2,2,286.1566784,1,2
31,1,33,8,6,2220,5,2,1,7000,48,2,2,286.1566784,1,2
31,2,31,4,2,3240,5,2,1,4200,48,2,2,286.702124,1,2
31,2,36,5,7,1410,5,2,2,4800,52,2,1,126.1825398,1,2
31,2,37,5,7,1410,5,2,2,4900,52,2,1,126.1825398,1,2
31,2,45,4,2,1520,11,2,1,7000,48,2,1,126.1825398,1,2
31,1,31,5,2,2511,3,6,2,7200,48,2,1,122.4626139,1,2
31,2,36,4,2,1520,5,2,1,6300,48,2,1,126.1825398,1,2
31,2,25,5,5,1520,11,3,1,7200,48,2,1,126.1825398,1,2
31,2,28,8,2,2733,11,2,1,5050,48,2,2,249.4793241,1,2
31,2,59,4,1,1709,3,6,2,1100,35,2,2,225.7405277,1,2
31,2,24,6,1,1520,11,3,2,8000,60,2,2,347.4002379,1,2
31,1,29,8,2,3240,11,3,1,7520,48,2,2,299.9749507,1,2
31,1,30,8,2,3240,11,3,1,7000,48,2,2,299.9749507,1,2
31,2,25,7,2,3240,11,3,1,7000,48,2,2,300.5467354,1,2
31,2,25,7,2,3240,2,3,1,6200,48,2,2,300.5467354,1,2
31,2,25,7,1,1410,11,2,2,4500,48,2,2,300.5467354,1,2
31,2,28,7,1,3240,11,2,1,7500,56,2,2,258.358734,1,2
31,1,29,5,7,1629,11,3,1,5800,48,2,2,259.0407096,1,2
31,1,29,5,7,1629,11,3,1,6000,48,2,2,259.0407096,1,2
31,2,33,4,1,1520,5,3,1,5000,48,2,2,259.5344692,1,2
31,1,25,6,1,2910,5,6,2,5500,48,2,2,285.1330013,1,2
31,1,25,6,1,2910,5,3,1,7500,48,2,2,285.1330013,1,2
31,1,19,5,5,2599,3,6,2,3500,35,2,2,298.6340283,1,2
33,2,42,4,1,1071,3,6,2,4500,60,2,1,17.11922547,1,2
33,2,50,5,3,1410,5,6,2,1500,40,2,1,10.98668397,1,2
33,1,40,4,1,1410,5,6,2,2900,60,2,1,11.04572238,1,2
33,1,35,8,1,2220,5,1,1,20000,58,2,1,13.93517543,1,2
33,1,30,8,1,2220,5,6,2,8000,60,2,1,13.93517543,1,2
33,1,59,6,1,1410,4,2,2,3500,63,2,1,13.93517543,1,2
33,1,59,6,1,1410,5,1,2,3000,50,2,1,13.93517543,1,2
33,2,44,5,1,2220,5,1,1,10000,56,2,1,15.90459217,1,2
33,2,44,5,1,2220,6,1,1,10000,56,2,1,15.90459217,1,2
33,2,55,5,1,141,5,1,1,6000,60,2,1,13.21124866,1,2
33,2,21,5,1,1410,5,1,1,4000,50,2,1,24.49581087,1,2
33,1,54,5,5,2393,5,6,2,4000,63,2,2,148.7768697,1,2
33,1,55,4,5,2392,5,6,2,4000,56,2,2,148.7768697,1,2
33,1,30,5,6,2395,5,2,1,7000,48,2,1,15.51274246,1,2
33,1,31,5,6,2395,5,2,1,7600,48,2,1,15.51274246,1,2
33,1,46,6,2,2610,5,2,2,7000,56,2,1,13.74546801,1,2
33,1,47,6,2,3100,5,2,2,6500,48,2,1,13.74546801,1,2
33,2,26,7,2,2610,11,2,1,5200,48,2,2,149.0258981,1,2
33,2,26,7,2,2640,11,2,1,5300,48,2,2,149.0258981,1,2
33,1,32,4,2,2220,3,6,2,9000,75,2,2,138.1685289,1,2
33,2,33,4,2,2220,3,6,2,9000,75,2,2,135.3774483,1,2
33,1,37,8,1,2100,5,2,1,7000,48,2,2,138.1685289,1,2
33,2,35,7,1,3250,5,2,1,5400,48,2,2,135.3774483,1,2
33,2,35,7,2,3250,5,2,1,4000,48,2,2,135.3774483,1,2
33,2,24,8,1,2829,5,2,1,6300,48,2,2,151.7992146,1,2
33,2,49,4,1,1010,3,6,2,3500,63,2,2,135.3774483,1,2
33,1,47,5,6,2394,5,2,2,5000,48,2,2,159.4902159,1,2
33,1,28,5,6,1313,11,2,2,4500,48,2,2,159.4902159,1,2
33,1,28,5,6,1410,3,6,2,3500,40,2,2,159.4902159,1,2
33,1,30,5,6,2393,11,2,1,6000,56,2,2,159.4902159,1,2
33,1,31,5,6,2393,11,2,1,6000,56,2,2,159.4902159,1,2
33,2,29,8,1,2821,11,2,1,6000,48,2,2,156.2684254,1,2
33,2,30,8,1,2640,11,2,1,6000,48,2,2,156.2684254,1,2
33,1,33,5,6,2220,5,2,1,7200,54,2,2,153.0512746,1,2
33,1,26,5,7,2410,5,2,1,10300,66,2,2,153.0512746,1,2
33,1,27,8,1,2599,5,2,1,5500,48,2,2,153.0512746,1,2
33,1,27,8,1,2511,5,2,1,5500,48,2,2,153.0512746,1,2
33,1,29,5,7,2640,11,2,1,6800,72,2,2,153.0512746,1,2
33,2,21,7,1,2599,11,4,2,3500,48,2,2,168.150182,1,2
33,1,24,7,1,2733,5,2,1,7500,50,2,2,23.90754591,1,2
33,1,24,7,1,2732,5,2,1,7500,52,2,2,23.90754591,1,2
33,2,52,4,1,118,5,2,2,6000,56,2,2,156.4471,1,2
33,1,33,5,6,2680,11,2,1,7000,48,2,2,24.08870974,1,2
33,1,38,5,2,1311,11,2,2,6000,48,2,2,158.7906974,1,2
33,2,42,3,2,2610,11,2,1,6500,48,2,2,155.5830376,1,2
33,2,42,4,1,2930,11,1,1,4000,48,2,2,155.5830376,1,2
33,2,42,3,1,2930,5,2,2,4000,42,2,2,155.5830376,1,2
33,1,60,4,2,2392,3,6,2,10000,48,2,2,134.6840275,1,2
33,1,52,5,1,2022,5,1,1,3400,54,2,2,156.7013461,1,2
33,1,52,5,2,2022,5,1,1,3000,48,2,2,156.7013461,1,2
33,1,27,7,2,2930,11,1,1,5200,54,2,2,156.7013461,1,2
33,1,31,4,2,1073,5,1,1,5600,52,2,2,156.7013461,1,2
33,2,31,4,2,1073,5,1,1,5600,52,2,2,153.5358924,1,2
33,1,32,5,6,1321,11,1,1,6000,50,2,2,154.7706798,1,2
33,2,33,7,1,2930,5,1,1,7300,55,2,2,151.6442265,1,2
33,2,34,7,1,2610,5,1,1,7000,48,2,2,151.6442265,1,2
33,2,25,7,1,2732,11,1,1,6300,48,2,2,151.6442265,1,2
33,2,26,5,7,2731,11,1,1,6000,48,2,2,151.6442265,1,2
33,2,28,7,1,2930,11,1,1,10000,50,2,2,151.6442265,1,2
33,2,27,6,1,3030,11,1,1,8000,52,2,2,151.6442265,1,2
33,2,27,6,1,2220,10,1,1,6500,49,2,2,151.6442265,1,2
33,2,46,5,6,1410,11,2,2,8000,60,2,2,151.6442265,1,2
33,2,41,3,2,161,1,6,2,2200,45,2,2,152.6772904,1,2
33,1,24,5,3,1071,5,2,1,4000,60,2,1,19.58377749,1,2
33,1,42,6,1,2410,5,2,1,6000,58,2,1,11.09591996,1,2
33,1,29,7,1,2410,5,1,1,7300,54,2,1,12.35273937,1,2
33,1,37,5,2,1030,5,1,1,5500,48,2,1,12.35273937,1,2
33,2,46,5,1,2660,11,2,2,3700,45,2,2,159.6773281,1,2
33,1,27,5,6,1080,5,2,1,15000,55,2,2,160.061023,1,2
33,1,24,5,7,2220,5,2,1,5500,48,2,2,163.2130163,1,2
33,2,28,7,2,1410,11,2,1,5900,54,2,2,168.4508076,1,2
33,2,28,7,2,1410,11,2,1,6800,54,2,2,168.4508076,1,2
33,1,26,5,6,2029,3,7,2,2000,50,2,2,154.499057,1,2
33,1,26,5,6,2029,3,7,2,4500,50,2,2,154.499057,1,2
33,1,27,4,2,2511,3,6,2,6200,65,2,1,90.841003,1,2
33,2,24,5,2,1410,5,2,1,4300,63,2,1,139.1629775,1,2
33,2,59,3,1,121,1,6,2,1200,18,2,1,75.05433114,1,2
33,2,32,4,2,1410,5,2,1,4400,66,2,1,90.35546583,1,2
33,2,34,7,2,1410,5,2,1,4260,48,2,1,90.35546583,1,2
33,1,51,5,2,1323,3,6,2,7800,63,2,1,90.841003,1,2
33,1,33,6,1,2599,5,2,1,13200,56,2,1,90.841003,1,2
33,2,23,4,2,1410,3,6,2,5200,56,2,2,184.7179205,1,2
33,2,29,7,2,1410,3,6,2,4400,56,2,2,164.734981,1,2
33,1,40,4,4,2410,5,2,1,5960,56,2,2,168.1313267,1,2
33,2,31,4,4,2220,5,2,1,5060,56,2,2,164.734981,1,2
33,2,34,7,2,1410,5,2,1,4750,60,2,2,24.4966449,1,2
33,1,35,5,2,1410,5,2,1,5800,56,2,2,25.00169291,1,2
33,1,36,5,2,1410,5,2,1,4800,63,2,2,25.00169291,1,2
33,2,28,5,6,1410,5,2,1,4300,56,2,2,24.4966449,1,2
33,2,29,6,2,1410,5,2,1,4300,63,2,2,24.4966449,1,2
33,2,37,5,2,1410,5,2,1,4150,63,2,2,24.4966449,1,2
33,2,38,5,2,1410,5,2,1,4200,63,2,2,24.4966449,1,2
33,2,36,5,2,1410,5,2,1,4200,54,2,2,24.4966449,1,2
33,2,37,5,2,1410,5,2,1,5200,63,2,2,24.4966449,1,2
33,2,51,4,1,111,1,6,2,2600,56,2,2,24.63269206,1,2
33,1,30,8,1,2220,5,2,1,8500,63,2,2,25.00169291,1,2
33,1,30,8,2,2220,5,2,1,6200,63,2,2,25.00169291,1,2
33,1,38,5,1,2220,5,2,1,7900,63,2,2,25.00169291,1,2
33,2,38,5,2,2220,5,2,1,6700,65,2,2,24.4966449,1,2
33,2,34,4,2,1410,5,2,1,3900,63,2,2,24.4966449,1,2
33,2,35,4,2,1410,5,2,1,4900,63,2,2,24.4966449,1,2
33,2,54,4,1,121,1,6,2,3500,56,2,2,24.63269206,1,2
33,2,36,4,2,1520,5,2,1,4400,54,2,2,24.4966449,1,2
33,2,36,4,2,1520,5,2,1,4800,63,2,2,24.4966449,1,2
33,2,37,4,2,1410,5,2,1,4300,65,2,2,24.4966449,1,2
33,2,37,4,2,1410,5,2,1,3900,63,2,2,24.4966449,1,2
33,1,42,3,1,2392,3,6,2,4280,49,2,2,157.6955892,1,2
33,2,66,1,1,121,1,6,2,1800,28,2,2,133.5381559,1,2
33,1,49,4,1,2392,5,4,2,5260,50,2,2,157.6955892,1,2
33,2,62,4,1,121,1,6,2,2600,45,2,2,133.5381559,1,2
33,2,21,4,2,1410,5,2,1,4500,56,2,2,173.2526703,1,2
33,2,44,4,1,121,1,6,2,1800,45,2,2,155.3681545,1,2
33,2,55,4,1,121,1,6,2,2340,45,2,2,133.5381559,1,2
33,1,20,4,4,1410,5,3,1,4400,48,2,2,160.8010013,1,2
33,2,42,4,1,1410,3,6,2,4250,48,2,2,151.9308536,1,2
33,2,36,4,2,1410,5,2,1,4430,56,2,2,151.9308536,1,2
33,2,30,4,2,1410,5,2,1,4660,56,2,2,151.9308536,1,2
33,2,41,1,2,1709,3,6,2,4300,48,2,2,117.7985856,1,2
33,1,22,4,2,2512,5,2,1,6650,65,2,2,122.594811,1,2
33,1,23,4,2,2512,5,2,1,6800,63,2,2,122.594811,1,2
33,1,29,7,2,2599,11,1,1,6000,48,2,1,98.51495375,1,2
33,1,29,7,1,2599,11,1,1,6000,48,2,1,98.51495375,1,2
33,2,31,8,1,1410,11,1,1,8000,40,2,1,97.98839999,1,2
33,2,25,7,1,1410,11,2,1,4700,60,2,2,152.8535106,1,2
33,2,20,7,1,1410,11,3,2,3000,48,2,2,169.7912199,1,2
33,2,21,7,1,1410,11,2,1,3500,48,2,2,169.7912199,1,2
33,1,28,4,2,1410,5,2,1,7800,60,2,2,149.9311306,1,2
33,2,27,5,2,2599,11,2,1,8600,60,2,2,146.9024389,1,2
33,2,23,4,2,1410,5,2,1,5600,60,2,2,164.7222276,1,2
33,1,16,4,2,1410,5,2,1,4500,60,2,2,152.8836415,1,2
33,1,16,4,2,1410,5,2,1,4500,60,2,2,152.8836415,1,2
33,1,42,5,6,1030,3,6,2,3200,50,2,2,127.3815485,1,2
33,2,27,5,6,1410,5,2,1,4200,40,2,2,152.2727602,1,2
33,2,30,8,1,1520,5,2,1,6200,48,2,2,152.2727602,1,2
33,2,37,5,1,2392,5,2,1,4900,48,2,2,152.2727602,1,2
33,1,25,5,7,1410,5,2,1,5000,60,2,1,95.65832891,1,2
33,2,23,5,2,1410,5,2,2,3700,52,2,2,152.2792273,1,2
33,1,27,6,1,1410,11,2,1,5100,48,2,2,153.6684169,1,2
33,1,28,6,2,1410,11,2,1,5100,48,2,2,153.6684169,1,2
34,2,38,6,1,1410,5,2,1,5600,48,2,1,27.90361205,1,2
34,2,38,5,6,1410,5,2,1,5600,48,2,1,27.90361205,1,2
34,1,31,5,2,2220,11,2,1,4500,48,2,1,18.86979328,1,2
34,2,26,5,2,2220,11,2,1,4200,48,2,1,17.32602346,1,2
34,2,48,4,1,1709,3,6,2,2000,40,2,2,286.8132535,1,2
34,1,36,5,1,1410,5,1,1,4500,55,2,2,286.2463268,1,2
34,1,22,4,3,3100,3,6,2,4000,50,2,2,313.0288827,1,2
34,2,46,4,1,3290,3,2,2,3000,50,2,2,273.1700712,1,2
34,2,38,4,1,1410,5,2,2,4000,50,2,2,273.1700712,1,2
34,2,32,5,1,1410,5,1,1,5200,49,2,2,25.84735564,1,2
34,1,37,5,1,2592,3,6,2,7500,58,2,2,25.7962647,1,2
34,2,35,5,1,1520,5,1,1,6300,54,2,2,25.84735564,1,2
34,1,26,5,1,1410,5,1,1,6000,48,2,2,25.7962647,1,2
34,1,23,5,1,1410,5,1,2,4200,48,2,2,30.70337645,1,2
34,1,36,5,1,1410,5,1,1,6200,56,2,2,25.7962647,1,2
34,2,35,5,1,1410,5,1,2,5200,50,2,2,25.84735564,1,2
34,1,36,4,1,1410,5,1,1,4600,48,2,2,25.7962647,1,2
34,2,32,5,1,1410,5,1,1,4800,50,2,2,25.84735564,1,2
34,1,26,5,6,1073,5,2,1,5000,48,2,2,253.0750929,1,2
34,1,27,5,1,1410,5,2,1,5000,48,2,2,253.0750929,1,2
34,2,40,5,2,1520,5,2,1,5400,50,2,2,253.5763222,1,2
34,2,60,4,1,1600,3,6,2,4200,40,2,2,215.7896906,1,2
34,2,48,4,1,1410,3,1,2,4000,43,2,2,244.6241828,1,2
34,1,47,4,1,1410,5,1,1,5000,56,2,2,244.1406487,1,2
34,2,42,3,1,1520,5,1,1,7000,56,2,2,244.6241828,1,2
34,2,32,4,1,1410,3,1,2,4000,45,2,2,244.6241828,1,2
34,2,41,3,1,1410,5,1,1,6000,45,2,2,244.6241828,1,2
34,2,34,4,1,3290,3,6,2,2500,50,2,2,244.6241828,1,2
34,2,35,4,1,1709,3,1,2,2500,35,2,2,244.6241828,1,2
34,1,27,4,1,1075,3,1,2,5000,56,2,2,244.1406487,1,2
34,2,43,4,1,3290,3,6,2,3000,84,2,2,244.6241828,1,2
34,2,54,3,1,3290,3,6,2,3000,40,2,2,244.6241828,1,2
34,2,55,3,1,1709,5,1,2,4000,45,2,2,210.2532682,1,2
34,2,54,4,1,3290,3,6,2,3000,84,2,2,244.6241828,1,2
34,2,34,4,1,1520,5,1,1,6000,56,2,2,244.6241828,1,2
34,2,34,4,1,1520,5,1,1,6000,56,2,2,244.6241828,1,2
34,1,28,7,3,1410,5,2,1,5000,56,2,2,22.45625247,1,2
34,1,24,7,3,1410,5,2,1,5500,60,2,1,429.8960883,1,2
34,2,26,7,1,1410,3,6,2,3500,55,2,2,255.4844212,1,2
34,2,43,4,1,2750,5,1,1,4000,50,2,2,230.246962,1,2
34,1,27,5,7,2592,5,1,1,2500,56,2,2,229.7918465,1,2
34,2,27,7,7,2592,5,1,1,2500,56,2,2,230.246962,1,2
34,1,23,5,1,2640,5,1,1,6000,50,2,2,273.5041545,1,2
34,1,39,5,1,111,8,1,1,3500,42,2,2,231.0680428,1,2
34,2,35,5,1,111,8,1,1,5000,45,2,2,231.5256859,1,2
34,2,37,4,1,2640,5,1,1,3500,56,2,2,230.246962,1,2
34,2,36,4,1,2610,5,1,1,3500,45,2,2,230.246962,1,2
34,1,55,5,1,1322,5,1,1,5000,56,2,2,229.7918465,1,2
34,1,56,5,6,1410,5,2,1,5000,56,2,2,229.7918465,1,2
34,2,44,5,1,1322,3,5,2,500,40,2,2,230.246962,1,2
34,1,23,7,1,1410,5,2,1,4200,56,2,2,308.5106321,1,2
34,2,68,4,1,1629,3,6,2,500,60,2,2,209.2323604,1,2
34,2,28,8,2,1410,5,3,1,4200,48,2,2,233.5423068,1,2
34,2,28,8,2,1410,5,3,1,4500,52,2,2,233.5423068,1,2
34,2,34,8,2,1520,5,3,1,4000,52,2,2,233.5423068,1,2
34,2,34,8,2,1520,5,3,1,5000,52,2,2,233.5423068,1,2
34,2,47,5,1,1410,5,3,2,4000,48,2,2,233.5423068,1,2
34,2,47,5,1,1410,5,3,2,4500,48,2,2,233.5423068,1,2
34,2,52,5,1,1410,5,7,2,3500,48,2,2,233.5423068,1,2
34,2,56,5,1,1410,5,7,2,4100,50,2,2,200.728451,1,2
34,2,52,4,1,1410,3,6,2,1000,46,2,2,233.5423068,1,2
34,2,53,4,1,1410,3,7,2,1200,44,2,2,233.5423068,1,2
34,2,49,4,1,1410,5,3,2,3000,54,2,2,233.5423068,1,2
34,2,50,4,1,1410,5,3,2,3000,48,2,2,233.5423068,1,2
34,2,26,7,1,1410,11,3,1,4000,56,2,2,264.0174657,1,2
34,2,36,4,2,1410,5,2,1,2900,48,2,2,264.0174657,1,2
34,1,23,8,1,1520,5,2,1,4600,48,2,2,313.6192248,1,2
34,1,60,5,1,145,1,6,2,4000,48,2,2,226.3196308,1,2
34,1,32,7,1,2599,3,6,2,5000,48,2,2,261.8626676,1,2
34,2,26,5,1,1410,3,2,2,3500,42,2,2,262.3813011,1,2
34,1,33,4,1,1410,5,2,1,4000,48,2,2,261.8626676,1,2
34,1,33,4,1,1410,5,2,1,4000,48,2,2,261.8626676,1,2
34,2,28,4,1,1410,5,2,1,4000,48,2,2,262.3813011,1,2
34,2,28,4,1,1410,5,2,1,4000,48,2,2,262.3813011,1,2
34,1,60,5,1,145,1,6,2,4000,56,2,2,226.3196308,1,2
34,2,25,7,1,1520,5,2,1,4000,48,2,2,262.3813011,1,2
34,2,26,7,1,1520,5,2,1,4000,48,2,2,262.3813011,1,2
34,1,25,7,1,2790,5,1,1,4000,56,2,2,210.0590915,1,2
34,1,36,5,1,1410,5,1,2,3000,30,2,2,210.0590915,1,2
34,2,34,4,1,1410,5,1,1,4500,56,2,2,210.4751252,1,2
34,2,45,4,1,1520,5,1,1,4500,56,2,2,210.4751252,1,2
34,1,33,4,1,2599,3,6,2,3000,40,2,2,210.0590915,1,2
34,1,56,4,1,1020,5,1,1,4000,56,2,2,210.0590915,1,2
34,1,26,8,1,2610,5,1,1,5000,46,2,2,210.0590915,1,2
34,2,31,4,1,1520,5,1,1,4000,52,2,2,210.4751252,1,2
34,2,31,4,2,1520,5,1,1,4500,56,2,2,210.4751252,1,2
34,1,50,4,1,1629,3,6,2,6000,35,2,2,210.0590915,1,2
34,1,59,4,1,321,1,6,2,6000,70,2,2,257.0631976,1,2
34,2,48,4,1,321,1,6,2,3000,40,2,2,257.5723255,1,2
34,2,28,7,1,2610,11,2,1,7000,48,2,2,256.1497452,1,2
34,1,28,6,1,2394,5,2,2,5000,56,2,2,263.2939666,1,2
34,2,20,5,1,2732,5,2,1,5000,48,2,2,295.209724,1,2
34,2,47,5,1,2392,5,1,1,4000,48,2,2,263.8154349,1,2
34,2,42,4,1,3240,5,2,2,4000,48,2,2,263.8154349,1,2
34,1,39,4,1,2392,5,2,2,4000,48,2,2,263.2939666,1,2
34,2,37,4,1,1410,5,1,1,4000,48,2,2,263.8154349,1,2
34,1,33,5,1,2392,5,1,1,6000,48,2,2,263.2939666,1,2
34,2,19,4,1,1520,5,3,1,3000,48,2,2,293.7930146,1,2
34,2,24,5,1,3240,5,2,2,4000,48,2,2,293.7930146,1,2
34,2,24,5,1,3240,5,3,2,3000,56,2,2,293.7930146,1,2
34,2,26,5,1,2740,5,2,1,4000,48,2,2,262.5493865,1,2
34,2,27,5,1,2733,5,2,1,4000,48,2,2,262.5493865,1,2
34,1,27,4,1,3240,5,2,2,4000,48,2,2,262.0304207,1,2
34,2,28,4,1,1520,5,2,1,4000,48,2,2,262.5493865,1,2
34,2,38,4,1,1520,5,2,2,4000,48,2,2,262.5493865,1,2
34,1,22,4,2,3240,5,2,2,4000,48,2,2,311.8753332,1,2
34,2,21,4,2,3240,5,2,2,3500,48,2,2,293.7930146,1,2
34,2,25,7,2,1410,5,3,2,2000,48,2,2,262.5493865,1,2
34,1,27,6,4,2599,3,6,2,4000,48,2,2,262.0304207,1,2
34,1,58,5,6,321,1,6,2,3000,48,2,2,254.7138947,1,2
34,1,58,6,1,321,1,6,2,3000,56,2,2,254.7138947,1,2
34,2,47,4,3,1329,3,5,2,2600,60,2,2,249.2324876,1,2
34,1,47,4,1,2393,5,2,1,6500,60,2,2,248.7398446,1,2
34,1,20,5,1,2393,5,2,2,4200,48,2,2,296.0565482,1,2
34,2,33,4,2,2393,5,2,1,5100,48,2,2,249.2324876,1,2
34,1,38,3,1,311,1,6,2,7000,60,2,2,250.4473758,1,2
34,1,63,2,1,321,1,6,2,6000,60,2,2,215.2582737,1,2
34,1,37,4,1,321,1,6,2,7000,42,2,2,250.4473758,1,2
34,1,62,2,1,321,1,6,2,6000,60,2,2,215.2582737,1,2
34,1,42,4,2,3100,3,6,2,6000,56,2,2,249.0641468,1,2
34,1,42,4,2,1629,3,6,2,6000,56,2,2,249.0641468,1,2
34,2,41,4,1,1520,5,4,2,3000,60,2,2,249.5574322,1,2
34,2,41,4,2,1520,5,3,2,4500,56,2,2,249.5574322,1,2
34,2,19,5,1,2610,11,3,1,3600,48,2,2,279.2550053,1,2
34,2,20,5,2,2740,11,3,1,5200,52,2,2,279.2550053,1,2
34,1,36,4,1,321,1,6,2,7000,42,2,2,250.4473758,1,2
34,2,35,4,1,311,5,6,2,3000,48,2,2,250.9434007,1,2
34,2,36,4,1,321,5,6,2,3000,40,2,2,250.9434007,1,2
34,1,38,4,1,322,1,7,2,3000,60,2,2,250.4473758,1,2
34,1,39,4,1,321,1,6,2,5200,68,2,2,250.4473758,1,2
34,1,36,2,1,323,1,6,2,4500,42,2,2,250.4473758,1,2
34,1,36,2,1,321,1,6,2,6000,64,2,2,250.4473758,1,2
34,2,32,4,1,321,1,6,2,4400,65,2,2,250.9434007,1,2
34,1,56,2,1,321,1,7,2,2000,30,2,2,250.4473758,1,2
34,1,56,2,1,321,1,6,2,3000,48,2,2,250.4473758,1,2
34,1,30,4,1,321,1,7,2,6750,63,2,2,250.4473758,1,2
34,1,30,4,1,321,1,6,2,5500,60,2,2,250.4473758,1,2
34,2,47,3,1,321,1,6,2,3000,52,2,2,250.9434007,1,2
34,2,45,4,2,145,1,6,2,6000,50,2,2,252.3157475,1,2
34,1,37,5,1,311,1,6,2,8000,70,2,2,251.8170099,1,2
34,2,45,4,2,145,1,6,2,6000,50,2,2,252.3157475,1,2
34,1,38,4,1,145,11,3,1,6000,56,2,2,251.8170099,1,2
34,1,39,4,1,145,11,3,1,6000,56,2,2,251.8170099,1,2
34,2,37,4,1,145,11,3,1,6000,56,2,2,252.3157475,1,2
34,2,38,4,1,145,11,3,1,6000,56,2,2,252.3157475,1,2
34,1,37,5,1,311,1,7,2,7000,90,2,2,251.8170099,1,2
34,2,35,4,2,145,11,2,1,5000,65,2,2,252.3157475,1,2
34,2,35,4,1,146,11,3,1,4500,56,2,2,252.3157475,1,2
34,1,27,5,6,1311,5,3,1,5500,56,2,2,250.4262164,1,2
34,2,18,5,1,1410,3,3,2,4600,56,2,1,35.01081704,1,2
34,1,36,4,1,2393,5,2,1,6800,56,2,1,32.85014794,1,2
34,1,37,4,1,1620,5,2,1,6200,56,2,1,32.85014794,1,2
34,2,37,5,1,1620,5,2,1,5400,50,2,1,30.16262157,1,2
34,2,42,4,1,1620,5,2,1,5200,54,2,1,30.16262157,1,2
34,1,19,5,2,1410,11,2,1,5100,48,2,2,274.2664563,1,2
34,2,34,5,1,1410,11,2,1,5800,48,2,2,255.4844212,1,2
34,1,26,6,1,2512,5,2,1,6100,48,2,2,254.9794203,1,2
34,1,58,5,3,3100,3,6,2,2500,60,2,2,257.8675367,1,2
34,1,18,5,1,1410,3,2,2,4800,56,2,2,284.75668,1,2
34,1,31,5,2,1410,5,2,2,5400,56,2,2,239.2459574,1,2
34,2,27,5,2,1410,5,2,2,4900,56,2,2,239.7197973,1,2
34,1,49,4,6,1629,3,1,2,6500,56,2,2,239.2459574,1,2
34,1,29,4,1,2220,5,2,2,4600,56,2,2,239.2459574,1,2
34,2,25,3,1,1410,3,2,2,5200,56,2,2,239.7197973,1,2
34,2,47,4,1,2393,5,2,1,5040,56,2,2,239.7197973,1,2
34,2,33,5,1,1410,5,2,2,5100,56,2,2,244.4047397,1,2
34,1,35,5,1,1410,5,2,2,5200,56,2,2,243.9216393,1,2
34,1,23,5,2,1410,5,2,1,4800,52,2,2,290.3217967,1,2
34,2,22,5,2,1410,5,2,1,4500,52,2,2,273.4891375,1,2
34,1,25,5,6,1310,11,1,1,5700,56,2,2,229.0234314,1,2
34,1,25,5,6,1311,5,1,1,4500,56,2,2,229.0234314,1,2
34,1,26,8,1,2592,5,1,1,5900,56,2,2,229.0234314,1,2
34,1,26,8,1,2818,5,2,1,4000,56,2,2,229.0234314,1,2
34,1,39,5,6,2593,5,1,1,5700,60,2,2,227.6601967,1,2
34,1,39,5,6,2593,5,1,1,5700,60,2,2,227.6601967,1,2
34,2,35,5,1,1410,5,1,1,5300,48,2,2,252.1227841,1,2
34,1,37,5,1,1410,5,1,1,5200,49,2,2,251.6244279,1,2
34,1,38,5,1,1410,5,1,1,5200,56,2,2,251.6244279,1,2
34,2,34,5,1,1410,5,1,1,5200,49,2,2,252.1227841,1,2
34,1,36,4,1,1410,5,1,1,5100,48,2,2,251.6244279,1,2
34,2,33,5,1,1410,5,1,1,5200,48,2,2,252.1227841,1,2
34,2,30,5,1,1410,5,1,1,6500,58,2,2,252.1227841,1,2
34,2,41,4,1,1410,5,1,1,6000,52,2,2,252.1227841,1,2
34,1,38,5,1,1410,5,1,1,5000,48,2,2,254.6883479,1,2
34,2,34,5,1,1410,5,1,1,5000,45,2,2,255.1927723,1,2
34,1,29,5,1,1410,5,1,1,4800,60,2,2,238.9026756,1,2
34,1,29,6,2,1410,5,1,1,5200,60,2,2,238.9026756,1,2
35,2,22,7,2,3212,5,2,2,3300,48,2,1,32.50819855,1,2
35,2,22,8,2,3212,5,2,2,3300,48,2,1,32.50819855,1,2
35,2,29,7,2,3240,5,1,1,5200,48,2,1,19.7415355,1,2
35,2,23,8,1,1702,5,2,2,5500,48,2,1,29.60568082,1,2
35,2,24,8,1,2220,5,2,2,5500,48,2,1,29.60568082,1,2
35,1,26,7,1,2100,5,2,1,4000,48,2,2,117.4363961,1,2
35,1,26,7,3,2100,5,2,2,4000,48,2,2,117.4363961,1,2
35,2,23,6,1,2100,5,2,1,4000,48,2,2,133.8534546,1,2
35,2,23,6,1,2100,5,2,2,4000,48,2,2,133.8534546,1,2
35,1,27,7,1,1080,5,2,1,6000,48,2,2,117.4363961,1,2
35,2,31,7,2,1312,5,2,2,5100,48,2,1,19.69616069,1,2
35,2,32,6,2,1312,5,2,2,5000,48,2,1,19.69616069,1,2
35,1,28,7,1,1410,5,2,1,4500,48,2,1,21.16473044,1,2
35,1,28,7,3,1410,5,2,1,4500,48,2,1,21.16473044,1,2
35,1,29,7,1,1321,5,2,2,3600,48,2,1,111.3170181,1,2
35,1,29,7,1,1321,5,2,2,3800,48,2,1,111.3170181,1,2
35,2,24,7,1,2930,11,2,1,4200,56,2,2,128.0564724,1,2
35,2,34,6,1,2750,11,2,1,5000,48,2,2,106.2120774,1,2
35,2,26,8,2,2733,11,2,1,4500,48,2,2,106.2120774,1,2
35,2,29,8,1,2733,11,2,1,4500,48,2,2,106.2120774,1,2
35,2,33,6,1,2610,5,2,1,5000,48,2,2,106.2120774,1,2
35,2,27,6,2,2610,11,3,1,4000,48,2,2,107.1437623,1,2
35,2,27,6,1,2610,5,2,1,4300,48,2,2,107.1437623,1,2
35,1,22,7,1,2733,5,4,2,3000,48,2,2,143.6203988,1,2
35,2,23,7,1,2733,5,4,2,3500,48,2,2,131.0345299,1,2
35,2,23,7,1,2733,5,3,1,3500,48,2,2,131.0345299,1,2
35,2,28,6,2,2930,5,2,1,7000,48,2,2,107.6096047,1,2
35,2,29,6,2,2930,5,2,1,7000,48,2,2,107.6096047,1,2
35,2,25,8,1,3240,5,2,1,4500,48,2,2,115.5143687,1,2
35,2,25,8,2,3240,5,2,1,4500,48,2,2,115.5143687,1,2
35,1,44,5,5,1080,5,2,1,6000,48,2,2,123.4081548,1,2
35,1,45,5,5,1080,5,2,1,6000,48,2,2,123.4081548,1,2
35,1,36,8,2,2394,5,2,1,8000,50,2,2,105.9932827,1,2
35,1,36,8,2,2394,5,2,1,8000,48,2,2,105.9932827,1,2
35,1,32,8,1,1080,5,2,1,8200,48,2,2,105.9932827,1,2
35,2,51,5,3,2733,3,6,2,2800,50,2,2,19.99511629,1,2
35,1,32,5,6,2220,5,2,2,7300,56,2,2,21.36150191,1,2
35,2,30,8,2,2610,5,2,1,4500,56,2,2,109.9245927,1,2
35,2,31,8,3,2610,5,2,1,5000,56,2,2,109.9245927,1,2
35,1,31,5,6,2394,5,2,1,5500,56,2,2,117.4363961,1,2
35,2,29,8,1,2790,5,2,1,4500,48,2,2,109.9245927,1,2
35,1,25,5,6,1410,11,3,1,4800,60,2,2,125.3582229,1,2
35,1,26,5,6,1410,11,3,1,5000,60,2,2,125.3582229,1,2
35,1,55,5,6,240,4,1,1,1500,48,2,2,118.1942718,1,2
35,2,38,4,2,3290,11,3,2,4000,60,2,2,99.78345163,1,2
35,2,39,4,2,3240,11,4,1,5350,60,2,2,99.78345163,1,2
35,1,34,4,2,2511,3,3,2,7000,63,2,2,106.6022504,1,2
35,2,28,5,2,1512,3,7,2,4600,60,2,2,99.78345163,1,2
35,2,29,5,2,1410,3,5,2,4140,60,2,2,99.78345163,1,2
35,1,36,8,1,1410,5,2,1,6000,63,2,2,106.6022504,1,2
35,1,20,5,2,2310,5,5,1,7000,56,2,2,133.7543018,1,2
35,2,17,5,2,3290,5,4,1,5000,60,2,2,121.5047459,1,2
35,2,17,4,2,3240,11,4,1,5200,63,2,2,121.5047459,1,2
35,2,43,4,2,1410,5,2,1,4200,50,2,2,109.6455963,1,2
35,2,44,4,5,1410,5,3,1,4200,53,2,2,109.6455963,1,2
35,2,33,7,2,1629,5,3,1,4600,52,2,2,109.6455963,1,2
35,2,33,7,2,1629,5,2,1,4800,55,2,2,109.6455963,1,2
35,2,32,5,2,1629,5,2,1,4400,54,2,2,109.6455963,1,2
35,2,32,5,2,1629,5,2,1,4400,53,2,2,109.6455963,1,2
35,2,26,4,2,1410,5,2,1,4200,53,2,2,109.6455963,1,2
35,1,27,5,2,1410,5,2,1,3700,51,2,2,117.1383342,1,2
35,2,37,4,2,1410,5,2,1,3800,52,2,2,109.6455963,1,2
35,2,18,5,2,3240,11,2,1,4800,51,2,2,133.513725,1,2
35,2,40,4,2,3290,5,2,1,4500,47,2,2,109.6455963,1,2
35,2,41,4,2,3240,11,2,1,4500,50,2,2,109.6455963,1,2
35,2,43,4,2,3240,11,2,1,4800,52,2,2,102.1285223,1,2
35,2,49,4,2,3240,11,2,1,4600,49,2,2,102.1285223,1,2
35,1,28,5,2,1410,5,2,1,4400,51,2,2,109.1075737,1,2
35,2,34,4,2,3240,5,2,1,4600,54,2,2,102.1285223,1,2
35,2,34,4,2,3240,11,2,1,4600,51,2,2,102.1285223,1,2
35,2,50,4,2,3240,11,2,1,4600,50,2,2,102.1285223,1,2
35,2,42,4,2,3240,5,2,1,4400,47,2,2,102.1285223,1,2
35,2,43,4,2,3240,11,2,1,4400,47,2,2,102.1285223,1,2
35,1,43,4,2,2511,3,6,2,4600,46,2,2,109.1075737,1,2
35,2,40,4,2,3240,5,2,1,4700,52,2,2,102.1285223,1,2
35,2,41,4,2,3290,11,2,1,3800,48,2,2,102.1285223,1,2
35,2,33,5,2,1410,5,2,1,4600,54,2,2,102.1285223,1,2
35,2,38,4,2,3240,5,2,1,5500,47,2,2,101.5046169,1,2
35,2,39,4,2,3240,11,2,1,4500,52,2,2,101.5046169,1,2
35,2,38,5,2,3240,11,2,1,4000,50,2,2,101.5046169,1,2
35,2,33,7,1,3240,11,2,1,4500,56,2,2,101.5046169,1,2
35,2,34,7,1,3240,11,2,1,5000,56,2,2,101.5046169,1,2
35,1,25,7,1,1010,5,2,1,6000,56,2,2,108.4410331,1,2
35,1,25,7,1,1010,5,2,1,6000,56,2,2,108.4410331,1,2
35,2,35,4,3,2391,5,2,1,4500,42,2,2,101.5046169,1,2
35,2,26,6,2,2220,5,4,1,5300,54,2,2,105.8228118,1,2
35,1,26,4,3,3100,3,4,2,5000,48,2,2,113.054316,1,2
35,2,31,4,2,3240,11,4,1,4500,54,2,2,18.0513542,1,2
35,2,32,4,2,3240,11,4,2,4700,60,2,2,18.0513542,1,2
35,1,38,4,2,1629,5,4,1,4700,60,2,2,19.28491096,1,2
35,1,38,4,2,1629,5,4,2,4500,60,2,2,19.28491096,1,2
35,2,30,4,2,1410,5,4,2,3800,54,2,2,18.0513542,1,2
35,2,30,4,2,1410,5,4,2,3800,54,2,2,18.0513542,1,2
35,2,42,4,2,1410,5,4,2,4700,54,2,2,18.0513542,1,2
35,2,42,4,2,1410,5,4,2,4700,54,2,2,18.0513542,1,2
35,2,35,4,2,3240,11,4,1,5700,60,2,2,18.0513542,1,2
35,2,36,4,2,3240,11,4,1,5700,60,2,2,18.0513542,1,2
35,2,34,4,2,1410,5,4,2,3200,48,2,2,18.0513542,1,2
35,2,35,4,2,1410,5,4,2,3300,40,2,2,18.0513542,1,2
35,2,30,4,2,1410,5,3,1,4500,56,2,2,18.0513542,1,2
35,2,22,4,2,2220,5,2,1,5100,50,2,2,140.1182852,1,2
35,2,26,7,1,2910,11,3,1,4000,48,2,2,105.289351,1,2
35,1,40,6,2,1312,6,3,1,4500,54,2,2,112.9215812,1,2
36,1,46,4,2,1311,10,3,1,4900,0,2,1,45.55088047,1,2
36,1,34,5,6,2023,5,1,1,10600,56,2,1,45.55088047,1,2
36,2,23,8,1,1410,11,2,1,7300,58,2,1,37.72193902,1,2
36,2,40,4,3,1410,5,1,1,5600,48,2,1,48.70629896,1,2
36,1,41,6,3,1410,3,6,2,3500,42,2,1,45.55088047,1,2
36,1,27,5,7,1410,5,1,1,4800,60,2,1,65.05854015,1,2
36,2,24,5,7,1410,5,1,1,4700,60,2,1,53.87676943,1,2
36,2,31,6,1,1410,3,6,2,4600,50,2,1,60.1733467,1,2
36,1,24,5,7,3240,5,2,1,4000,60,2,1,54.43460786,1,2
36,1,32,5,7,1410,5,1,1,5700,60,2,1,56.27504003,1,2
36,1,55,5,3,3100,5,3,1,4260,52,2,1,71.70678335,1,2
36,1,70,4,6,2593,5,6,2,3000,60,2,1,70.66419201,1,2
36,1,71,4,6,2593,5,7,2,2500,60,2,1,70.66419201,1,2
36,1,66,4,6,3100,3,7,2,2600,48,2,1,70.66419201,1,2
36,1,31,4,5,2396,5,1,1,4700,56,2,1,69.68526233,1,2
36,2,40,5,2,1410,11,1,1,5660,60,2,1,74.51252719,1,2
36,1,35,5,2,1410,11,1,1,4600,60,2,1,69.68526233,1,2
36,1,33,5,6,2512,5,2,1,5760,56,2,1,30.69469889,1,2
36,2,26,7,1,1410,5,2,1,3650,52,2,1,32.82099412,1,2
36,2,26,7,1,1410,5,3,1,4230,52,2,1,32.82099412,1,2
36,1,52,5,3,1410,5,4,2,3200,48,2,1,516.8044007,1,2
36,1,53,5,3,1410,5,4,2,2750,50,2,1,516.8044007,1,2
36,1,31,5,6,1040,5,2,1,6130,66,2,2,64.88053835,1,2
36,2,28,9,1,1410,11,2,1,5230,58,2,2,62.42620194,1,2
36,2,23,8,1,1702,5,3,1,4360,56,2,2,66.54465396,1,2
36,2,33,8,1,1410,11,1,1,8300,48,2,1,81.18877493,1,2
36,2,37,7,2,1410,3,6,2,5200,54,2,2,371.9736149,1,2
36,1,50,6,1,1323,3,6,2,7200,48,2,2,386.5980572,1,2
36,2,44,6,2,1322,3,6,2,5600,54,2,2,371.9736149,1,2
36,1,21,5,6,1410,5,3,2,5100,48,2,2,333.9347162,1,2
36,1,21,5,6,1410,5,1,1,5200,48,2,2,333.9347162,1,2
36,1,36,8,1,1321,5,1,1,6200,54,2,2,371.5975179,1,2
36,2,24,5,6,1322,3,6,2,4100,54,2,2,381.1285921,1,2
36,2,24,6,1,2212,3,6,2,4200,48,2,2,381.1285921,1,2
36,2,30,3,2,1410,11,1,1,4700,48,2,2,357.5405241,1,2
36,2,25,8,2,1410,3,6,2,3900,48,2,2,357.5405241,1,2
36,2,26,8,2,1410,3,6,2,4300,54,2,2,357.5405241,1,2
36,1,26,5,7,1410,11,2,1,4200,48,2,1,69.62600616,1,2
36,1,27,5,7,1410,11,3,1,4500,48,2,1,69.62600616,1,2
36,1,31,5,6,3100,3,6,2,5500,48,2,1,69.62600616,1,2
36,1,31,5,6,3100,3,6,2,6000,48,2,1,69.62600616,1,2
36,2,27,7,2,2732,11,2,1,5200,48,2,1,74.4491662,1,2
36,2,28,7,2,2733,11,3,1,5000,48,2,1,74.4491662,1,2
36,1,24,7,1,1410,11,3,1,4800,48,2,2,310.3986873,1,2
36,2,23,8,1,1410,11,3,1,4900,48,2,2,354.266295,1,2
36,1,29,5,7,1811,5,6,2,6000,48,2,2,390.2184694,1,2
36,1,42,4,2,161,1,6,2,4100,45,2,2,394.4202201,1,2
36,2,28,6,2,2733,11,4,2,3500,48,2,2,263.422847,1,2
36,2,27,6,2,2733,11,4,2,3000,40,2,2,359.432273,1,2
36,1,25,8,2,2733,11,1,1,3800,40,2,2,373.5636423,1,2
36,2,26,8,2,2733,11,1,1,4800,40,2,2,359.432273,1,2
36,1,18,5,3,1520,11,2,1,3600,48,2,1,70.28780372,1,2
36,1,43,5,2,1520,5,2,1,6200,72,2,1,72.66423188,1,2
36,2,37,4,2,1410,5,2,1,6200,72,2,1,77.69785709,1,2
36,1,25,5,1,1410,5,2,2,4000,63,2,2,329.2894328,1,2
36,1,52,5,1,312,1,7,2,7500,72,2,2,359.8857308,1,2
36,1,30,7,1,1512,11,3,1,4080,48,2,2,328.5444341,1,2
36,1,31,7,1,1512,11,2,1,7300,60,2,2,328.5444341,1,2
36,2,27,7,1,1410,11,3,1,4000,48,2,2,374.3846555,1,2
36,2,27,7,2,1410,11,2,1,4200,56,2,2,374.3846555,1,2
36,1,35,4,5,3011,5,6,2,5000,56,2,2,389.1038898,1,2
36,1,39,5,6,2392,5,4,2,3000,52,2,2,389.1038898,1,2
36,2,26,7,4,1512,11,2,1,5200,52,2,1,74.75723172,1,2
36,1,22,4,4,1410,11,2,1,4600,48,2,1,67.62762612,1,2
36,2,28,7,2,1410,11,2,1,4700,50,2,1,80.98355345,1,2
36,2,28,7,2,1410,11,2,1,4500,54,2,1,80.98355345,1,2
36,2,30,6,1,3240,11,3,1,5030,52,2,2,331.2767449,1,2
36,2,31,6,1,3240,11,2,1,5080,50,2,2,331.2767449,1,2
36,1,30,8,2,2022,5,2,1,12000,44,2,1,78.68365957,1,2
36,1,63,3,1,1410,5,2,1,4600,56,2,2,276.8699636,1,2
36,2,59,3,2,2395,3,6,2,3800,56,2,2,266.3963755,1,2
36,1,60,4,1,321,1,6,2,4000,60,2,2,278.4076179,1,2
36,1,35,4,2,3100,3,6,2,8000,56,2,2,322.1309669,1,2
36,1,36,4,2,3100,3,6,2,7600,56,2,2,322.1309669,1,2
36,2,32,4,2,1410,3,6,2,3000,65,2,2,309.9452209,1,2
36,2,33,4,2,1410,3,6,2,3300,58,2,2,309.9452209,1,2
36,2,29,4,1,1410,3,6,2,3800,56,2,2,309.9452209,1,2
36,2,18,5,2,1410,3,6,2,3300,56,2,2,330.3932777,1,2
36,1,27,7,2,1410,5,3,1,6000,60,2,2,369.1687759,1,2
36,2,29,8,1,1520,11,2,1,5500,60,2,2,355.203658,1,2
36,2,29,8,1,1520,11,2,1,5500,56,2,2,355.203658,1,2
37,1,26,5,6,2511,3,6,2,6000,56,2,1,42.6607421,1,2
37,2,25,8,1,2410,5,1,1,8000,48,2,1,41.81860764,1,2
37,2,25,8,1,2410,11,1,1,12000,48,2,1,41.81860764,1,2
37,2,28,6,2,2610,11,2,1,4000,56,2,1,37.21774515,1,2
37,2,29,6,2,2610,11,2,1,4300,56,2,1,37.21774515,1,2
37,1,26,4,6,2310,5,2,1,6000,48,2,1,37.9672284,1,2
37,2,25,8,1,2610,11,1,1,6000,48,2,1,41.79554629,1,2
37,2,26,8,1,2610,11,1,1,6250,48,2,1,41.79554629,1,2
37,1,33,5,7,2599,3,6,2,8000,56,2,1,42.63721635,1,2
37,1,34,5,7,2599,3,6,2,8200,56,2,1,42.63721635,1,2
37,2,43,6,2,1410,5,1,1,7000,48,2,1,41.79554629,1,2
37,2,44,6,1,1410,5,1,1,7500,48,2,1,41.79554629,1,2
37,2,26,6,2,1410,5,3,2,4500,48,2,1,30.19483894,1,2
37,2,26,6,1,1410,5,3,2,4500,48,2,1,30.19483894,1,2
37,2,24,7,1,1410,5,3,2,3500,48,2,1,31.01807885,1,2
37,1,30,5,6,2394,5,1,1,9000,48,2,2,143.6019706,1,2
37,1,30,5,6,2394,5,1,1,6000,48,2,2,143.6019706,1,2
37,2,26,7,1,1520,11,3,2,4000,48,2,1,35.70987802,1,2
37,2,27,7,1,1520,11,3,2,4000,56,2,1,35.70987802,1,2
37,2,25,7,1,2610,11,1,1,5000,48,2,1,35.70987802,1,2
37,2,25,7,1,2610,11,1,1,5000,48,2,1,35.70987802,1,2
37,1,41,5,6,1030,5,2,1,4100,56,2,1,38.30948454,1,2
37,1,41,5,6,1030,5,1,1,4200,84,2,1,38.30948454,1,2
37,1,28,5,5,2220,5,2,2,3100,45,2,1,38.30948454,1,2
37,1,28,5,5,2220,5,2,2,3800,48,2,1,38.30948454,1,2
37,1,26,5,7,1520,11,1,1,6800,48,2,1,38.30948454,1,2
37,1,26,5,7,1520,11,1,1,6800,48,2,1,38.30948454,1,2
37,2,40,6,1,2394,5,1,1,9000,48,2,1,42.56799365,1,2
37,1,33,4,6,2431,11,1,1,4800,56,2,1,43.42521909,1,2
37,1,25,5,5,1410,11,2,1,4500,48,2,1,43.42521909,1,2
37,1,25,5,5,1410,11,2,1,4500,48,2,1,43.42521909,1,2
37,2,36,6,1,1410,11,2,1,11200,64,2,1,42.56799365,1,2
37,1,32,4,5,1410,11,1,1,4500,48,2,1,43.42521909,1,2
37,2,32,4,5,1410,11,1,1,4650,48,2,1,42.56799365,1,2
37,2,39,6,1,2394,5,1,1,4600,48,2,1,42.56799365,1,2
37,1,56,5,1,1410,5,6,2,1800,42,2,1,147.7156427,1,2
37,1,28,6,1,1030,5,1,1,3600,48,2,1,147.7156427,1,2
37,1,29,6,1,1030,5,1,1,3600,48,2,1,147.7156427,1,2
37,2,29,8,1,1520,11,1,1,3800,48,2,1,144.7996964,1,2
37,2,29,8,1,1520,11,1,1,3900,48,2,1,144.7996964,1,2
37,2,25,7,1,1520,11,1,1,5600,48,2,2,41.63507012,1,2
37,2,26,7,1,1520,11,2,1,5600,48,2,2,41.63507012,1,2
37,1,27,5,5,1520,11,2,1,4100,55,2,2,42.88220488,1,2
37,1,28,5,5,1520,11,2,1,4650,52,2,2,42.88220488,1,2
37,2,35,6,2,2630,5,2,1,7000,54,2,2,128.661695,1,2
37,1,65,8,1,161,4,2,2,750,25,2,2,114.5290646,1,2
37,1,66,8,1,161,4,3,2,750,25,2,2,114.5290646,1,2
37,1,42,8,1,1062,3,6,2,6000,56,2,2,41.88784783,1,2
37,2,43,4,1,1410,3,6,2,3000,48,2,2,131.3825848,1,2
37,1,32,5,6,1410,5,2,2,5690,56,2,1,135.9526604,1,2
37,1,31,6,1,3314,3,6,2,1400,20,2,1,135.9526604,1,2
37,1,31,6,6,2511,3,6,2,3000,34,2,1,135.9526604,1,2
37,1,29,8,1,3100,5,3,1,6000,40,2,2,41.96674831,1,2
37,1,34,5,7,2394,5,2,1,5500,50,2,2,41.96674831,1,2
37,1,34,5,6,2394,5,3,1,5700,56,2,2,41.96674831,1,2
37,1,24,4,7,2910,5,3,1,4600,48,2,2,131.3631091,1,2
37,2,37,8,1,2610,11,2,1,4855,52,2,2,140.9771129,1,2
37,2,37,8,1,2610,11,2,1,4800,52,2,2,140.9771129,1,2
37,2,26,7,1,2910,5,2,1,4200,48,2,2,140.9771129,1,2
37,1,26,5,7,2910,5,2,1,5200,48,2,2,145.1999341,1,2
37,1,26,5,7,2910,5,2,1,5400,48,2,2,145.1999341,1,2
37,1,38,3,3,1610,3,6,2,3400,46,2,2,146.7980807,1,2
37,1,38,3,3,1610,3,6,2,3500,46,2,2,146.7980807,1,2
37,2,32,5,3,2610,11,2,2,3200,56,2,2,142.5287809,1,2
37,2,32,5,3,2732,5,2,2,3200,56,2,2,142.5287809,1,2
37,1,29,5,6,2610,11,2,1,3500,48,2,2,146.367678,1,2
37,1,29,5,6,2610,11,2,1,4600,48,2,2,146.367678,1,2
37,2,27,6,1,1410,11,2,1,4200,48,2,2,142.1108955,1,2
37,2,27,6,1,1410,11,2,1,4500,48,2,2,142.1108955,1,2
37,1,28,5,5,2610,11,2,2,4000,48,2,2,146.367678,1,2
37,2,28,7,1,1410,3,6,2,2800,56,2,2,121.2790354,1,2
37,2,32,5,2,1410,10,2,1,4800,48,2,2,124.610877,1,2
37,1,30,4,6,2396,5,6,2,5000,56,2,2,150.554777,1,2
37,1,30,5,6,2396,5,2,2,6500,54,2,2,150.554777,1,2
37,1,42,4,1,2395,3,6,2,4000,48,2,2,150.554777,1,2
37,1,29,8,2,2511,3,6,2,5000,40,2,2,150.554777,1,2
37,1,29,8,2,2511,3,6,2,5000,40,2,2,150.554777,1,2
37,2,43,6,1,2394,11,2,1,4350,56,2,2,146.176222,1,2
37,2,43,6,1,2394,11,2,1,4670,56,2,2,146.176222,1,2
37,1,24,4,7,2910,5,2,1,4050,56,2,2,136.2076623,1,2
37,1,24,4,7,2910,5,2,1,4360,56,2,2,136.2076623,1,2
37,1,25,5,5,2394,11,2,1,7000,48,2,2,150.554777,1,2
37,1,29,8,2,2396,3,6,2,6000,56,2,2,150.554777,1,2
37,1,30,8,2,2396,3,6,2,6000,56,2,2,150.554777,1,2
37,1,54,4,5,2396,3,6,2,5600,56,2,2,150.554777,1,2
37,1,54,5,5,2396,3,6,2,5500,56,2,2,150.554777,1,2
37,2,29,7,1,3240,11,2,1,4900,48,2,1,138.9188005,1,2
37,2,29,7,1,3240,11,2,1,5000,48,2,1,138.9188005,1,2
37,2,25,8,1,1410,11,2,1,4500,48,2,2,40.83261211,1,2
37,1,55,5,6,1103,5,2,2,1500,56,2,2,42.05571008,1,2
37,1,56,5,6,1103,5,2,2,1500,56,2,2,42.05571008,1,2
37,1,30,6,2,1410,11,2,1,3000,48,2,2,42.05571008,1,2
37,1,30,6,2,1410,11,2,1,4000,48,2,2,42.05571008,1,2
37,1,21,6,1,1410,11,2,1,3000,48,2,2,126.8836375,1,2
37,1,22,6,1,1410,11,2,1,4100,48,2,2,126.8836375,1,2
37,1,34,5,6,2012,5,2,1,4000,56,2,2,140.2486279,1,2
37,1,35,5,6,2012,10,2,1,4200,48,2,2,140.2486279,1,2
37,2,25,6,2,1410,3,6,2,4000,56,2,2,136.1698045,1,2
37,2,25,6,2,1410,3,6,2,4000,50,2,2,136.1698045,1,2
37,1,32,4,2,2511,5,6,2,8000,50,2,2,147.8296348,1,2
37,1,61,6,1,2512,5,2,2,5000,56,2,2,112.2091611,1,2
37,2,27,8,1,1520,11,2,1,5000,48,2,2,147.5172882,1,2
37,2,27,8,1,1520,11,2,1,5000,48,2,2,147.5172882,1,2
37,1,28,4,7,2310,5,2,1,6200,56,2,2,151.9360135,1,2
37,1,28,5,7,2310,5,2,1,6200,56,2,2,151.9360135,1,2
37,1,53,5,6,322,1,6,2,4200,60,2,1,131.3294459,1,2
37,1,54,5,6,322,1,6,2,4500,50,2,1,131.3294459,1,2
37,1,31,4,6,1520,11,2,1,4500,48,2,2,44.96028738,1,2
37,1,31,4,6,1520,11,2,1,4500,48,2,2,44.96028738,1,2
37,1,39,6,2,2599,3,6,2,4000,56,2,2,44.96028738,1,2
37,1,39,6,2,2599,3,6,2,5200,56,2,2,44.96028738,1,2
37,2,26,6,2,1520,11,2,1,4000,48,2,2,43.65271615,1,2
37,2,26,6,1,1520,11,2,1,3800,48,2,2,43.65271615,1,2
37,1,26,7,1,1410,5,2,1,3600,48,2,2,164.3897851,1,2
37,2,26,7,1,2012,10,1,1,5300,56,2,2,159.6088692,1,2
37,2,26,7,1,2012,5,1,1,6000,56,2,2,159.6088692,1,2
37,1,27,6,1,1520,11,2,1,3300,48,2,2,164.3897851,1,2
37,2,27,6,1,2610,11,2,1,2300,48,2,2,132.1908167,1,2
37,2,38,6,1,1629,3,6,2,210,35,2,2,132.1908167,1,2
37,2,26,6,2,1520,11,2,1,4400,48,2,2,132.1908167,1,2
37,1,60,4,6,161,4,2,2,1000,48,2,2,117.6705358,1,2
37,2,30,6,1,1520,11,1,1,4000,48,2,2,139.661338,1,2
37,1,31,5,7,2012,10,1,1,5800,48,2,2,143.8447465,1,2
37,1,31,6,1,2399,10,1,1,5900,40,2,2,143.8447465,1,2
37,1,31,5,7,2399,10,1,1,7000,48,2,2,143.8447465,1,2
1,1,54,5,6,2750,11,2,2,10000,40,1,1,147.5722461,1,2
1,1,54,5,6,2750,11,2,2,10000,40,1,1,147.5722461,1,2
1,1,29,8,1,2610,5,2,1,15000,44,1,1,184.1252786,1,2
1,2,40,4,3,1410,10,2,1,11000,56,1,1,182.4214728,1,2
1,2,40,4,3,1410,10,2,1,11000,56,1,1,182.4214728,1,2
1,1,30,8,1,2610,11,2,1,15000,44,1,1,184.1252786,1,2
1,1,31,5,7,2829,5,3,2,12000,48,1,1,184.1252786,1,2
1,1,31,5,7,2829,5,3,2,12000,48,1,1,184.1252786,1,2
1,1,30,5,6,2829,5,3,2,8000,48,1,1,184.1252786,1,2
1,1,31,5,6,2829,5,3,2,8000,48,1,1,184.1252786,1,2
1,1,31,5,6,2829,5,3,2,8000,48,1,1,184.1252786,1,2
1,1,21,5,3,2829,5,3,2,8000,48,1,1,186.7937961,1,2
1,1,20,5,3,2829,5,3,2,8000,48,1,1,186.7937961,1,2
1,2,34,6,1,1079,5,1,1,20000,44,1,1,182.4214728,1,2
1,2,31,6,1,1079,5,1,1,12000,44,1,1,182.4214728,1,2
1,2,45,5,6,1410,5,1,1,5000,48,1,1,182.4214728,1,2
1,2,45,5,6,1410,5,1,1,5000,48,1,1,182.4214728,1,2
1,2,47,5,2,1410,3,6,2,4500,50,1,1,182.4214728,1,2
1,2,48,5,2,1410,3,6,2,5000,50,1,1,182.4214728,1,2
1,2,47,8,1,1103,5,1,1,12000,40,1,1,182.4214728,1,2
1,2,47,8,1,1103,5,1,1,12000,40,1,1,182.4214728,1,2
1,1,51,8,5,2910,5,1,1,50000,48,1,1,112.790732,1,2
1,1,52,8,5,2910,5,1,1,50000,48,1,1,112.790732,1,2
1,1,38,8,1,1629,5,2,1,15000,48,1,1,112.790732,1,2
1,1,39,8,1,1629,5,2,1,17000,48,1,1,112.790732,1,2
1,1,33,8,1,3315,10,1,1,20000,48,1,1,112.790732,1,2
1,1,34,8,1,3319,10,1,1,20000,48,1,1,112.790732,1,2
1,1,38,8,1,1050,5,1,1,12000,48,1,1,112.790732,1,2
1,1,39,8,1,1050,5,1,1,12000,48,1,1,112.790732,1,2
1,1,31,8,1,118,5,2,1,7000,48,1,1,112.790732,1,2
1,1,32,8,1,119,5,2,1,7000,48,1,1,112.790732,1,2
1,1,59,4,3,170,1,6,2,4000,56,1,1,181.725663,1,2
1,1,36,8,1,2310,5,2,1,7800,48,1,1,181.725663,1,2
1,1,37,8,1,2750,5,2,1,8500,48,1,1,181.725663,1,2
1,1,24,5,7,3313,3,6,2,5000,56,1,1,171.8337898,1,2
1,2,57,5,3,2393,5,1,1,12000,48,1,1,128.5277279,1,2
1,2,58,5,3,2393,5,1,1,12000,48,1,1,128.5277279,1,2
1,1,48,5,2,1200,10,1,1,7000,48,1,1,156.1755196,1,2
1,1,48,5,2,1200,10,1,1,7300,48,1,1,156.1755196,1,2
1,1,41,5,6,3290,5,2,1,5000,48,1,1,156.1755196,1,2
1,1,41,5,6,2511,5,2,1,5000,48,1,1,156.1755196,1,2
1,2,41,8,3,3100,5,2,1,6000,48,1,1,154.7303473,1,2
1,2,41,8,3,3100,5,2,1,6000,48,1,1,154.7303473,1,2
1,1,50,5,6,2599,5,1,1,6500,48,1,1,175.2526559,1,2
1,1,51,5,6,2511,5,2,1,7000,48,1,1,175.2526559,1,2
1,1,30,5,2,2511,3,6,2,7000,56,1,1,175.2526559,1,2
1,1,51,8,1,2591,5,1,1,18000,44,1,1,242.7157828,1,2
1,2,25,8,1,2513,5,1,2,6000,44,1,1,240.469809,1,2
1,1,50,8,1,2511,5,1,1,12000,44,1,1,242.7157828,1,2
1,1,50,8,1,2599,5,1,1,10000,44,1,1,242.7157828,1,2
1,2,46,6,1,2813,5,1,2,7000,44,1,1,240.469809,1,2
1,2,47,6,1,2813,5,1,2,6000,44,1,1,240.469809,1,2
1,2,44,8,1,2591,5,2,1,16000,44,1,1,240.469809,1,2
1,2,32,8,1,2599,5,1,1,9000,48,1,1,185.5170503,1,2
1,1,24,4,3,2599,3,1,2,7500,56,1,1,198.3843793,1,2
1,1,24,4,3,2599,3,6,2,7000,56,1,1,198.3843793,1,2
1,1,24,7,1,2610,5,1,2,5000,44,1,1,198.3843793,1,2
1,2,47,5,2,2220,5,1,2,10000,56,1,1,163.2957772,1,2
1,2,48,5,2,1702,5,1,1,11000,48,1,1,163.2957772,1,2
1,1,35,8,1,1701,10,1,1,8000,40,1,1,153.3610068,1,2
1,2,51,6,2,1811,10,1,1,6000,56,1,1,151.9418786,1,2
1,2,51,6,1,1811,10,1,1,6000,56,1,1,151.9418786,1,2
1,1,32,6,3,1812,3,6,2,6000,48,1,1,153.3610068,1,2
1,2,22,8,1,1410,5,3,1,5800,56,1,1,126.4984584,1,2
1,2,22,8,1,1410,5,2,1,6000,56,1,1,126.4984584,1,2
1,2,36,8,1,3100,5,1,1,10000,44,1,1,114.4902284,1,2
1,2,36,8,1,1621,5,1,1,10000,44,1,1,114.4902284,1,2
1,2,35,7,1,1050,11,1,1,7000,48,1,1,114.4902284,1,2
1,1,56,5,7,1920,10,1,1,8000,40,1,1,164.367339,1,2
1,1,57,5,7,1920,10,1,1,8600,40,1,1,164.367339,1,2
1,2,44,8,5,1709,5,1,1,6000,44,1,1,162.8463636,1,2
1,2,44,8,5,1709,5,1,1,6000,44,1,1,162.8463636,1,2
1,1,44,7,1,3100,5,1,1,9000,48,1,1,178.8754498,1,2
1,1,44,7,1,3100,5,1,1,9500,40,1,1,178.8754498,1,2
1,2,51,5,6,1811,5,7,2,10000,56,1,1,177.2202234,1,2
1,2,52,5,6,1811,5,6,2,5000,48,1,1,177.2202234,1,2
1,2,30,4,5,1410,3,3,2,5000,48,1,1,177.2202234,1,2
1,2,30,4,5,1410,3,6,2,4000,48,1,1,177.2202234,1,2
1,2,44,5,2,1410,3,6,2,5000,70,1,1,207.260025,1,2
1,1,47,8,1,2392,5,1,1,18000,40,1,1,156.8199332,1,2
1,1,54,5,2,3314,10,1,1,5500,40,1,1,156.8199332,1,2
1,1,30,8,1,3314,10,1,1,7000,40,1,1,156.8199332,1,2
1,2,51,8,1,2310,11,1,1,35000,48,1,1,155.3687978,1,2
1,2,51,8,1,2310,11,1,1,35000,48,1,1,155.3687978,1,2
1,1,47,8,1,1080,5,1,1,25000,48,1,1,177.0299095,1,2
1,1,47,8,1,1080,5,1,1,12000,48,1,1,177.0299095,1,2
1,2,47,8,1,1080,5,1,2,9000,40,1,1,175.3917607,1,2
1,2,22,5,7,2100,5,7,2,5800,40,1,1,193.7876066,1,2
1,2,22,7,1,2100,5,3,2,4500,40,1,1,193.7876066,1,2
1,1,25,8,1,2394,11,2,1,13000,40,1,1,180.23857,1,2
1,1,26,8,1,2394,11,2,1,13000,40,1,1,180.23857,1,2
1,1,41,4,2,1410,5,2,1,4500,48,1,1,153.8328868,1,2
1,1,41,4,2,1410,5,2,1,5500,48,1,1,153.8328868,1,2
1,2,38,4,2,1410,5,2,1,4300,48,1,1,152.4093921,1,2
1,2,39,4,2,1410,5,2,1,5200,48,1,1,152.4093921,1,2
1,2,42,4,2,1709,5,2,2,2800,48,1,1,152.4093921,1,2
1,2,43,4,2,1701,5,2,2,3500,48,1,1,152.4093921,1,2
1,2,29,4,2,2930,5,1,1,4700,48,1,1,152.4093921,1,2
1,2,30,7,2,2930,10,2,1,5300,48,1,1,152.4093921,1,2
1,1,52,4,2,2599,5,2,1,5000,48,1,1,153.8328868,1,2
1,1,52,4,2,2710,5,2,1,5800,48,1,1,153.8328868,1,2
1,1,46,8,2,2511,10,1,1,8500,48,1,1,153.4125784,1,2
1,1,47,8,1,2652,10,1,1,6000,48,1,1,153.4125784,1,2
1,2,44,6,2,2930,10,1,1,6800,48,1,1,151.992973,1,2
1,2,45,6,1,2652,10,1,1,6200,48,1,1,151.992973,1,2
1,1,32,8,1,2610,5,1,1,12000,40,1,1,153.4125784,1,2
1,1,39,5,5,1410,5,2,1,7000,48,1,1,164.8209502,1,2
1,1,40,5,5,1410,10,2,1,7000,48,1,1,164.8209502,1,2
1,1,21,7,1,2910,11,2,1,4500,48,1,1,167.2096912,1,2
1,1,21,7,1,2910,11,2,1,5500,48,1,1,167.2096912,1,2
1,1,23,7,1,2733,11,2,1,6000,48,1,1,167.2096912,1,2
1,1,23,7,1,2733,11,2,1,6000,48,1,1,167.2096912,1,2
1,1,23,3,5,2395,5,2,1,8000,56,1,1,167.2096912,1,2
1,2,25,8,1,1410,5,2,1,5000,48,1,1,163.2957772,1,2
1,2,25,8,1,1410,5,2,1,5000,48,1,1,163.2957772,1,2
1,1,24,5,7,3315,10,1,1,8000,48,1,1,183.769105,1,2
1,1,25,5,7,3315,10,1,1,9000,48,1,1,181.1437979,1,2
1,1,24,7,1,3320,11,2,1,9000,48,1,1,183.769105,1,2
1,1,40,5,2,1410,5,1,1,38000,48,1,1,152.1728197,1,2
1,1,40,5,2,1410,5,1,1,8000,48,1,1,152.1728197,1,2
1,1,41,5,1,1410,5,2,1,18000,48,1,1,152.1728197,1,2
1,1,41,5,2,1410,5,2,1,7000,48,1,1,152.1728197,1,2
1,2,39,5,1,1410,5,2,1,20000,48,1,1,150.7646864,1,2
1,2,40,5,2,1410,5,2,1,6800,48,1,1,150.7646864,1,2
1,2,41,5,2,1410,10,1,1,17000,48,1,1,150.7646864,1,2
1,2,42,5,2,1410,10,1,1,6000,48,1,1,150.7646864,1,2
1,1,37,5,2,2599,10,1,1,6500,48,1,1,152.1728197,1,2
1,1,38,5,2,2511,10,1,1,6700,48,1,1,152.1728197,1,2
1,2,35,5,2,2599,10,1,1,6200,48,1,1,150.7646864,1,2
1,2,36,5,2,2511,10,1,1,6000,48,1,1,150.7646864,1,2
1,2,41,5,5,1410,3,6,2,6000,50,1,1,150.7646864,1,2
1,1,47,4,3,3100,3,6,2,5500,70,1,1,152.1728197,1,2
1,2,36,5,1,1702,10,1,1,6000,48,1,1,150.7646864,1,2
1,2,36,5,2,1702,10,1,1,4800,48,1,1,150.7646864,1,2
1,1,35,5,2,1073,10,1,1,8000,48,1,1,152.1728197,1,2
1,1,36,5,2,1073,10,1,1,7800,48,1,1,152.1728197,1,2
1,2,33,5,2,2013,10,1,1,7000,48,1,1,150.7646864,1,2
1,2,33,5,2,2930,10,1,1,6500,48,1,1,150.7646864,1,2
1,2,19,5,2,2220,10,2,1,5000,48,1,1,166.5775383,1,2
1,1,19,5,2,2733,11,2,1,6800,48,1,1,154.378252,1,2
1,2,25,8,1,1080,5,2,2,5000,48,1,1,150.7646864,1,2
1,2,41,4,2,1410,3,6,2,5000,48,1,1,150.7646864,1,2
1,2,41,4,3,1410,3,6,2,5600,56,1,1,150.7646864,1,2
1,1,48,5,7,2395,5,1,1,8000,40,1,1,149.5384493,1,2
1,1,48,5,7,2395,10,1,1,6500,40,1,1,149.5384493,1,2
1,1,34,7,1,2930,10,1,1,8000,40,1,1,149.5384493,1,2
1,2,32,7,1,1321,5,1,1,7000,48,1,1,143.2774244,1,2
1,2,32,7,1,1321,5,1,1,7000,48,1,1,143.2774244,1,2
1,2,30,5,2,3091,5,2,1,7000,48,1,1,143.2774244,1,2
1,2,31,5,2,2220,5,2,1,6200,48,1,1,143.2774244,1,2
1,1,36,5,6,3314,10,1,1,8200,48,1,1,144.6156271,1,2
1,1,45,5,3,1811,3,6,2,6000,50,1,1,144.6156271,1,2
1,1,46,5,3,1812,2,7,2,6000,50,1,1,144.6156271,1,2
1,1,63,4,1,118,1,6,2,3000,56,1,1,120.1258725,1,2
1,2,35,5,2,2610,11,2,1,7000,48,1,1,143.2774244,1,2
1,2,36,5,2,2930,11,2,1,6000,48,1,1,143.2774244,1,2
1,2,34,5,3,1410,3,6,2,5700,48,1,1,143.2774244,1,2
1,2,34,5,3,1410,3,6,2,5500,62,1,1,143.2774244,1,2
1,2,37,5,2,2593,10,1,1,6200,48,1,1,143.2774244,1,2
1,1,42,5,5,2610,11,2,1,6200,48,1,1,183.7448371,1,2
1,1,43,5,2,2610,11,2,1,6800,48,1,1,183.7448371,1,2
1,1,51,4,5,2610,11,2,1,6200,48,1,1,183.7448371,1,2
1,1,51,4,5,2930,11,2,1,6000,48,1,1,183.7448371,1,2
1,1,41,5,2,1410,3,7,2,3800,48,1,1,183.7448371,1,2
1,1,42,5,2,1410,3,7,2,3600,48,1,1,183.7448371,1,2
1,2,40,5,2,1410,10,1,1,4800,48,1,1,182.0445517,1,2
1,2,40,5,2,1410,10,1,1,5000,48,1,1,182.0445517,1,2
1,2,35,5,2,2399,11,2,1,8200,48,1,1,182.0445517,1,2
1,2,36,5,2,2593,11,2,1,5800,48,1,1,182.0445517,1,2
1,2,40,4,2,2740,11,2,1,4500,48,1,1,182.0445517,1,2
1,2,41,4,2,2740,11,2,1,5500,48,1,1,182.0445517,1,2
1,2,38,4,2,2610,11,2,1,4900,48,1,1,182.0445517,1,2
1,2,39,4,2,2610,11,2,1,5000,48,1,1,182.0445517,1,2
1,1,35,5,7,1410,5,2,1,5400,48,1,1,183.7448371,1,2
1,1,36,5,7,1410,5,2,1,9000,48,1,1,183.7448371,1,2
1,1,35,7,2,2930,11,2,1,6000,48,1,1,183.7448371,1,2
1,1,36,5,2,2930,11,2,1,6200,48,1,1,183.7448371,1,2
1,2,32,5,2,1410,5,2,1,5000,48,1,1,182.0445517,1,2
1,2,33,5,2,1410,5,2,1,5000,48,1,1,182.0445517,1,2
1,2,39,5,1,2930,11,2,1,4800,48,1,1,182.0445517,1,2
1,2,40,5,2,2431,11,2,1,5500,48,1,1,182.0445517,1,2
1,2,54,8,1,2930,5,1,1,9000,48,1,1,211.6797112,1,2
1,2,54,8,1,2599,5,1,1,9000,48,1,1,211.6797112,1,2
1,1,52,8,1,2599,5,1,1,20000,48,1,1,213.6567873,1,2
1,2,48,5,2,1520,10,1,1,7000,48,1,1,211.6797112,1,2
1,2,48,5,2,1520,10,1,1,7000,48,1,1,211.6797112,1,2
1,1,49,9,1,111,9,1,1,8000,40,1,1,178.7969957,1,2
1,1,44,8,1,2732,10,1,1,15000,40,1,1,178.7969957,1,2
1,1,29,4,3,2511,3,6,2,7000,48,1,1,196.8011345,1,2
1,1,28,8,1,2511,5,2,1,13000,48,1,1,196.8011345,1,2
1,1,28,8,1,2511,5,2,1,12000,48,1,1,196.8011345,1,2
1,2,45,5,2,1709,11,2,1,6000,48,1,1,179.0523873,1,2
1,2,46,5,3,1709,5,2,1,6500,44,1,1,179.0523873,1,2
1,2,30,5,6,1410,5,2,2,4500,48,1,1,179.0523873,1,2
1,2,30,5,7,1410,5,2,2,7500,48,1,1,179.0523873,1,2
1,1,23,8,1,2610,11,2,1,8500,48,1,1,183.3439596,1,2
1,1,23,8,1,2610,11,2,1,8500,48,1,1,183.3439596,1,2
1,2,40,9,1,3100,5,1,2,11000,40,1,1,184.0693141,1,2
1,1,36,5,6,2511,3,3,2,5000,48,1,1,185.7885107,1,2
1,1,36,5,6,2511,3,6,2,6000,48,1,1,185.7885107,1,2
1,1,35,9,1,3250,5,2,1,10000,40,1,1,194.8212547,1,2
1,2,24,8,1,2630,5,2,1,10000,44,1,1,213.2630852,1,2
1,2,25,8,1,2640,11,2,1,8000,48,1,1,193.0184735,1,2
1,2,37,8,1,2022,11,1,1,7000,48,1,1,193.0184735,1,2
1,1,29,8,1,1073,5,1,1,12500,48,1,1,152.6210642,1,2
1,1,29,8,1,1073,10,1,1,10700,48,1,1,152.6210642,1,2
1,2,22,5,2,1073,10,2,1,7200,48,1,1,167.0682137,1,2
1,2,22,5,3,1073,10,2,1,6500,48,1,1,167.0682137,1,2
1,2,24,8,1,2610,11,2,1,13200,48,1,1,167.0682137,1,2
1,2,24,8,1,2610,11,2,1,14500,64,1,1,167.0682137,1,2
1,1,45,8,1,2592,5,1,1,14500,48,1,1,152.6210642,1,2
1,1,45,8,1,2511,5,1,1,15400,48,1,1,152.6210642,1,2
1,1,35,8,1,3011,10,1,1,8800,40,1,1,152.6210642,1,2
1,2,37,8,1,2310,5,1,1,10000,48,1,1,200.6644034,1,2
1,2,22,8,1,2930,11,1,1,12000,48,1,1,221.7109532,1,2
1,2,33,8,1,2930,11,1,1,10000,48,1,1,200.6644034,1,2
1,1,24,8,1,1410,11,2,1,20000,48,1,1,191.7861217,1,2
1,1,39,8,1,1811,9,1,1,8000,48,1,1,160.5729875,1,2
1,1,40,8,1,1811,9,1,1,8000,48,1,1,160.5729875,1,2
1,1,34,5,2,1811,3,7,2,5000,55,1,1,160.5729875,1,2
1,2,34,4,2,1410,3,7,2,6000,60,1,1,159.0871232,1,2
1,2,35,4,5,1410,3,7,2,6000,55,1,1,159.0871232,1,2
1,2,23,5,2,1410,3,7,2,6000,48,1,1,175.7728682,1,2
1,2,24,5,2,1410,3,7,2,6000,48,1,1,175.7728682,1,2
1,2,47,8,1,1811,5,1,1,6700,45,1,1,145.6854483,1,2
1,2,48,8,1,1811,5,1,1,7000,45,1,1,145.6854483,1,2
1,2,41,5,2,1322,5,5,1,6000,48,1,1,145.6854483,1,2
1,1,44,5,2,2599,5,1,1,7000,48,1,1,147.0461418,1,2
1,1,45,5,2,2592,5,1,1,7500,48,1,1,147.0461418,1,2
1,2,36,5,2,1410,3,7,2,7000,55,1,1,145.6854483,1,2
1,2,37,5,2,1410,3,7,2,7000,55,1,1,145.6854483,1,2
1,1,34,8,1,2740,10,1,1,6000,48,1,1,174.5956078,1,2
1,1,34,8,1,2740,10,1,1,6000,48,1,1,174.5956078,1,2
1,1,54,8,1,2100,9,1,1,7000,40,1,1,163.8654664,1,2
1,2,48,5,2,1811,3,7,2,4000,48,1,1,162.3491351,1,2
1,2,48,5,5,1811,3,7,2,4000,48,1,1,162.3491351,1,2
1,2,42,5,2,1811,10,1,1,5000,48,1,1,162.3491351,1,2
1,2,42,5,5,1811,10,1,1,5000,48,1,1,162.3491351,1,2
1,1,54,8,1,2100,9,1,1,7000,40,1,1,163.8654664,1,2
1,2,45,8,1,1410,5,1,1,9000,48,1,1,171.7288925,1,2
1,2,45,8,1,1410,5,1,1,8000,48,1,1,171.7288925,1,2
1,2,25,8,1,1811,10,1,1,6500,40,1,1,171.7288925,1,2
1,2,47,7,1,2100,5,2,2,5500,40,1,1,171.7288925,1,2
1,2,48,7,1,2100,5,2,2,5000,40,1,1,171.7288925,1,2
1,1,24,7,1,2029,5,2,1,8000,48,1,1,175.8449334,1,2
1,1,24,7,1,2100,5,2,1,7000,48,1,1,175.8449334,1,2
1,2,34,8,1,1074,5,2,1,6000,48,1,1,171.7288925,1,2
1,2,34,8,1,1074,5,2,1,5000,48,1,1,171.7288925,1,2
1,2,47,5,5,1410,5,1,1,4800,48,1,1,146.7042277,1,2
1,2,47,5,5,1410,5,1,1,5000,48,1,1,146.7042277,1,2
1,2,41,5,4,3290,11,1,1,6000,48,1,1,146.7042277,1,2
1,2,41,5,3,2420,5,1,1,5000,48,1,1,146.7042277,1,2
1,2,38,5,5,1410,3,5,2,5000,50,1,1,146.7042277,1,2
1,1,27,8,1,1200,10,1,1,5000,48,1,1,182.5198442,1,2
1,1,28,8,1,1200,10,1,1,6000,48,1,1,182.5198442,1,2
1,1,37,8,1,1811,5,1,1,12000,48,1,1,134.0977467,1,2
1,1,38,8,1,1811,5,1,1,12000,48,1,1,134.0977467,1,2
1,2,31,8,1,1811,5,1,1,9000,48,1,1,132.8568714,1,2
1,2,32,8,1,1811,5,1,1,7000,48,1,1,132.8568714,1,2
1,1,23,8,1,1512,5,1,1,10000,44,1,1,136.041218,1,2
1,2,24,8,1,1512,5,1,1,10000,44,1,1,146.7914742,1,2
1,1,37,8,1,2829,5,1,1,10000,48,1,1,159.1374691,1,2
1,1,38,8,1,2829,5,1,1,10000,40,1,1,159.1374691,1,2
1,1,57,8,1,3011,10,1,1,10000,40,1,1,159.1374691,1,2
1,1,58,8,1,3011,10,1,1,10000,40,1,1,159.1374691,1,2
1,1,34,7,1,1410,5,1,1,8000,48,1,1,173.495737,1,2
1,1,58,6,1,2395,10,1,1,10000,48,1,1,173.495737,1,2
1,1,58,6,1,2395,11,1,1,15000,48,1,1,173.495737,1,2
1,1,47,5,5,1200,10,1,1,7000,48,1,1,173.495737,1,2
1,1,47,5,5,1200,10,1,1,10000,48,1,1,173.495737,1,2
1,2,40,8,1,2930,11,2,1,8000,48,1,1,107.7642166,1,2
1,2,40,8,1,2930,11,2,1,9000,48,1,1,107.7642166,1,2
1,2,27,8,1,1410,11,2,1,12000,48,1,1,154.2750438,1,2
1,1,37,8,1,1410,11,2,1,13000,48,1,1,155.7159636,1,2
1,2,26,8,1,1410,5,2,2,7000,48,1,1,154.2750438,1,2
1,2,34,5,3,1410,3,6,2,5000,48,1,1,168.0985942,1,2
1,2,34,5,3,1410,3,6,2,5000,48,1,1,168.0985942,1,2
1,1,59,5,2,2750,5,2,2,8000,48,1,1,169.6686252,1,2
1,2,29,6,1,2790,5,2,1,6500,48,1,1,166.1910924,1,2
1,1,27,8,1,1073,5,2,2,8000,48,1,1,167.7433075,1,2
1,2,27,8,1,1073,5,2,2,7000,48,1,1,166.1910924,1,2
1,1,45,5,3,2750,10,1,1,7500,48,1,1,167.7433075,1,2
1,2,36,4,3,1410,3,6,2,5000,50,1,1,166.1910924,1,2
1,2,36,4,3,1410,3,6,2,4500,50,1,1,166.1910924,1,2
1,2,48,5,3,1410,3,7,2,6000,48,1,1,136.5933231,1,2
1,2,48,5,3,1410,3,7,2,6000,48,1,1,136.5933231,1,2
1,1,26,8,1,2100,5,2,1,10000,45,1,1,143.7852433,1,2
1,1,27,8,1,2100,5,2,1,10000,45,1,1,143.7852433,1,2
1,1,37,8,1,1020,5,2,1,10000,45,1,1,143.7852433,1,2
1,2,35,5,3,1410,5,2,1,4000,45,1,1,143.2419099,1,2
1,2,35,5,3,1410,5,2,1,4000,45,1,1,143.2419099,1,2
1,1,44,8,1,1410,10,2,2,7000,48,1,1,171.6496901,1,2
1,1,45,8,1,1410,10,2,1,14000,48,1,1,171.6496901,1,2
1,1,45,4,2,2599,3,6,2,5000,40,1,1,171.6496901,1,2
1,1,45,4,2,2599,3,6,2,5000,48,1,1,171.6496901,1,2
1,1,50,5,6,1101,5,1,1,8000,40,1,1,128.2150225,1,2
1,1,51,5,6,1062,5,1,1,8000,40,1,1,128.2150225,1,2
1,2,48,5,2,1410,5,2,1,6000,48,1,1,127.0285831,1,2
1,2,48,4,2,1410,5,2,1,6800,48,1,1,127.0285831,1,2
1,1,56,8,1,2220,5,2,1,10000,48,1,1,128.2150225,1,2
1,1,56,8,1,2220,5,2,1,12000,48,1,1,128.2150225,1,2
1,2,47,5,3,1410,5,2,2,3500,48,1,1,184.3073348,1,2
1,2,47,5,3,1410,5,2,2,3000,48,1,1,184.3073348,1,2
1,1,54,4,5,1313,5,2,2,5500,48,1,1,186.0287544,1,2
1,1,55,5,5,1312,5,2,2,5000,48,1,1,186.0287544,1,2
1,2,38,5,2,1410,5,2,1,5000,48,1,1,184.3073348,1,2
1,2,38,5,3,1410,5,2,1,5000,48,1,1,184.3073348,1,2
1,2,22,8,1,1410,5,2,1,5000,40,1,1,203.6382846,1,2
1,2,23,8,1,1410,5,2,1,5000,48,1,1,203.6382846,1,2
1,1,34,6,1,1410,5,2,1,8000,48,1,1,186.0287544,1,2
1,1,38,5,2,2599,3,6,2,10000,48,1,1,186.0287544,1,2
1,1,38,5,3,2599,3,6,2,10000,48,1,1,186.0287544,1,2
1,2,40,5,3,1410,5,2,2,7000,48,1,1,184.3073348,1,2
1,2,40,5,4,1410,5,2,2,7000,48,1,1,184.3073348,1,2
1,2,50,5,3,1410,5,3,2,6000,48,1,1,184.3073348,1,2
1,2,50,5,3,1410,5,2,2,5000,48,1,1,184.3073348,1,2
1,1,60,5,6,2513,5,3,1,10000,48,1,1,158.873649,1,2
1,1,60,5,6,2513,5,3,1,11000,48,1,1,158.873649,1,2
1,1,32,8,1,3091,5,2,1,11000,48,1,1,191.2628138,1,2
1,1,32,8,1,3091,5,2,1,12000,48,1,1,191.2628138,1,2
1,2,33,8,1,3091,5,2,1,10000,48,1,1,189.4929608,1,2
1,2,34,8,1,3091,5,2,1,11000,48,1,1,189.4929608,1,2
1,1,44,4,5,1410,5,1,1,14400,48,1,1,113.6619508,1,2
1,1,44,4,5,1410,5,1,1,7200,48,1,1,113.6619508,1,2
1,2,37,5,2,2220,5,1,1,5500,48,1,1,112.6101784,1,2
1,2,24,7,1,1103,5,1,1,7800,48,1,1,124.4212205,1,2
1,2,25,7,1,1103,5,1,1,7060,48,1,1,112.6101784,1,2
1,2,27,8,1,2592,5,1,1,5800,48,1,1,169.343769,1,2
1,2,27,8,1,2511,5,1,1,5800,48,1,1,169.343769,1,2
1,1,37,5,5,1811,3,6,2,5200,48,1,1,170.9254298,1,2
1,1,35,5,5,1811,3,6,2,5200,48,1,1,170.9254298,1,2
1,1,29,5,5,1811,3,6,2,5100,48,1,1,170.9254298,1,2
1,2,34,4,5,1811,3,6,2,5500,48,1,1,169.343769,1,2
1,1,37,2,2,2511,3,6,2,6800,48,1,1,170.9254298,1,2
1,1,31,8,1,118,10,1,1,6200,48,1,1,170.9254298,1,2
1,1,32,8,1,1030,10,1,1,6200,48,1,1,170.9254298,1,2
1,2,39,5,2,3250,11,1,1,7400,48,1,1,169.343769,1,2
1,1,44,5,7,3250,10,1,1,7800,48,1,1,170.9254298,1,2
1,1,44,5,7,3250,10,1,1,7100,48,1,1,170.9254298,1,2
1,2,37,4,2,1410,5,1,1,6600,48,1,1,169.343769,1,2
1,1,27,5,6,1811,5,2,1,5000,40,1,1,165.5840101,1,2
1,1,27,5,6,1811,5,2,1,5000,40,1,1,165.5840101,1,2
1,2,23,8,1,2750,5,2,1,5000,40,1,1,181.2582355,1,2
1,2,23,8,1,2750,5,2,1,5000,40,1,1,181.2582355,1,2
1,2,23,8,1,3091,5,2,1,5000,40,1,1,181.2582355,1,2
1,2,23,8,1,3091,5,2,1,5000,40,1,1,181.2582355,1,2
1,1,35,8,1,3290,7,1,1,7000,40,1,1,165.5840101,1,2
1,2,44,5,3,1410,10,1,1,6000,70,1,1,164.0517762,1,2
1,2,45,5,3,1410,10,1,1,6000,70,1,1,164.0517762,1,2
1,2,44,5,5,1410,3,2,2,6000,70,1,1,164.0517762,1,2
1,2,45,5,5,1410,3,2,2,7000,70,1,1,164.0517762,1,2
1,1,36,5,5,2610,5,1,2,6000,48,1,1,167.593168,1,2
1,1,36,5,5,3290,5,1,2,6000,48,1,1,167.593168,1,2
1,2,45,5,2,1410,5,1,2,5000,48,1,1,166.0423423,1,2
1,2,45,5,1,1410,5,1,2,5000,48,1,1,166.0423423,1,2
1,2,41,8,1,2511,5,1,1,6000,45,1,1,166.0423423,1,2
1,2,42,8,1,2511,5,2,1,6000,48,1,1,166.0423423,1,2
1,2,40,8,1,2220,5,1,2,6000,48,1,1,166.0423423,1,2
1,1,37,5,5,2670,5,1,2,7000,48,1,1,167.593168,1,2
1,1,37,5,5,2620,5,1,2,7000,48,1,1,167.593168,1,2
1,1,52,5,2,1811,3,6,2,6000,45,1,1,167.593168,1,2
1,1,53,5,2,1322,10,2,1,7000,40,1,1,192.2911085,1,2
1,1,54,5,2,1430,10,2,1,7500,40,1,1,192.2911085,1,2
1,1,35,4,1,1200,10,1,1,8400,60,1,1,200.2370221,1,2
1,1,35,4,2,1200,10,1,1,8400,60,1,1,200.2370221,1,2
1,1,33,8,1,1050,5,1,1,23000,48,1,1,200.2370221,1,2
1,1,33,8,1,1050,5,1,1,23000,48,1,1,200.2370221,1,2
1,2,33,8,1,2100,10,1,1,20000,40,1,1,198.3841261,1,2
1,2,33,8,1,2100,10,1,1,20000,40,1,1,198.3841261,1,2
1,1,28,8,1,2710,5,1,1,8000,50,1,1,200.2370221,1,2
1,1,28,8,1,2710,5,1,1,8000,50,1,1,200.2370221,1,2
1,1,31,8,1,1410,5,2,1,7000,48,1,1,173.2733066,1,2
1,1,32,8,1,1410,5,2,1,7000,48,1,1,173.2733066,1,2
1,1,52,5,1,1811,5,2,1,6500,40,1,1,173.2733066,1,2
1,1,52,5,1,1811,5,2,1,6500,48,1,1,173.2733066,1,2
1,1,51,6,1,2750,5,1,1,8000,48,1,1,173.2733066,1,2
1,1,51,6,1,2750,5,1,1,8000,48,1,1,173.2733066,1,2
1,2,47,5,6,2750,5,1,1,8000,48,1,1,171.6699197,1,2
1,2,47,5,6,2750,5,1,1,8000,48,1,1,171.6699197,1,2
1,1,22,7,1,1050,5,2,1,4000,40,1,1,175.7845471,1,2
1,1,22,7,1,1050,5,2,1,4000,48,1,1,175.7845471,1,2
1,1,20,4,2,1811,5,2,1,5000,56,1,1,175.7845471,1,2
1,1,20,4,2,1811,5,2,1,5000,56,1,1,175.7845471,1,2
1,1,45,5,2,1073,5,1,1,5000,48,1,1,186.2442183,1,2
1,2,43,6,1,2822,11,1,1,7000,48,1,1,184.5208049,1,2
1,2,43,6,1,2829,11,1,1,7000,48,1,1,184.5208049,1,2
1,1,42,5,2,2392,5,1,1,7000,48,1,1,186.2442183,1,2
1,2,29,6,2,1410,3,6,2,6000,40,1,1,184.5208049,1,2
1,2,29,6,2,1410,3,6,2,6000,48,1,1,184.5208049,1,2
1,2,37,8,1,1410,5,1,1,12000,44,1,1,184.5208049,1,2
1,2,37,8,1,1410,5,1,1,12000,44,1,1,184.5208049,1,2
1,1,24,8,1,2740,5,1,1,7500,48,1,1,188.9434456,1,2
1,1,25,8,1,2740,5,1,1,7500,48,1,1,186.2442183,1,2
1,1,55,4,2,2592,3,7,2,5000,35,1,1,181.9281147,1,2
1,2,31,5,2,2750,9,1,1,5000,48,1,1,180.2446404,1,2
1,2,32,5,1,2750,10,1,1,5000,48,1,1,180.2446404,1,2
1,2,40,8,1,1520,5,1,1,7000,45,1,1,180.2446404,1,2
1,2,41,8,1,1520,5,1,1,7000,45,1,1,180.2446404,1,2
1,2,33,6,1,3211,10,1,1,7200,44,1,1,197.5305937,1,2
1,2,34,6,1,3211,10,1,1,5500,44,1,1,197.5305937,1,2
1,2,33,8,1,3290,5,1,1,6500,44,1,1,197.5305937,1,2
1,2,34,8,1,2220,5,1,1,6500,44,1,1,197.5305937,1,2
1,1,38,8,1,2100,5,1,1,12000,56,1,1,199.3755178,1,2
1,1,38,8,1,2100,5,1,1,12500,48,1,1,199.3755178,1,2
1,2,36,8,1,2790,5,1,1,8500,48,1,1,197.5305937,1,2
1,2,36,8,1,2790,5,1,1,8500,48,1,1,197.5305937,1,2
1,1,26,7,1,2011,5,1,1,8500,50,1,1,199.3755178,1,2
1,1,26,7,1,2029,5,1,1,8500,50,1,1,199.3755178,1,2
1,2,29,7,1,2220,5,2,1,7000,48,1,1,179.9277546,1,2
1,2,29,7,1,2220,5,2,1,6500,40,1,1,179.9277546,1,2
1,2,43,5,3,1410,3,6,2,4000,48,1,1,179.9277546,1,2
1,2,43,5,3,1410,3,6,2,4000,48,1,1,179.9277546,1,2
1,1,35,5,3,3011,5,2,1,6000,48,1,1,181.6082692,1,2
1,1,35,5,3,3011,5,2,1,6000,48,1,1,181.6082692,1,2
1,2,44,5,2,2750,5,2,1,8000,54,1,1,179.9277546,1,2
1,1,26,8,1,2640,5,2,1,7500,40,1,1,136.3076212,1,2
1,1,26,8,1,2640,5,2,1,7500,40,1,1,136.3076212,1,2
1,1,42,5,2,2511,3,6,2,8500,56,1,1,136.3076212,1,2
1,1,42,5,2,2511,3,6,2,8500,56,1,1,136.3076212,1,2
1,2,41,4,2,1410,3,6,2,7000,45,1,1,135.0462968,1,2
1,2,41,4,2,1410,3,6,2,7000,45,1,1,135.0462968,1,2
1,2,43,5,2,1410,3,6,2,8000,50,1,1,135.0462968,1,2
1,2,43,5,2,1410,3,6,2,8000,50,1,1,135.0462968,1,2
1,2,40,5,2,3091,5,2,1,9000,48,1,1,135.0462968,1,2
1,2,40,5,2,3091,5,2,1,9000,48,1,1,135.0462968,1,2
1,2,54,8,1,3250,10,1,1,18000,48,1,1,165.1101748,1,2
1,1,50,7,5,2750,10,1,1,15000,48,1,1,166.6522941,1,2
1,1,50,7,5,2750,10,1,1,18000,48,1,1,166.6522941,1,2
1,1,35,8,5,1811,10,1,1,10000,48,1,1,116.7990437,1,2
1,1,36,8,5,1811,5,1,1,10000,48,1,1,116.7990437,1,2
1,2,35,6,1,1811,10,1,1,7000,48,1,1,115.7182421,1,2
1,2,34,6,1,1811,5,1,1,7000,48,1,1,115.7182421,1,2
1,1,45,8,5,2394,5,1,1,15000,40,1,1,131.0115245,1,2
1,1,24,9,1,2910,11,2,1,18000,48,1,1,132.9102673,1,2
1,1,25,9,1,2910,11,2,1,18000,48,1,1,131.0115245,1,2
1,2,49,8,1,2399,5,2,1,12000,44,1,1,129.7992076,1,2
1,2,49,8,1,2391,5,2,1,10000,44,1,1,129.7992076,1,2
1,1,45,8,5,2394,10,1,1,15000,40,1,1,131.0115245,1,2
1,2,37,8,1,141,5,3,1,10000,44,1,1,129.7992076,1,2
1,2,38,8,1,1410,5,2,1,12000,44,1,1,129.7992076,1,2
1,2,31,5,4,2592,5,2,1,7000,48,1,1,166.8945823,1,2
1,1,56,8,1,1811,5,2,1,10000,48,1,1,168.4533678,1,2
1,1,56,8,1,1811,5,2,1,10000,48,1,1,168.4533678,1,2
1,1,41,8,1,2410,5,2,1,12000,40,1,1,168.4533678,1,2
1,1,42,8,1,2410,5,2,1,12000,48,1,1,168.4533678,1,2
1,1,36,8,1,1811,5,2,1,11000,48,1,1,168.4533678,1,2
1,1,36,8,1,1811,5,2,1,10000,48,1,1,168.4533678,1,2
1,1,42,8,1,2930,5,2,1,12000,48,1,1,168.4533678,1,2
1,1,43,8,1,2930,5,2,1,11000,48,1,1,168.4533678,1,2
1,1,37,8,1,2399,5,1,1,18000,48,1,1,168.4533678,1,2
1,1,27,8,1,3290,5,2,1,10000,48,1,1,168.4533678,1,2
1,1,27,8,1,2599,5,2,1,12000,48,1,1,168.4533678,1,2
1,1,39,5,2,1103,5,2,1,8000,48,1,1,183.6472194,1,2
1,1,39,5,2,1103,5,2,1,8000,48,1,1,183.6472194,1,2
1,1,45,8,1,3092,10,2,1,8500,44,1,1,105.9663239,1,2
1,2,37,8,1,2740,5,2,1,6000,48,1,1,104.985763,1,2
1,1,46,6,4,1811,10,1,1,6000,40,1,1,179.480461,1,2
1,1,47,6,4,1811,10,1,1,6000,40,1,1,179.480461,1,2
1,2,45,5,2,2211,10,1,1,6000,40,1,1,177.8196361,1,2
1,2,46,5,2,2211,10,1,1,6000,40,1,1,177.8196361,1,2
1,2,39,5,2,2211,10,1,1,5000,48,1,1,177.8196361,1,2
1,2,39,5,2,2211,10,1,1,5000,56,1,1,177.8196361,1,2
1,2,45,5,2,2212,10,1,1,5000,48,1,1,177.8196361,1,2
1,2,46,5,2,2211,10,1,1,5000,48,1,1,177.8196361,1,2
1,1,34,5,6,2220,3,2,2,8000,48,1,1,199.7443841,1,2
1,1,34,5,6,2220,3,2,2,8000,48,1,1,199.7443841,1,2
1,2,23,7,3,2930,11,2,1,8000,60,1,2,125.5429359,1,2
1,2,24,7,3,2930,11,2,1,9000,60,1,2,125.5429359,1,2
1,2,23,5,3,2930,11,2,1,10000,60,1,2,125.5429359,1,2
1,2,24,5,3,2930,11,2,1,8000,60,1,2,125.5429359,1,2
1,2,21,5,3,2930,11,2,1,9800,60,1,2,125.5429359,1,2
1,2,21,5,3,2930,11,2,1,7500,60,1,2,125.5429359,1,2
1,1,25,5,7,2930,11,2,1,8500,60,1,2,127.305493,1,2
1,1,25,7,3,2930,11,2,1,8800,60,1,2,127.305493,1,2
1,2,23,5,3,2930,11,2,1,8000,60,1,2,125.5429359,1,2
1,2,28,5,3,2930,11,2,1,9800,60,1,2,126.0517649,1,2
1,2,29,5,3,3091,11,2,1,9400,60,1,2,126.0517649,1,2
1,1,31,5,7,2930,11,2,1,10200,60,1,2,127.305493,1,2
1,1,31,5,7,3091,11,2,1,9800,60,1,2,127.305493,1,2
1,1,33,5,3,2930,11,2,1,8000,60,1,2,127.305493,1,2
1,1,34,5,3,3091,11,2,1,10000,60,1,2,127.305493,1,2
1,2,31,5,3,2930,11,2,1,8400,60,1,2,126.0517649,1,2
1,2,32,5,3,3091,11,2,1,9500,60,1,2,126.0517649,1,2
1,1,35,5,3,2930,11,2,1,9000,60,1,2,127.305493,1,2
1,1,36,5,3,2930,11,2,1,10000,60,1,2,127.305493,1,2
1,2,31,5,3,2930,11,2,1,8600,60,1,2,126.0517649,1,2
1,2,32,5,3,2930,11,2,1,9500,60,1,2,126.0517649,1,2
1,1,27,5,7,2610,11,2,1,10000,60,1,2,127.305493,1,2
1,1,28,7,3,2610,11,2,1,9200,60,1,2,127.305493,1,2
1,1,24,5,7,2610,11,2,1,10000,60,1,2,132.2761963,1,2
1,1,24,7,3,2610,11,2,1,9000,60,1,2,132.2761963,1,2
1,1,27,5,3,2610,11,2,1,11000,60,1,2,127.305493,1,2
1,1,27,5,3,2610,11,2,1,9500,60,1,2,127.305493,1,2
1,2,24,5,3,2610,11,2,1,9500,60,1,2,125.5429359,1,2
1,2,25,5,3,2630,11,2,1,9800,60,1,2,126.0517649,1,2
1,2,30,5,3,2910,11,2,1,10000,60,1,2,126.0517649,1,2
1,2,31,5,3,2930,11,2,1,11000,60,1,2,126.0517649,1,2
1,1,33,5,3,2930,11,2,1,10000,60,1,2,127.305493,1,2
1,1,33,5,3,2930,11,2,1,11400,60,1,2,127.305493,1,2
1,2,31,4,3,2610,11,2,1,9400,60,1,2,126.0517649,1,2
1,2,31,5,3,2610,11,2,1,9000,60,1,2,126.0517649,1,2
1,1,33,5,3,2930,11,2,1,10000,60,1,2,127.305493,1,2
1,1,33,5,3,2930,11,2,1,9800,60,1,2,127.305493,1,2
1,2,29,5,3,2930,11,2,1,9000,60,1,2,126.0517649,1,2
1,2,29,5,3,2930,11,2,1,9500,60,1,2,126.0517649,1,2
1,2,22,7,3,2610,11,2,1,8800,60,1,2,125.5429359,1,2
1,2,23,5,2,2610,11,2,1,9000,60,1,2,125.5429359,1,2
1,1,20,5,3,2930,11,2,1,9000,60,1,2,132.2761963,1,2
1,1,20,5,3,2610,11,2,1,9300,60,1,2,132.2761963,1,2
1,1,28,5,3,2930,11,2,1,10000,60,1,2,127.305493,1,2
1,1,28,5,3,2930,11,2,1,9700,50,1,2,127.305493,1,2
1,1,29,5,4,2610,11,2,1,9000,60,1,2,127.305493,1,2
1,1,30,5,3,2610,11,2,1,8900,60,1,2,127.305493,1,2
1,2,29,5,4,2610,11,2,1,9000,60,1,2,126.0517649,1,2
1,2,29,5,3,2610,11,2,1,9000,60,1,2,126.0517649,1,2
1,1,36,5,3,2930,11,2,1,9800,60,1,2,127.305493,1,2
1,1,36,5,3,2930,11,2,1,11000,60,1,2,127.305493,1,2
1,2,34,5,3,2610,11,2,1,9500,60,1,2,126.0517649,1,2
1,2,34,5,3,2610,11,2,1,9500,60,1,2,126.0517649,1,2
1,2,23,5,3,2930,11,2,1,9500,60,1,2,125.5429359,1,2
1,2,24,5,3,2930,11,2,1,9200,60,1,2,125.5429359,1,2
1,1,20,5,3,2930,11,2,1,9000,60,1,2,132.2761963,1,2
1,1,21,5,3,2930,11,2,1,10800,60,1,2,132.2761963,1,2
1,2,43,4,2,2610,11,1,1,3200,48,1,2,139.4142087,1,2
1,2,43,4,2,2610,11,1,1,3700,48,1,2,139.4142087,1,2
1,1,55,5,5,161,5,5,2,3500,40,1,2,141.5828079,1,2
1,2,22,5,2,2610,11,1,1,7200,60,1,2,138.8514399,1,2
1,2,22,5,2,2610,11,1,1,7200,60,1,2,138.8514399,1,2
1,1,25,5,2,2930,11,1,1,7200,48,1,2,140.8008415,1,2
1,1,25,5,2,2910,11,1,1,7200,48,1,2,140.8008415,1,2
1,2,23,5,2,2610,11,1,1,4300,60,1,2,138.8514399,1,2
1,2,23,7,2,2610,11,1,1,5300,60,1,2,138.8514399,1,2
1,1,28,8,2,2930,11,1,1,9500,48,1,2,140.8008415,1,2
1,2,28,7,2,2930,11,1,1,5800,48,1,2,139.4142087,1,2
1,1,34,5,1,2396,11,1,1,12000,50,1,2,140.8008415,1,2
1,1,34,6,2,2391,11,1,1,12000,50,1,2,140.8008415,1,2
1,2,29,4,2,2930,11,1,1,3500,44,1,2,139.4142087,1,2
1,2,28,4,2,2910,11,1,1,5000,44,1,2,139.4142087,1,2
1,2,27,4,2,2610,11,3,1,4500,60,1,2,139.4142087,1,2
1,2,27,4,2,2610,11,3,1,4500,60,1,2,139.4142087,1,2
1,2,26,7,2,2610,11,1,1,6000,48,1,2,139.4142087,1,2
1,2,27,7,2,2610,11,2,1,6500,48,1,2,139.4142087,1,2
1,2,39,3,2,2610,11,1,1,7000,60,1,2,139.4142087,1,2
1,2,39,7,1,2610,11,1,1,7000,60,1,2,139.4142087,1,2
1,2,36,5,2,2610,11,2,1,9300,65,1,2,139.4142087,1,2
1,1,18,5,2,3091,11,1,1,6500,48,1,2,146.298477,1,2
1,2,28,7,1,2610,11,3,1,6700,44,1,2,139.4142087,1,2
1,2,23,8,1,2610,11,2,1,6700,44,1,2,138.8514399,1,2
1,2,33,3,1,2610,11,2,1,6000,48,1,2,83.42355685,1,2
1,2,33,3,2,2610,11,2,1,6000,48,1,2,83.42355685,1,2
1,1,15,3,2,2599,3,6,2,3500,56,1,2,87.54300894,1,2
1,1,44,4,1,2431,5,6,2,12000,80,1,2,84.25329899,1,2
1,1,44,4,1,2410,5,6,2,12000,63,1,2,84.25329899,1,2
1,1,19,3,1,3100,3,6,2,6000,63,1,2,87.54300894,1,2
1,1,20,5,1,2930,11,2,1,6000,48,1,2,87.54300894,1,2
1,1,20,5,2,2930,11,1,2,6000,48,1,2,87.54300894,1,2
1,1,35,5,1,2599,3,6,2,6000,48,1,2,84.25329899,1,2
1,2,35,5,5,2599,3,6,2,6000,54,1,2,83.42355685,1,2
1,2,28,4,1,2930,11,1,1,5500,48,1,2,83.42355685,1,2
1,2,28,4,1,2930,11,1,1,8000,48,1,2,83.42355685,1,2
1,1,34,4,1,1080,5,1,1,7000,48,1,2,84.25329899,1,2
1,1,34,4,2,1080,5,1,1,7000,48,1,2,84.25329899,1,2
1,2,29,4,1,3100,11,1,1,6000,48,1,2,83.42355685,1,2
1,2,29,4,2,3100,11,1,1,6000,48,1,2,83.42355685,1,2
1,1,21,3,1,3100,3,6,2,4000,63,1,2,87.54300894,1,2
1,2,26,5,2,2930,11,1,1,7000,48,1,2,83.42355685,1,2
1,2,31,4,1,2220,11,1,1,4000,48,1,2,83.42355685,1,2
1,2,32,4,2,222,11,1,1,6000,48,1,2,83.88686673,1,2
1,2,20,4,2,1073,5,3,1,5000,48,1,2,83.0868037,1,2
1,2,34,7,1,2610,11,2,1,20000,48,1,2,83.42355685,1,2
1,2,34,7,1,2610,11,1,1,20000,54,1,2,83.42355685,1,2
1,2,42,3,1,2610,11,2,2,6000,48,1,2,83.42355685,1,2
1,1,23,4,1,2599,11,2,1,7500,56,1,2,87.54300894,1,2
1,2,37,4,2,3100,11,1,1,5500,48,1,2,83.42355685,1,2
1,1,32,4,2,2930,11,1,1,6000,48,1,2,84.25329899,1,2
1,1,32,4,2,2930,11,1,1,6500,48,1,2,84.25329899,1,2
1,2,27,7,1,2630,11,1,1,5500,48,1,2,83.42355685,1,2
1,2,28,7,1,2630,11,1,1,6000,48,1,2,83.42355685,1,2
1,1,31,5,2,2930,11,1,1,5000,48,1,2,84.25329899,1,2
1,1,31,5,2,2930,11,1,1,5500,48,1,2,84.25329899,1,2
1,1,28,5,7,2310,11,2,1,5000,48,1,2,84.25329899,1,2
1,1,29,5,7,2310,11,2,1,5000,48,1,2,84.25329899,1,2
1,1,32,5,7,2610,11,1,1,11000,48,1,2,84.25329899,1,2
1,1,33,5,7,2610,11,1,1,15000,48,1,2,84.25329899,1,2
1,1,18,4,2,2599,3,6,2,4500,48,1,2,87.54300894,1,2
1,1,18,4,2,2599,3,6,2,5000,56,1,2,87.54300894,1,2
1,1,19,5,2,2930,5,2,1,5000,56,1,2,87.54300894,1,2
1,2,41,4,2,2610,11,6,2,4500,48,1,2,83.42355685,1,2
1,1,25,5,2,2910,11,1,1,7000,56,1,2,84.25329899,1,2
1,2,24,5,2,2620,11,1,1,6000,56,1,2,83.0868037,1,2
1,1,25,5,2,3091,11,1,1,7000,48,1,2,84.25329899,1,2
1,2,23,5,2,2620,11,1,1,5000,48,1,2,83.0868037,1,2
1,1,32,5,2,1812,11,1,1,6000,44,1,2,101.7666252,1,2
1,1,33,5,2,2432,11,1,1,6000,44,1,2,101.7666252,1,2
1,2,26,5,2,2610,11,1,1,6500,48,1,2,100.7644086,1,2
1,2,26,5,2,2610,11,1,1,6500,48,1,2,100.7644086,1,2
1,1,30,4,1,2599,3,6,2,3500,40,1,2,101.7666252,1,2
1,1,30,4,2,2599,3,6,2,4000,40,1,2,101.7666252,1,2
1,2,42,5,2,2910,11,1,1,5700,60,1,2,100.7644086,1,2
1,2,42,5,2,2930,11,1,1,6000,60,1,2,100.7644086,1,2
1,1,32,5,7,2930,11,1,1,7500,44,1,2,101.7666252,1,2
1,1,33,5,7,3091,11,1,1,6500,44,1,2,101.7666252,1,2
1,2,43,4,3,1410,5,2,1,5300,48,1,2,100.7644086,1,2
1,2,43,4,3,1410,5,2,1,5300,48,1,2,100.7644086,1,2
1,2,42,3,2,2930,11,1,1,4700,48,1,2,100.7644086,1,2
1,2,42,3,2,2930,11,1,1,5000,48,1,2,100.7644086,1,2
1,2,37,5,2,2930,11,1,1,6300,44,1,2,100.7644086,1,2
1,2,37,5,2,2930,11,1,1,5700,44,1,2,100.7644086,1,2
1,1,22,5,6,2930,11,2,1,4200,44,1,2,105.7401512,1,2
1,1,23,5,6,2930,11,2,1,4200,44,1,2,105.7401512,1,2
1,1,24,5,5,2022,11,3,1,5200,48,1,2,105.7401512,1,2
1,1,25,5,5,2022,11,2,1,5200,48,1,2,101.7666252,1,2
1,2,24,5,2,2610,11,3,1,4100,44,1,2,100.3576561,1,2
1,2,24,5,2,2610,11,2,1,4100,44,1,2,100.3576561,1,2
1,1,48,4,5,1030,5,1,1,6000,48,1,2,114.7982484,1,2
1,1,48,4,5,1030,5,1,1,6000,48,1,2,114.7982484,1,2
1,2,46,5,2,1030,5,1,1,5000,48,1,2,113.6676939,1,2
1,2,26,8,1,3100,11,2,1,8000,48,1,2,113.6676939,1,2
1,1,25,5,1,2610,11,1,1,9000,48,1,2,114.7982484,1,2
1,1,26,5,1,2610,11,1,1,9000,48,1,2,114.7982484,1,2
1,1,22,5,2,2630,11,3,1,9200,48,1,2,136.7578062,1,2
1,1,28,8,3,2610,11,2,1,10800,60,1,2,131.6186921,1,2
1,1,28,8,2,2610,11,2,1,10800,48,1,2,131.6186921,1,2
1,2,29,7,3,1104,5,2,1,8000,70,1,2,130.3224867,1,2
1,2,29,7,2,1104,11,2,1,8000,48,1,2,130.3224867,1,2
1,1,23,5,3,2610,11,2,1,9800,60,1,2,136.7578062,1,2
1,1,23,5,2,2630,11,2,1,9800,48,1,2,136.7578062,1,2
1,2,22,4,3,2610,11,2,1,8500,60,1,2,129.7964182,1,2
1,2,22,4,2,2610,11,2,1,8500,48,1,2,129.7964182,1,2
1,2,24,5,3,2610,11,2,1,9000,60,1,2,129.7964182,1,2
1,2,24,5,2,2630,11,2,1,9000,48,1,2,129.7964182,1,2
1,2,18,5,3,2610,11,2,1,7800,60,1,2,129.7964182,1,2
1,2,19,5,2,2630,11,2,1,8000,48,1,2,129.7964182,1,2
1,2,19,5,2,2511,11,2,1,5200,48,1,2,129.7964182,1,2
1,2,35,4,2,2610,11,2,1,5200,48,1,2,130.3224867,1,2
1,2,36,4,2,2610,11,2,1,5200,48,1,2,130.3224867,1,2
1,2,24,7,3,2610,11,2,1,9800,60,1,2,129.7964182,1,2
1,2,24,7,2,2630,11,3,1,9500,48,1,2,129.7964182,1,2
1,1,22,5,3,2610,11,2,1,9500,60,1,2,136.7578062,1,2
1,2,31,3,2,2610,11,2,1,5500,48,1,2,130.3224867,1,2
1,2,32,3,2,2610,11,2,1,5200,48,1,2,130.3224867,1,2
1,2,26,8,1,2610,11,2,1,12000,48,1,2,130.3224867,1,2
1,2,26,8,1,2630,11,2,1,13000,48,1,2,130.3224867,1,2
1,2,21,5,2,2610,11,2,1,10000,56,1,2,129.7964182,1,2
1,2,22,5,2,2630,11,2,1,10000,56,1,2,129.7964182,1,2
1,1,24,5,2,3100,3,6,2,6000,56,1,2,136.7578062,1,2
1,1,25,5,2,3100,3,6,2,6200,56,1,2,131.6186921,1,2
1,1,26,8,1,2670,11,2,1,8000,48,1,2,131.6186921,1,2
1,1,27,8,1,2670,11,2,1,8000,48,1,2,131.6186921,1,2
1,2,21,4,2,2610,11,2,1,4800,48,1,2,129.7964182,1,2
1,2,30,5,2,2610,11,2,1,8000,56,1,2,130.3224867,1,2
1,2,31,5,2,2610,11,2,1,8000,48,1,2,130.3224867,1,2
1,1,34,4,2,3100,3,6,2,5600,56,1,2,131.6186921,1,2
1,1,35,4,2,3100,3,6,2,5800,56,1,2,131.6186921,1,2
1,2,31,4,2,2610,11,2,1,4800,48,1,2,130.3224867,1,2
1,2,32,4,2,2610,11,2,1,5000,48,1,2,130.3224867,1,2
1,1,27,8,2,2610,11,2,1,5500,48,1,2,106.4763604,1,2
1,1,28,8,2,2620,11,2,1,5500,48,1,2,106.4763604,1,2
1,2,25,4,2,2630,11,2,1,9100,48,1,2,105.4277614,1,2
1,2,25,4,2,2630,11,2,1,9500,48,1,2,105.4277614,1,2
1,2,20,5,2,2630,11,2,1,8000,48,1,2,105.0021846,1,2
1,2,20,5,2,2620,11,2,1,8200,48,1,2,105.0021846,1,2
1,1,21,4,2,3100,3,6,2,6200,56,1,2,110.6337803,1,2
1,1,21,4,2,3100,3,6,2,6000,56,1,2,110.6337803,1,2
1,2,19,5,2,2630,11,2,1,8500,48,1,2,105.0021846,1,2
1,2,19,5,2,2630,11,2,1,8000,60,1,2,105.0021846,1,2
1,2,37,4,2,2610,11,2,1,4500,48,1,2,105.4277614,1,2
1,2,38,4,2,2630,11,2,1,4700,48,1,2,105.4277614,1,2
1,1,28,4,2,2630,11,2,1,8200,48,1,2,106.4763604,1,2
1,1,28,4,2,2930,11,2,1,8600,48,1,2,106.4763604,1,2
1,1,24,4,2,3100,3,6,2,7000,56,1,2,110.6337803,1,2
1,1,24,4,2,3100,3,6,2,6800,56,1,2,110.6337803,1,2
1,1,20,5,2,3100,3,6,2,4000,56,1,2,110.6337803,1,2
1,1,21,5,2,3100,3,6,2,5000,56,1,2,110.6337803,1,2
1,2,19,5,2,2610,11,2,1,12000,52,1,2,105.0021846,1,2
1,2,19,5,2,2630,11,2,1,10000,56,1,2,105.0021846,1,2
1,1,16,4,2,3100,3,6,2,3000,56,1,2,110.6337803,1,2
1,1,18,4,2,3100,3,6,2,4000,56,1,2,110.6337803,1,2
1,1,33,4,2,2511,3,6,2,5000,48,1,2,106.4763604,1,2
1,1,38,4,2,2511,3,6,2,5500,48,1,2,106.4763604,1,2
1,1,41,4,2,3100,3,6,2,3000,56,1,2,106.4763604,1,2
1,1,42,4,2,3100,3,6,2,4500,56,1,2,106.4763604,1,2
1,2,38,4,2,2610,11,2,1,7000,48,1,2,105.4277614,1,2
1,2,39,4,2,2610,11,2,1,7200,56,1,2,105.4277614,1,2
1,2,18,5,2,2610,11,2,1,8000,48,1,2,105.0021846,1,2
1,2,19,5,2,2630,11,2,1,8500,60,1,2,105.0021846,1,2
1,1,21,3,2,3100,3,6,2,3000,56,1,2,110.6337803,1,2
1,1,22,3,2,3100,3,6,2,4000,56,1,2,110.6337803,1,2
1,2,24,5,2,2610,11,2,1,12000,48,1,2,105.0021846,1,2
1,1,39,4,2,2599,3,6,2,5000,48,1,2,106.4763604,1,2
1,1,15,3,2,3100,3,6,2,3000,56,1,2,110.6337803,1,2
1,1,21,5,2,2610,11,2,1,10200,48,1,2,110.6337803,1,2
1,1,22,5,2,2630,11,2,1,11000,48,1,2,110.6337803,1,2
1,1,22,5,2,2610,11,2,1,8000,48,1,2,110.6337803,1,2
1,1,23,5,2,2610,11,2,1,7600,48,1,2,110.6337803,1,2
1,2,21,5,2,2610,11,2,1,11800,56,1,2,105.0021846,1,2
1,2,22,5,2,2630,11,2,1,12000,48,1,2,105.0021846,1,2
1,1,26,7,2,2610,11,2,1,15000,48,1,2,106.4763604,1,2
1,1,27,5,7,2630,11,2,1,16000,48,1,2,106.4763604,1,2
1,2,23,6,5,2610,11,2,1,1200,48,1,2,105.0021846,1,2
1,2,23,7,2,2630,11,2,1,12000,48,1,2,105.0021846,1,2
1,1,44,6,1,161,5,1,1,4500,48,1,2,139.2115786,1,2
1,1,27,5,7,2220,5,6,2,5000,48,1,2,138.4427085,1,2
1,2,31,5,6,2599,10,1,1,6000,40,1,2,137.079299,1,2
1,2,32,5,6,2599,10,1,1,6500,48,1,2,137.079299,1,2
1,1,28,5,7,2930,11,1,1,6000,48,1,2,138.4427085,1,2
1,1,28,5,7,2930,11,1,1,7000,48,1,2,138.4427085,1,2
1,2,27,5,2,2930,11,1,1,6000,48,1,2,137.079299,1,2
1,1,44,6,1,161,10,1,1,4600,48,1,2,139.2115786,1,2
1,1,28,5,2,2930,11,1,1,8000,48,1,2,138.4427085,1,2
1,2,24,5,2,1811,11,1,1,6500,48,1,2,136.5259555,1,2
1,1,37,5,6,2599,3,6,2,4000,40,1,2,138.4427085,1,2
1,1,37,5,6,2599,3,7,2,6000,48,1,2,138.4427085,1,2
1,1,26,4,4,2395,5,1,1,6000,40,1,2,138.4427085,1,2
1,1,26,4,4,2394,5,1,1,6500,48,1,2,138.4427085,1,2
1,2,39,4,2,1410,3,7,2,4500,48,1,2,137.079299,1,2
1,1,33,8,1,2220,11,2,1,12000,55,1,2,123.8960658,1,2
1,1,33,8,1,2220,11,2,1,12600,55,1,2,123.8960658,1,2
1,1,19,5,6,2599,5,2,2,6800,50,1,2,128.7336464,1,2
1,1,19,5,5,2511,5,2,2,6800,50,1,2,128.7336464,1,2
1,1,31,8,1,2610,11,1,1,10000,55,1,2,123.8960658,1,2
1,1,31,8,1,2790,11,2,1,10700,55,1,2,123.8960658,1,2
1,1,19,5,6,2599,3,6,2,6200,60,1,2,128.7336464,1,2
1,1,19,5,6,2599,3,6,2,6400,60,1,2,128.7336464,1,2
1,1,43,8,1,2610,5,2,1,8500,60,1,2,123.8960658,1,2
1,1,43,8,1,2640,5,2,1,8800,60,1,2,123.8960658,1,2
1,1,47,6,1,2410,5,2,2,8000,40,1,2,123.8960658,1,2
1,1,47,5,6,2410,5,2,2,6500,48,1,2,123.8960658,1,2
1,2,36,5,2,1520,5,1,1,5600,60,1,2,122.6759144,1,2
1,2,38,5,4,1520,5,1,1,8000,65,1,2,122.6759144,1,2
1,2,39,5,4,1520,5,1,1,8400,60,1,2,122.6759144,1,2
1,1,40,5,4,2391,5,1,1,7000,48,1,2,123.8960658,1,2
1,1,40,5,4,2392,5,1,1,7000,48,1,2,123.8960658,1,2
1,1,38,5,5,2391,5,1,1,5000,48,1,2,123.8960658,1,2
1,1,38,5,5,2392,5,1,1,6100,48,1,2,123.8960658,1,2
1,1,39,6,2,2930,11,1,1,7600,50,1,2,123.8960658,1,2
1,2,40,5,2,1702,5,6,2,4800,48,1,2,144.5044277,1,2
1,2,40,5,2,1702,5,6,2,5500,48,1,2,144.5044277,1,2
1,1,24,8,1,3100,5,1,2,9000,48,1,2,151.6400509,1,2
1,1,28,5,2,2930,11,1,1,6500,48,1,2,114.5631725,1,2
1,1,29,5,2,2930,11,1,1,7000,48,1,2,114.5631725,1,2
1,2,27,5,2,2610,11,1,1,6000,48,1,2,113.4349331,1,2
1,2,28,5,2,2750,11,1,1,6500,48,1,2,113.4349331,1,2
1,2,32,5,2,2817,11,2,1,7200,48,1,2,113.4349331,1,2
1,1,25,5,2,2930,11,2,1,5500,48,1,2,114.5631725,1,2
1,1,23,5,2,2710,11,2,1,6800,48,1,2,119.0363459,1,2
1,2,20,5,2,2630,11,2,1,10000,60,1,2,112.977034,1,2
1,2,27,4,2,2680,11,2,1,10000,60,1,2,113.4349331,1,2
1,2,29,4,2,2680,11,2,1,7500,48,1,2,113.4349331,1,2
1,2,35,5,2,1709,11,1,1,8000,48,1,2,113.4349331,1,2
1,2,35,5,2,2930,11,1,1,7000,48,1,2,113.4349331,1,2
1,2,18,5,2,2610,11,2,1,5500,48,1,2,112.977034,1,2
1,2,22,5,2,2610,11,4,2,5000,48,1,2,112.977034,1,2
1,2,22,7,1,2930,11,3,1,6000,48,1,2,112.977034,1,2
1,2,23,7,1,2680,11,2,1,8600,60,1,2,112.977034,1,2
1,2,28,5,1,2630,11,2,1,7500,60,1,2,113.4349331,1,2
1,2,29,5,2,2610,11,2,1,10000,60,1,2,113.4349331,1,2
1,2,25,5,1,2750,11,1,1,6800,48,1,2,113.4349331,1,2
1,2,25,5,2,2640,11,1,1,8000,48,1,2,113.4349331,1,2
1,2,22,5,1,2630,11,2,1,6000,60,1,2,112.977034,1,2
1,2,24,5,2,2817,11,1,1,7000,48,1,2,112.977034,1,2
1,2,24,5,2,2620,11,1,1,7200,48,1,2,112.977034,1,2
1,2,22,5,2,2610,11,2,1,8600,60,1,2,112.977034,1,2
1,2,21,5,2,2680,11,2,1,9000,60,1,2,112.977034,1,2
1,1,24,5,2,2930,11,2,1,6800,48,1,2,119.0363459,1,2
1,2,22,5,2,2710,11,2,1,6500,48,1,2,112.977034,1,2
1,2,20,5,2,2610,11,1,1,6800,66,1,2,112.977034,1,2
1,2,20,5,2,2610,11,1,1,6500,48,1,2,112.977034,1,2
1,2,26,5,2,2610,11,1,1,8500,48,1,2,113.4349331,1,2
1,2,19,5,2,2610,11,2,1,5800,48,1,2,112.977034,1,2
1,2,21,5,2,2680,11,2,1,8500,66,1,2,112.977034,1,2
1,2,21,5,2,2680,11,2,1,8000,60,1,2,112.977034,1,2
1,2,21,4,2,2610,11,2,1,4500,48,1,2,112.977034,1,2
1,2,21,4,2,2610,11,2,1,5100,48,1,2,112.977034,1,2
1,2,20,5,2,3250,11,2,1,7000,48,1,2,112.977034,1,2
1,2,20,5,2,2610,11,2,1,7000,48,1,2,112.977034,1,2
1,2,20,5,2,2610,11,2,1,4800,48,1,2,112.977034,1,2
1,2,21,5,2,2610,11,2,1,5300,48,1,2,112.977034,1,2
1,2,25,5,2,2610,11,1,1,6300,48,1,2,113.4349331,1,2
1,2,25,5,2,2610,11,1,1,6500,48,1,2,113.4349331,1,2
1,2,25,5,2,2610,11,1,1,7000,48,1,2,113.4349331,1,2
1,2,26,5,1,2610,11,4,2,4400,48,1,2,113.4349331,1,2
1,2,25,5,2,2610,11,2,1,5200,48,1,2,113.4349331,1,2
1,2,24,4,2,2610,11,2,1,5500,48,1,2,112.977034,1,2
1,2,24,4,2,2610,11,2,1,6000,60,1,2,112.977034,1,2
1,2,29,5,2,2610,11,1,1,7500,48,1,2,113.4349331,1,2
1,1,24,5,2,2610,11,2,1,4800,48,1,2,119.0363459,1,2
1,2,24,5,2,2930,11,1,1,6600,48,1,2,112.977034,1,2
1,2,19,5,2,2610,11,2,1,6200,48,1,2,112.977034,1,2
1,2,20,5,2,2610,11,2,1,6200,48,1,2,112.977034,1,2
1,1,28,5,6,2593,11,1,1,7000,48,1,2,114.5631725,1,2
1,1,28,5,6,2593,11,1,1,8000,48,1,2,114.5631725,1,2
1,2,24,5,2,2593,11,2,1,4800,48,1,2,112.977034,1,2
1,2,25,5,2,2593,11,2,1,5500,48,1,2,113.4349331,1,2
1,2,30,5,2,2610,11,1,1,6600,48,1,2,113.4349331,1,2
1,2,30,5,2,2610,11,1,1,6500,48,1,2,113.4349331,1,2
1,1,19,5,2,2593,11,2,1,5500,48,1,2,119.0363459,1,2
1,1,20,5,2,2593,11,2,1,5500,48,1,2,119.0363459,1,2
1,2,19,4,2,2593,11,2,1,5500,48,1,2,112.977034,1,2
1,2,20,4,2,2593,11,2,1,5500,48,1,2,112.977034,1,2
1,2,23,5,2,2930,11,1,1,5700,48,1,2,103.4107425,1,2
1,2,24,5,2,2930,11,1,1,5700,48,1,2,103.4107425,1,2
1,2,35,4,2,2930,11,1,1,7300,48,1,2,103.8298691,1,2
1,2,36,4,2,2930,11,1,1,7300,48,1,2,103.8298691,1,2
1,1,26,7,2,2391,11,1,1,5500,48,1,2,104.8625753,1,2
1,1,26,5,7,2391,11,1,1,5500,48,1,2,104.8625753,1,2
1,2,23,5,2,2610,11,1,1,4500,48,1,2,103.4107425,1,2
1,2,34,5,2,2610,11,1,1,4500,48,1,2,103.8298691,1,2
1,1,35,5,5,1103,5,1,1,6500,48,1,2,104.8625753,1,2
1,1,35,5,5,1702,5,1,1,6500,48,1,2,104.8625753,1,2
1,2,34,5,2,2610,11,1,1,7000,52,1,2,103.8298691,1,2
1,2,35,5,2,2610,11,1,1,7000,48,1,2,103.8298691,1,2
1,1,22,7,2,2610,11,1,1,5300,48,1,2,108.9569842,1,2
1,2,23,7,1,2610,11,1,1,5800,48,1,2,103.4107425,1,2
1,2,47,4,2,2599,5,2,1,4500,52,1,2,103.8298691,1,2
1,1,22,5,2,2660,11,1,1,5600,48,1,2,108.9569842,1,2
1,1,23,5,2,3250,11,1,1,5600,48,1,2,108.9569842,1,2
1,1,37,3,2,2511,5,6,2,6000,48,1,2,104.8625753,1,2
1,1,37,3,2,2511,5,7,2,6300,48,1,2,104.8625753,1,2
1,2,37,6,2,3250,11,1,1,8200,48,1,2,103.8298691,1,2
1,1,19,5,2,2610,11,1,1,5000,48,1,2,108.9569842,1,2
1,1,19,5,7,2620,11,1,1,5000,48,1,2,108.9569842,1,2
1,1,28,7,2,2599,5,1,1,6500,48,1,2,104.8625753,1,2
1,1,28,7,2,2511,5,1,1,6500,48,1,2,104.8625753,1,2
1,2,24,5,2,2930,11,1,1,6800,48,1,2,103.4107425,1,2
1,2,25,5,2,2930,11,1,1,6800,48,1,2,103.8298691,1,2
1,1,56,5,2,161,10,1,1,4000,48,1,2,105.4449511,1,2
1,2,54,4,2,1323,5,7,2,4200,48,1,2,103.8298691,1,2
1,2,54,4,2,1323,5,7,2,4500,48,1,2,103.8298691,1,2
1,1,31,6,2,161,10,1,1,2500,48,1,2,105.4449511,1,2
1,1,31,6,1,161,10,1,1,2500,48,1,2,105.4449511,1,2
1,2,27,7,2,3250,11,1,1,11000,48,1,2,103.8298691,1,2
1,2,27,7,2,3250,11,1,1,10200,48,1,2,103.8298691,1,2
1,2,28,5,2,3250,11,1,1,10500,48,1,2,103.8298691,1,2
1,2,28,5,2,3250,11,1,1,10800,48,1,2,103.8298691,1,2
1,2,42,4,2,1322,5,7,2,4200,48,1,2,103.8298691,1,2
1,2,42,4,2,1323,5,3,2,4200,48,1,2,103.8298691,1,2
1,2,41,4,2,2599,11,1,1,7000,48,1,2,103.8298691,1,2
1,2,41,4,2,2511,11,1,1,7000,48,1,2,103.8298691,1,2
1,2,31,5,2,2610,11,1,2,4500,56,1,2,149.7893336,1,2
1,2,31,5,2,2610,11,1,2,5800,48,1,2,149.7893336,1,2
1,1,18,4,2,1811,3,6,2,5000,48,1,2,157.1859253,1,2
1,2,35,4,2,2610,11,1,1,4600,48,1,2,149.7893336,1,2
1,2,36,4,2,2610,11,1,1,4600,48,1,2,149.7893336,1,2
1,1,25,7,1,2511,5,1,1,6000,48,1,2,151.2791589,1,2
1,1,26,6,2,2511,5,7,2,5500,48,1,2,151.2791589,1,2
1,1,33,4,2,1811,3,6,2,4000,56,1,2,151.2791589,1,2
1,1,33,4,2,2930,11,1,2,5500,48,1,2,151.2791589,1,2
1,2,30,7,2,1811,11,1,1,5200,48,1,2,149.7893336,1,2
1,2,30,5,2,2630,11,1,1,5800,48,1,2,149.7893336,1,2
1,2,41,6,2,2511,5,1,1,5500,48,1,2,149.7893336,1,2
1,2,27,5,2,3250,11,1,1,5300,48,1,2,149.7893336,1,2
1,2,28,4,2,3250,11,1,1,5800,48,1,2,149.7893336,1,2
1,2,25,4,2,1520,5,1,1,5200,48,1,2,149.7893336,1,2
1,2,25,5,2,1520,5,1,1,5200,40,1,2,149.7893336,1,2
1,1,39,5,2,2599,3,2,2,5200,48,1,2,151.2791589,1,2
1,1,28,5,1,2599,3,6,2,5200,48,1,2,151.2791589,1,2
1,2,31,8,1,2930,11,1,1,9200,48,1,2,149.7893336,1,2
1,2,32,8,1,2930,11,1,1,7800,48,1,2,149.7893336,1,2
1,2,20,5,2,2930,11,1,1,4800,48,1,2,149.1846839,1,2
1,2,20,5,2,2930,11,1,1,5200,48,1,2,149.1846839,1,2
1,1,19,4,2,1812,3,6,2,5300,40,1,2,157.1859253,1,2
1,2,39,7,1,3020,10,1,1,5000,48,1,1,173.4825718,1,2
1,2,39,7,1,3020,10,1,1,5000,48,1,1,173.4825718,1,2
1,1,38,5,5,2610,11,1,1,8000,48,1,1,175.1028888,1,2
1,1,38,5,5,2610,11,1,1,8000,48,1,1,175.1028888,1,2
1,2,33,8,1,2599,11,1,1,7000,45,1,1,173.4825718,1,2
1,1,57,5,5,2220,5,1,1,10000,50,1,1,175.1028888,1,2
1,1,57,5,5,2220,5,1,1,10000,50,1,1,175.1028888,1,2
1,2,26,8,1,2732,5,1,1,6000,48,1,1,173.4825718,1,2
1,2,26,8,1,2733,5,1,1,6000,48,1,1,173.4825718,1,2
1,2,25,8,1,2610,11,1,1,15000,48,1,1,173.4825718,1,2
1,2,26,8,1,2610,11,1,1,15000,48,1,1,173.4825718,1,2
1,1,41,5,2,2391,5,2,1,6000,48,1,1,175.1028888,1,2
1,1,41,5,2,2392,5,2,1,6000,48,1,1,175.1028888,1,2
1,2,39,5,3,1410,3,4,2,7000,50,1,1,173.4825718,1,2
1,2,39,5,3,1410,3,4,2,7000,50,1,1,173.4825718,1,2
1,2,36,8,1,323,8,1,1,5000,40,1,1,173.4825718,1,2
1,2,37,8,1,323,9,1,1,5000,40,1,1,173.4825718,1,2
1,1,45,7,5,2710,5,1,1,6000,48,1,2,133.7999833,1,2
1,1,45,7,5,2710,5,1,1,6000,48,1,2,133.7999833,1,2
1,2,23,4,3,1329,5,2,2,6000,50,1,2,131.9475093,1,2
1,1,36,5,5,1410,5,1,1,7000,48,1,2,133.7999833,1,2
1,1,36,5,5,1410,5,1,1,7000,48,1,2,133.7999833,1,2
1,2,23,6,1,2610,11,2,1,8000,48,1,2,131.9475093,1,2
1,1,29,5,7,2220,5,2,1,6000,50,1,2,140.4048886,1,2
1,1,29,5,7,2011,5,2,1,6000,50,1,2,140.4048886,1,2
1,1,28,5,6,2511,3,7,2,8000,48,1,2,140.4048886,1,2
1,2,36,4,2,2610,5,3,1,9000,48,1,2,139.0221552,1,2
1,2,36,4,2,2610,11,2,1,4000,48,1,2,139.0221552,1,2
1,1,33,8,1,2610,11,1,1,8000,48,1,2,140.4048886,1,2
1,1,33,8,1,2610,11,2,1,8000,48,1,2,140.4048886,1,2
1,2,30,5,3,1323,5,1,1,6000,48,1,2,139.0221552,1,2
1,2,29,5,3,2610,11,2,1,5000,48,1,2,139.0221552,1,2
1,1,30,3,2,1410,5,1,1,8000,48,1,2,140.4048886,1,2
1,1,30,3,2,1410,5,2,1,4500,48,1,2,140.4048886,1,2
1,1,30,4,5,1410,10,1,1,6000,48,1,2,140.4048886,1,2
1,1,30,4,5,1410,10,2,1,5000,48,1,2,140.4048886,1,2
1,2,25,5,2,1410,5,1,1,8000,48,1,2,139.0221552,1,2
1,2,25,5,2,1410,5,2,1,4500,48,1,2,139.0221552,1,2
1,2,26,5,3,1410,10,1,1,5000,48,1,2,139.0221552,1,2
1,2,30,5,2,2212,5,1,1,12000,48,1,2,139.0221552,1,2
1,1,36,4,2,1621,3,6,2,5500,48,1,2,140.4048886,1,2
1,2,33,5,3,1410,3,6,2,4000,48,1,2,139.0221552,1,2
1,2,34,4,3,2610,5,2,1,5000,40,1,2,139.0221552,1,2
1,2,27,7,1,1621,3,1,1,10000,48,1,2,139.0221552,1,2
1,2,27,7,1,1621,5,2,1,5500,48,1,2,139.0221552,1,2
1,2,27,7,1,1621,5,1,1,7000,48,1,2,139.0221552,1,2
1,2,28,7,1,1621,5,2,1,7000,48,1,2,139.0221552,1,2
1,1,40,4,6,1410,5,1,1,6000,54,1,2,33.14536774,1,2
1,1,40,4,6,1410,5,1,1,5800,54,1,2,33.14536774,1,2
1,1,34,8,1,2731,5,1,1,12000,40,1,2,33.14536774,1,2
1,1,34,8,1,2733,5,1,1,12000,40,1,2,33.14536774,1,2
1,1,31,5,7,2220,5,3,2,6900,56,1,2,33.14536774,1,2
1,1,31,5,7,2220,5,1,1,7200,48,1,2,33.14536774,1,2
1,1,39,5,7,1410,11,1,1,22500,48,1,2,33.14536774,1,2
1,1,39,5,7,1410,11,1,1,23000,48,1,2,33.14536774,1,2
1,2,32,5,7,1410,5,1,1,7500,54,1,2,32.818946,1,2
1,2,32,5,7,1410,5,1,1,8000,48,1,2,32.818946,1,2
1,2,38,4,2,1410,5,3,1,6400,60,1,2,32.818946,1,2
1,1,22,4,3,1410,3,6,2,6700,56,1,2,34.43954432,1,2
1,1,25,4,3,1410,3,6,2,5000,56,1,2,33.14536774,1,2
1,1,27,5,3,1410,5,2,2,6500,54,1,2,33.14536774,1,2
1,1,27,5,3,2393,11,3,1,5500,56,1,2,33.14536774,1,2
1,2,24,5,7,1410,5,2,2,5000,54,1,2,32.68646683,1,2
1,1,25,5,7,1410,3,6,2,6200,60,1,2,33.14536774,1,2
1,2,25,5,7,1410,5,3,1,6100,56,1,2,32.818946,1,2
1,2,26,5,7,1410,3,6,2,6500,62,1,2,32.818946,1,2
1,2,23,5,3,1410,11,2,1,6200,60,1,2,32.68646683,1,2
1,1,29,4,6,1410,5,1,1,6200,56,1,2,33.14536774,1,2
1,1,27,4,6,1410,5,3,2,7000,60,1,2,33.14536774,1,2
1,2,31,8,1,1410,5,1,1,7200,48,1,2,32.818946,1,2
1,2,28,5,6,1410,5,1,1,7000,48,1,2,32.818946,1,2
1,1,29,5,5,1410,5,1,1,7500,48,1,2,33.14536774,1,2
1,2,49,4,3,1410,3,6,2,3500,48,1,2,32.818946,1,2
1,2,22,5,7,1410,3,6,2,4500,48,1,2,32.68646683,1,2
1,1,40,8,5,1410,5,1,1,20000,48,1,2,108.2205748,1,2
1,1,41,8,5,1410,5,1,1,18000,52,1,2,108.2205748,1,2
1,1,33,5,5,2021,5,3,2,9000,48,1,2,108.2205748,1,2
1,1,34,5,5,2021,5,3,2,9000,48,1,2,108.2205748,1,2
1,1,43,5,6,1323,11,1,1,7000,56,1,2,108.2205748,1,2
1,1,43,5,6,1323,11,1,1,7200,60,1,2,108.2205748,1,2
1,2,39,5,6,1410,5,1,1,6000,48,1,2,107.1547984,1,2
1,2,39,5,6,1410,11,1,1,6200,48,1,2,107.1547984,1,2
1,2,19,4,3,1410,5,3,2,4200,56,1,2,106.7222502,1,2
1,2,32,7,2,2930,11,1,1,5000,48,1,2,107.1547984,1,2
1,1,22,5,5,1323,3,6,2,6300,48,1,2,112.4460983,1,2
1,2,22,5,3,3211,11,1,1,4600,48,1,2,106.7222502,1,2
1,1,44,4,3,3290,5,3,1,5500,48,1,2,108.2205748,1,2
1,2,58,5,3,1410,11,3,2,7000,60,1,2,92.09901622,1,2
1,1,27,8,1,2420,5,3,2,10000,48,1,2,108.2205748,1,2
1,1,28,8,1,3211,5,1,1,10500,48,1,2,108.2205748,1,2
1,2,28,8,1,2511,5,1,1,5500,48,1,2,107.1547984,1,2
1,2,28,8,1,2420,5,1,1,6000,48,1,2,107.1547984,1,2
1,1,31,5,3,3211,5,1,1,5000,48,1,2,108.2205748,1,2
1,2,26,5,3,1323,11,1,1,7000,56,1,2,107.1547984,1,2
1,1,26,5,3,1410,5,1,1,4500,48,1,2,108.2205748,1,2
1,2,23,5,3,1323,11,1,1,6000,48,1,2,106.7222502,1,2
1,1,48,5,3,1410,5,1,1,16000,60,1,1,211.8866554,1,2
1,1,49,5,2,1410,5,1,1,7000,54,1,1,211.8866554,1,2
1,1,39,8,1,3320,10,1,1,18000,48,1,1,211.8866554,1,2
1,1,40,8,1,2824,10,1,1,25000,48,1,1,211.8866554,1,2
1,2,39,5,2,1080,5,1,1,8000,48,1,1,209.9259593,1,2
1,2,40,5,2,1080,5,1,1,5500,48,1,1,209.9259593,1,2
1,1,35,5,3,2392,5,1,1,8000,48,1,2,117.8794663,1,2
1,1,20,5,2,2220,5,2,1,4500,56,1,2,122.4821259,1,2
1,1,20,5,2,2220,5,3,1,4800,48,1,2,122.4821259,1,2
1,1,43,5,6,2393,11,1,1,12000,48,1,2,117.8794663,1,2
1,1,43,5,6,2392,11,1,1,16000,48,1,2,117.8794663,1,2
1,1,42,4,3,1323,11,1,1,6000,48,1,2,117.8794663,1,2
1,1,42,4,2,1323,11,1,1,6000,48,1,2,117.8794663,1,2
1,1,34,5,2,2930,11,1,1,7000,48,1,2,117.8794663,1,2
1,1,34,5,2,2930,11,1,1,8000,48,1,2,117.8794663,1,2
1,1,43,5,3,1323,11,1,1,5000,48,1,2,117.8794663,1,2
1,2,36,7,2,2610,11,1,1,5500,48,1,2,116.7185674,1,2
1,2,37,7,2,2610,11,1,1,5500,48,1,2,116.7185674,1,2
1,1,29,5,3,2220,5,1,1,5000,56,1,2,117.8794663,1,2
1,1,29,5,2,2220,11,3,1,4000,48,1,2,117.8794663,1,2
1,2,30,5,2,2511,5,2,1,4500,48,1,2,116.7185674,1,2
1,2,39,5,2,2220,5,1,1,6000,56,1,2,116.7185674,1,2
1,2,39,5,2,2220,5,1,1,6500,48,1,2,116.7185674,1,2
1,1,44,4,3,2220,5,1,1,6000,56,1,2,117.8794663,1,2
1,1,44,4,2,2220,5,1,1,6800,48,1,2,117.8794663,1,2
1,1,27,5,6,2910,11,2,1,8000,40,1,2,117.8794663,1,2
1,1,27,5,6,2910,11,1,1,8000,40,1,2,117.8794663,1,2
1,1,22,8,3,2220,5,3,2,5600,56,1,2,122.4821259,1,2
1,2,28,5,6,2910,11,2,1,8000,40,1,2,116.7185674,1,2
1,2,28,5,6,2910,11,1,1,8000,40,1,2,116.7185674,1,2
1,1,21,5,3,1323,11,2,1,6000,60,1,2,122.4821259,1,2
1,1,21,5,3,1323,11,1,1,6000,60,1,2,122.4821259,1,2
1,1,28,5,6,2930,11,1,1,10800,48,1,2,117.8794663,1,2
1,1,31,5,6,2930,11,1,1,8000,48,1,2,117.8794663,1,2
1,1,46,4,2,2393,11,1,1,17500,60,1,2,117.8794663,1,2
1,1,46,4,2,2392,11,1,1,15000,48,1,2,117.8794663,1,2
1,2,29,5,2,2930,11,1,1,9000,48,1,2,116.7185674,1,2
1,2,30,5,2,2930,11,1,1,7000,48,1,2,116.7185674,1,2
1,1,35,5,2,2393,11,1,1,10500,48,1,2,117.8794663,1,2
1,2,32,8,1,1811,5,1,1,7000,48,1,2,116.7185674,1,2
1,2,33,8,1,1811,5,1,1,6000,48,1,2,116.7185674,1,2
1,1,29,8,1,2610,11,2,1,18500,40,1,2,117.8794663,1,2
1,1,29,8,3,2610,11,1,1,18000,40,1,2,117.8794663,1,2
1,1,51,4,5,1323,11,1,1,8000,48,1,2,117.8794663,1,2
1,1,51,4,5,1323,11,1,1,8000,48,1,2,117.8794663,1,2
1,2,27,5,2,2930,11,1,1,8000,48,1,2,139.0651429,1,2
1,1,51,4,2,2511,3,6,2,4500,48,1,2,140.4483039,1,2
1,1,51,4,2,2511,3,2,2,4000,48,1,2,140.4483039,1,2
1,1,27,5,6,2220,10,1,1,5500,48,1,2,140.4483039,1,2
1,2,54,5,2,1512,5,3,2,5500,56,1,2,139.0651429,1,2
1,2,54,5,2,1512,5,2,2,5500,56,1,2,139.0651429,1,2
1,1,38,4,2,2511,3,6,2,5500,48,1,2,140.4483039,1,2
1,2,24,5,2,2220,10,1,1,6000,60,1,2,138.5037831,1,2
1,2,25,5,2,2220,10,1,1,6000,54,1,2,139.0651429,1,2
1,1,26,7,2,2220,10,1,1,6000,60,1,2,140.4483039,1,2
1,1,26,7,2,2220,10,1,1,6000,54,1,2,140.4483039,1,2
1,2,39,8,1,1075,10,1,1,7000,40,1,2,139.0651429,1,2
1,2,39,8,1,1073,10,1,1,7000,40,1,2,139.0651429,1,2
1,2,46,4,2,2393,3,6,2,5000,56,1,2,139.0651429,1,2
1,2,47,4,2,2393,3,6,2,5000,56,1,2,139.0651429,1,2
1,1,22,3,2,1512,3,6,2,4500,56,1,2,145.9321744,1,2
1,2,25,4,2,2733,5,2,1,5500,48,1,2,139.0651429,1,2
1,1,44,4,2,1512,5,1,1,5000,48,1,2,140.4483039,1,2
1,1,44,4,2,1512,5,1,1,5500,48,1,2,140.4483039,1,2
1,2,39,5,2,1512,5,1,1,9000,54,1,2,139.0651429,1,2
1,2,39,5,2,1512,5,1,1,8000,54,1,2,139.0651429,1,2
1,2,32,4,2,2220,10,1,1,5000,60,1,2,139.0651429,1,2
1,2,54,4,2,1512,3,6,2,4500,48,1,2,139.0651429,1,2
1,2,54,4,3,1512,3,6,2,4200,48,1,2,139.0651429,1,2
1,1,49,5,3,2420,3,6,2,4500,48,1,2,140.4483039,1,2
1,2,44,4,3,2420,3,6,2,4500,48,1,2,139.0651429,1,2
1,1,31,5,2,2420,3,6,2,6000,48,1,2,140.4483039,1,2
1,1,32,5,3,2420,3,6,2,7500,48,1,2,140.4483039,1,2
1,2,31,5,2,2420,3,6,2,6000,48,1,2,139.0651429,1,2
1,2,31,5,3,2420,3,6,2,6500,48,1,2,139.0651429,1,2
1,2,43,5,2,1512,3,6,2,5000,48,1,2,139.0651429,1,2
1,1,44,5,3,1512,3,6,2,5500,48,1,2,140.4483039,1,2
1,1,43,4,5,1512,5,2,2,7000,48,1,2,140.4483039,1,2
1,2,43,4,5,1512,5,2,1,7500,48,1,2,139.0651429,1,2
1,1,31,5,2,2420,3,6,2,5000,48,1,2,140.4483039,1,2
1,1,31,5,3,2420,3,6,2,7000,48,1,2,140.4483039,1,2
1,1,39,4,3,2511,3,6,2,6000,48,1,2,140.4483039,1,2
1,1,27,5,2,2930,5,2,1,8500,48,1,2,140.4483039,1,2
1,1,28,5,2,2930,5,1,1,9500,48,1,2,140.4483039,1,2
1,2,27,5,2,2930,5,2,1,7500,48,1,2,139.0651429,1,2
1,1,27,5,2,1512,5,5,2,5500,48,1,2,140.4483039,1,2
1,1,27,5,3,1512,5,1,2,6000,48,1,2,140.4483039,1,2
1,2,55,4,2,1512,5,5,2,7000,48,1,2,119.5257985,1,2
1,1,23,5,5,2599,5,1,2,5000,56,1,1,154.8710625,1,2
1,1,23,5,5,2599,5,1,2,5000,56,1,1,154.8710625,1,2
1,1,34,8,5,2599,5,1,1,9000,48,1,1,152.65859,1,2
1,1,34,8,5,2599,5,1,1,9000,48,1,1,152.65859,1,2
1,1,29,8,1,2100,5,1,1,17000,40,1,1,152.65859,1,2
1,1,29,8,1,2100,5,1,1,17000,40,1,1,152.65859,1,2
1,1,23,8,1,1702,5,1,1,6000,48,1,1,191.3972565,1,2
1,1,24,8,1,1702,5,1,1,6000,48,1,1,191.3972565,1,2
1,2,43,5,2,1520,10,1,1,6000,48,1,1,186.917179,1,2
1,2,43,5,2,1520,10,1,1,6000,48,1,1,186.917179,1,2
1,2,37,4,2,1410,5,1,2,7000,56,1,1,186.917179,1,2
1,2,37,4,2,1410,5,1,2,7000,56,1,1,186.917179,1,2
1,1,52,8,1,2821,10,1,1,10000,48,1,1,188.6629744,1,2
1,1,52,8,1,2821,10,1,1,10000,48,1,1,188.6629744,1,2
1,1,31,8,1,1079,5,1,1,7000,42,1,1,188.6629744,1,2
1,1,31,8,1,1079,5,1,1,7000,42,1,1,188.6629744,1,2
1,2,31,6,1,1079,11,1,1,6000,42,1,1,186.917179,1,2
1,2,31,6,1,1079,5,1,1,6000,42,1,1,186.917179,1,2
1,1,30,8,1,2640,11,2,1,20000,52,1,1,187.9630129,1,2
1,1,30,8,1,2750,11,2,1,20000,52,1,1,187.9630129,1,2
1,1,28,7,3,2599,5,2,1,6000,48,1,1,187.9630129,1,2
1,1,28,7,3,2599,5,2,1,6000,48,1,1,187.9630129,1,2
1,2,39,4,2,1520,3,6,2,4000,56,1,1,183.5133497,1,2
1,2,39,4,2,3290,3,6,2,4000,56,1,1,183.5133497,1,2
1,2,35,4,5,2592,5,3,2,5300,56,1,1,183.5133497,1,2
1,2,35,4,5,2420,5,3,2,5000,56,1,1,183.5133497,1,2
1,2,27,7,1,2013,5,3,2,6600,56,1,1,183.5133497,1,2
1,1,40,8,1,1520,5,1,1,8500,48,1,1,185.2273535,1,2
1,1,40,8,1,3290,5,1,1,8500,48,1,1,185.2273535,1,2
1,2,39,8,1,1520,5,1,1,11000,48,1,1,183.5133497,1,2
1,2,40,8,1,3290,5,1,1,11000,48,1,1,183.5133497,1,2
1,2,34,3,2,3290,5,2,1,5000,48,1,1,183.5133497,1,2
1,2,27,3,2,1520,3,6,2,4000,48,1,1,183.5133497,1,2
1,2,27,3,2,1520,3,6,2,4000,40,1,1,183.5133497,1,2
1,2,37,5,2,2610,11,2,1,6000,48,1,1,183.5133497,1,2
1,2,37,5,2,2610,11,2,1,6000,48,1,1,183.5133497,1,2
1,1,41,4,6,2592,3,7,2,6000,48,1,1,192.2911085,1,2
1,1,41,4,6,2592,3,7,2,6000,48,1,1,192.2911085,1,2
1,2,29,4,2,1410,3,7,2,5000,56,1,1,190.5117401,1,2
1,2,29,4,2,1410,3,7,2,5000,56,1,1,190.5117401,1,2
1,1,33,5,2,2599,5,2,1,8000,48,1,1,193.377499,1,2
1,2,31,5,2,1410,3,5,2,7000,52,1,2,133.3536411,1,2
1,1,57,4,2,161,4,2,1,3500,46,1,2,141.1575469,1,2
1,1,57,4,2,161,4,2,1,3500,46,1,2,141.1575469,1,2
1,2,29,5,2,1321,5,2,1,6000,48,1,2,138.9954612,1,2
1,2,29,5,2,1430,5,2,1,6000,48,1,2,138.9954612,1,2
1,1,33,4,5,2610,5,1,1,7500,50,1,2,140.3779292,1,2
1,2,38,7,1,1410,5,1,1,7500,48,1,2,97.11668708,1,2
1,2,38,7,1,1410,5,1,1,7500,40,1,2,97.11668708,1,2
1,2,34,4,2,3290,5,1,1,6000,48,1,2,97.11668708,1,2
1,2,34,4,2,3290,5,1,1,6000,40,1,2,97.11668708,1,2
1,1,37,5,4,1410,5,1,1,13000,48,1,2,98.08262297,1,2
1,1,38,7,4,1410,5,1,1,14000,48,1,2,98.08262297,1,2
1,2,35,7,4,1410,5,1,1,10000,48,1,2,97.11668708,1,2
1,2,36,6,4,1410,5,1,1,11000,48,1,2,97.11668708,1,2
1,2,27,4,2,1311,5,1,1,15500,48,1,2,97.11668708,1,2
1,2,28,4,2,1311,5,1,1,8500,48,1,2,97.11668708,1,2
1,2,58,3,2,1311,3,6,2,5200,48,1,2,83.47130944,1,2
1,2,59,3,2,1311,3,6,2,5200,48,1,2,83.47130944,1,2
1,2,61,5,2,1311,3,6,2,5300,48,1,2,83.47130944,1,2
1,2,62,5,2,1311,3,6,2,4500,48,1,2,83.47130944,1,2
1,1,36,5,6,1311,5,1,1,14000,48,1,2,98.08262297,1,2
1,1,37,5,6,1311,5,1,1,8000,48,1,2,98.08262297,1,2
1,2,36,8,1,1311,5,1,1,12000,48,1,2,97.11668708,1,2
1,2,36,8,1,1311,5,1,1,7500,48,1,2,97.11668708,1,2
1,1,53,8,1,1410,5,1,1,10000,48,1,2,98.08262297,1,2
1,1,54,8,1,1410,5,1,1,11000,48,1,2,98.08262297,1,2
1,2,42,8,1,2022,5,1,1,9000,40,1,2,124.4041075,1,2
1,2,37,8,2,2022,5,1,1,10000,48,1,2,124.4041075,1,2
1,1,43,5,2,2393,5,1,2,8000,48,1,2,125.6414478,1,2
1,1,43,5,2,2393,5,1,2,8000,48,1,2,125.6414478,1,2
1,1,48,7,1,1520,10,1,1,8500,48,1,2,125.6414478,1,2
1,1,49,7,1,1520,10,1,1,8500,48,1,2,125.6414478,1,2
1,1,46,9,1,2012,10,1,1,11000,40,1,2,125.6414478,1,2
1,1,47,9,1,2012,10,1,1,11000,40,1,2,125.6414478,1,2
1,2,41,8,1,2022,10,1,1,9000,40,1,2,124.4041075,1,2
1,1,33,5,6,2599,5,1,1,7500,48,1,2,125.6414478,1,2
1,1,33,5,6,2599,5,1,1,7000,48,1,2,125.6414478,1,2
1,1,44,6,2,1103,11,1,1,12000,48,1,2,125.6414478,1,2
1,1,44,6,2,1103,11,1,1,9000,48,1,2,125.6414478,1,2
1,2,37,8,2,2022,10,1,1,8000,48,1,2,124.4041075,1,2
1,1,41,4,6,2599,5,1,1,6000,48,1,2,117.7526277,1,2
1,1,41,4,2,2599,5,1,1,6000,48,1,2,117.7526277,1,2
1,1,30,4,2,2790,5,3,2,7000,48,1,2,117.7526277,1,2
1,1,30,4,1,2790,5,2,2,7000,48,1,2,117.7526277,1,2
1,1,21,5,2,2592,3,6,2,5500,48,1,2,122.3503348,1,2
1,1,22,5,2,2592,3,6,2,5500,48,1,2,122.3503348,1,2
1,1,45,8,1,2790,5,1,1,10700,48,1,2,131.6186921,1,2
1,1,46,8,1,2733,5,1,1,10700,48,1,2,131.6186921,1,2
1,1,25,3,2,3100,3,6,2,6200,48,1,2,131.6186921,1,2
1,1,25,3,2,3100,3,6,2,5800,48,1,2,131.6186921,1,2
1,1,27,5,3,2599,3,1,1,4900,48,1,2,131.6186921,1,2
1,1,28,5,3,2599,3,6,2,5100,48,1,2,131.6186921,1,2
1,1,42,4,5,1050,5,1,1,15000,48,1,2,131.6186921,1,2
1,1,42,4,5,1050,5,1,1,6000,48,1,2,131.6186921,1,2
1,2,47,3,2,1410,5,1,1,5500,48,1,1,168.907316,1,2
1,2,48,3,2,1410,5,1,1,5000,48,1,1,168.907316,1,2
1,2,34,4,2,2790,5,1,1,5900,48,1,1,168.907316,1,2
1,2,34,4,2,2790,5,1,1,5900,48,1,1,168.907316,1,2
1,2,30,5,2,2023,5,1,1,5600,48,1,1,168.907316,1,2
1,2,31,5,2,2023,5,1,1,5600,48,1,1,168.907316,1,2
1,2,44,5,2,1410,3,7,2,2500,48,1,1,168.907316,1,2
1,2,44,5,2,3290,3,7,2,4000,48,1,1,168.907316,1,2
1,2,36,3,2,1323,5,1,1,5200,48,1,1,168.907316,1,2
1,2,37,3,2,1323,5,1,1,5200,48,1,1,168.907316,1,2
1,2,22,6,1,1323,5,1,1,5200,48,1,1,186.6230452,1,2
1,2,22,6,1,1323,5,1,1,5200,48,1,1,186.6230452,1,2
1,1,30,5,3,2750,5,1,1,5500,48,1,1,170.4849004,1,2
1,1,31,5,3,2750,5,1,1,5500,48,1,1,170.4849004,1,2
1,2,19,5,2,1410,5,2,1,3000,48,1,1,186.6230452,1,2
1,2,19,5,2,1410,5,2,1,3000,48,1,1,186.6230452,1,2
1,1,37,5,5,2750,5,1,1,5500,48,1,1,170.4849004,1,2
1,1,37,5,3,2750,5,1,1,5500,48,1,1,170.4849004,1,2
1,1,52,3,4,161,4,1,1,2900,40,1,1,182.3791957,1,2
1,1,52,3,4,161,4,1,1,3100,40,1,1,182.3791957,1,2
1,2,27,4,2,1410,5,2,1,4500,48,1,1,180.6915473,1,2
1,2,28,4,2,1410,5,2,1,4500,48,1,1,180.6915473,1,2
1,2,54,3,2,2710,5,1,1,4500,40,1,1,180.6915473,1,2
1,2,54,3,2,2710,5,1,1,4500,40,1,1,180.6915473,1,2
1,2,25,7,1,2710,5,1,1,6700,48,1,1,180.6915473,1,2
1,2,26,7,1,2710,5,1,1,6800,48,1,1,180.6915473,1,2
1,1,27,5,3,2710,5,1,1,5400,48,1,1,182.3791957,1,2
1,1,27,5,3,2710,5,1,1,5900,48,1,1,182.3791957,1,2
1,2,39,5,2,1410,5,2,1,5000,48,1,1,180.6915473,1,2
1,2,39,5,2,1410,5,2,1,5000,48,1,1,180.6915473,1,2
1,1,53,5,1,2511,3,6,2,5600,40,1,1,182.3791957,1,2
1,1,27,5,1,2511,9,1,1,5800,40,1,1,182.3791957,1,2
1,2,19,5,2,1702,5,1,1,5200,48,1,1,199.6432577,1,2
1,2,20,5,2,1702,5,1,1,5200,48,1,1,199.6432577,1,2
1,1,23,5,2,2220,5,2,1,5000,48,1,1,185.0224074,1,2
1,1,49,3,2,2511,3,6,2,5300,40,1,1,182.3791957,1,2
1,1,49,3,2,2592,3,6,2,5300,40,1,1,182.3791957,1,2
1,1,24,5,3,1621,5,1,1,5600,48,1,1,185.0224074,1,2
1,1,25,5,3,1621,5,1,1,5600,48,1,1,182.3791957,1,2
1,1,43,3,2,1323,5,2,1,5000,48,1,1,182.3791957,1,2
1,1,44,3,2,1323,5,2,1,5000,48,1,1,182.3791957,1,2
1,2,37,3,2,1323,5,2,1,5000,48,1,1,180.6915473,1,2
1,2,38,3,2,1323,5,2,1,5000,48,1,1,180.6915473,1,2
1,1,23,4,5,2511,5,1,1,5000,48,1,1,185.0224074,1,2
1,1,24,4,5,2511,5,1,1,5000,48,1,1,185.0224074,1,2
1,1,42,4,2,1323,5,1,1,5500,48,1,1,182.3791957,1,2
1,1,42,4,2,1323,5,1,1,5500,48,1,1,182.3791957,1,2
1,1,23,5,3,2220,5,1,1,5500,48,1,1,185.0224074,1,2
1,1,24,5,3,2220,5,1,1,5500,48,1,1,185.0224074,1,2
1,2,25,8,1,2220,5,1,1,6200,48,1,1,180.6915473,1,2
1,2,25,8,1,2220,5,1,1,6200,48,1,1,180.6915473,1,2
1,1,30,4,3,1410,5,1,2,5100,48,1,1,182.3791957,1,2
1,1,30,4,5,1410,5,1,2,5300,48,1,1,182.3791957,1,2
1,2,21,5,3,1410,5,1,2,5400,48,1,1,199.6432577,1,2
1,2,21,5,5,1410,5,1,2,5500,48,1,1,199.6432577,1,2
1,1,27,5,2,1702,5,2,1,5500,48,1,1,182.3791957,1,2
1,1,27,5,2,1702,5,2,1,5000,48,1,1,182.3791957,1,2
1,2,49,5,4,1410,5,1,1,5900,48,1,1,180.6915473,1,2
1,2,50,8,4,1410,5,1,1,5900,48,1,1,180.6915473,1,2
1,1,25,5,4,1050,5,1,1,8000,50,1,1,63.4985872,1,2
1,2,43,5,2,1410,3,6,2,5000,48,1,1,62.91100214,1,2
1,2,44,5,3,1410,3,6,2,4000,48,1,1,62.91100214,1,2
1,2,48,8,1,2520,9,1,1,11000,40,1,1,62.91100214,1,2
1,1,50,6,3,2520,9,1,1,10000,44,1,1,63.4985872,1,2
1,2,38,8,1,2394,5,2,1,10000,44,1,1,62.91100214,1,2
1,1,39,8,1,2740,10,1,1,6000,40,1,1,63.4985872,1,2
1,1,44,6,3,2012,5,1,1,5000,48,1,1,63.4985872,1,2
1,1,44,5,3,2012,5,1,1,5000,48,1,1,63.4985872,1,2
1,2,45,5,3,2012,5,1,1,5000,48,1,1,62.91100214,1,2
1,2,45,5,3,2012,5,1,1,5000,48,1,1,62.91100214,1,2
1,2,28,8,3,1050,11,2,1,5000,48,1,1,62.91100214,1,2
1,2,28,8,1,2819,11,2,1,15000,48,1,1,178.1115677,1,2
1,2,28,8,1,2620,11,2,1,15000,48,1,1,178.1115677,1,2
1,1,45,4,2,3211,5,2,1,8000,48,1,1,179.7751192,1,2
1,2,36,4,2,1709,5,2,1,6000,48,1,1,178.1115677,1,2
1,1,18,3,2,1709,5,2,1,4000,48,1,1,182.3805902,1,2
1,2,23,4,4,1702,5,1,1,5000,48,1,1,196.7926786,1,2
1,2,24,4,3,1702,5,2,2,5000,48,1,1,196.7926786,1,2
1,2,43,5,2,2395,3,6,2,4500,50,1,1,178.1115677,1,2
1,2,43,4,3,2395,3,6,2,4500,50,1,1,178.1115677,1,2
1,2,42,4,5,1410,3,6,2,4000,50,1,1,178.1115677,1,2
1,2,42,4,2,1410,3,6,2,4000,50,1,1,178.1115677,1,2
1,2,42,5,2,1410,3,6,2,4500,60,1,1,131.387407,1,2
1,2,42,5,1,1410,3,6,2,4500,60,1,1,131.387407,1,2
1,2,39,5,3,1410,3,6,2,4500,50,1,1,131.387407,1,2
1,2,40,4,3,1410,5,1,2,5000,60,1,1,131.387407,1,2
1,2,27,4,2,1071,5,1,1,10000,56,1,1,190.4937009,1,2
1,2,28,4,2,1071,5,1,1,5000,56,1,1,190.4937009,1,2
1,1,26,5,2,1071,5,2,2,3000,56,1,1,192.2729009,1,2
1,2,52,6,2,1410,3,6,2,4000,56,1,1,190.4937009,1,2
1,2,52,6,2,1410,3,6,2,3000,56,1,1,190.4937009,1,2
1,1,22,5,2,2813,5,4,2,2000,40,1,1,195.0595015,1,2
1,1,26,5,5,1920,5,2,1,12000,49,1,1,192.2729009,1,2
1,1,23,5,5,1920,5,6,2,12000,56,1,1,195.0595015,1,2
1,2,42,5,2,1811,5,3,1,4500,84,1,1,190.4937009,1,2
1,2,42,5,2,1811,5,3,1,3500,72,1,1,190.4937009,1,2
1,1,50,6,5,1075,5,1,1,18000,21,1,1,192.2729009,1,2
1,1,50,6,5,1010,5,1,1,12000,21,1,1,192.2729009,1,2
1,1,34,6,2,1811,5,1,1,10000,40,1,1,192.2729009,1,2
1,1,34,6,2,1811,5,1,1,10000,40,1,1,192.2729009,1,2
1,1,37,4,2,2599,5,6,2,5000,56,1,1,192.2729009,1,2
1,1,38,4,2,2599,5,6,2,5000,56,1,1,192.2729009,1,2
1,1,30,8,2,2599,5,7,2,6000,48,1,1,192.2729009,1,2
1,1,26,4,2,2599,5,7,2,5800,52,1,1,192.2729009,1,2
1,1,21,5,6,2599,5,7,2,6000,48,1,1,195.0595015,1,2
1,1,55,4,2,2599,5,3,2,4000,48,1,1,192.2729009,1,2
1,2,27,8,1,1811,5,2,1,7000,48,1,1,190.4937009,1,2
1,2,27,8,1,1811,5,2,1,7000,40,1,1,190.4937009,1,2
1,1,22,5,2,2431,5,7,2,5000,48,1,1,195.0595015,1,2
1,1,22,5,2,2431,5,7,2,5000,48,1,1,195.0595015,1,2
1,2,38,5,3,3290,5,2,1,6500,48,1,1,190.5117401,1,2
1,2,39,5,3,1520,5,2,1,6500,50,1,1,190.5117401,1,2
1,2,35,6,1,2100,10,1,1,9000,48,1,1,190.5117401,1,2
1,2,36,6,1,2100,5,2,1,9000,48,1,1,190.5117401,1,2
1,2,32,8,1,1410,5,2,1,7000,48,1,1,190.5117401,1,2
1,2,32,8,1,1410,5,2,1,7000,48,1,1,190.5117401,1,2
1,2,44,5,3,1811,10,1,1,6000,48,1,1,190.5117401,1,2
1,2,45,5,3,1811,10,1,1,6500,48,1,1,190.5117401,1,2
1,1,36,5,3,3290,3,1,2,6000,56,1,1,192.2911085,1,2
1,1,17,4,3,2013,3,6,2,5000,60,1,1,195.077973,1,2
1,1,18,4,3,3290,3,6,2,5000,56,1,1,195.077973,1,2
1,2,25,5,7,1811,5,2,1,7000,48,1,1,190.5117401,1,2
1,2,26,5,7,1811,5,2,1,8000,48,1,1,190.5117401,1,2
1,1,42,9,1,2220,5,2,1,12000,48,1,1,192.2911085,1,2
1,2,53,4,3,2599,5,7,2,5000,48,1,1,102.7981237,1,2
1,2,53,4,3,2420,5,7,2,5000,48,1,1,102.7981237,1,2
1,2,21,8,1,2599,5,2,1,7000,48,1,1,113.5800352,1,2
1,1,27,8,2,2592,3,6,2,7000,48,1,1,103.7582521,1,2
1,1,28,8,3,2599,3,6,2,5000,48,1,1,103.7582521,1,2
1,1,31,8,1,2610,11,1,1,15000,48,1,1,103.7582521,1,2
1,1,48,5,6,2599,5,6,1,8000,56,1,1,157.3265708,1,2
1,1,48,5,6,2599,5,2,1,8000,56,1,1,157.3265708,1,2
1,2,45,5,2,2599,5,6,1,5000,56,1,1,155.8707472,1,2
1,2,46,5,2,2599,5,2,1,5000,56,1,1,155.8707472,1,2
1,1,45,8,6,1410,5,2,1,16000,56,1,1,157.3265708,1,2
1,1,45,8,6,1410,5,2,1,16000,56,1,1,157.3265708,1,2
1,2,22,5,2,3290,3,6,2,2000,30,1,1,172.2191448,1,2
1,1,38,8,1,2819,5,2,1,8000,44,1,1,157.3265708,1,2
1,1,22,8,2,2310,11,3,1,4700,48,1,1,159.6066961,1,2
1,1,47,5,2,2592,3,6,2,5000,60,1,1,270.4093039,1,2
1,1,47,5,2,2599,3,6,2,5000,60,1,1,270.4093039,1,2
1,1,30,8,1,2790,10,1,1,10000,40,1,1,270.4093039,1,2
1,1,30,8,1,2630,10,1,1,10000,40,1,1,270.4093039,1,2
1,2,44,5,2,1410,3,6,2,5000,42,1,1,267.9070677,1,2
1,2,44,5,2,1410,3,6,2,5000,42,1,1,267.9070677,1,2
1,2,35,5,2,1410,3,6,2,5000,70,1,1,267.9070677,1,2
1,2,35,5,2,1410,3,6,2,5500,70,1,1,267.9070677,1,2
1,1,32,8,2,2012,10,1,1,6000,56,1,1,270.4093039,1,2
1,1,33,8,2,2012,10,1,1,6000,56,1,1,270.4093039,1,2
1,1,32,8,5,2732,11,2,1,6000,60,1,1,270.4093039,1,2
1,1,33,8,5,2029,11,2,1,7000,60,1,1,270.4093039,1,2
1,2,27,7,3,1410,5,2,1,5500,48,1,1,267.9070677,1,2
1,2,27,7,3,1410,5,2,1,6000,48,1,1,267.9070677,1,2
1,1,67,5,6,3312,5,1,2,5000,30,1,1,224.6171745,1,2
1,1,67,5,6,3312,5,1,2,6000,30,1,1,224.6171745,1,2
1,1,39,4,6,3312,5,1,1,20000,70,1,1,270.4093039,1,2
1,1,39,4,6,3312,5,1,1,22000,70,1,1,270.4093039,1,2
1,1,23,8,1,2630,5,2,1,14000,48,1,1,169.0758285,1,2
1,1,24,8,1,2610,5,2,1,14000,48,1,1,169.0758285,1,2
1,2,49,5,1,2410,5,2,1,10000,48,1,1,165.1182335,1,2
1,2,49,5,3,2599,5,2,1,10000,48,1,1,165.1182335,1,2
1,1,25,8,1,2599,5,2,1,7000,48,1,1,166.6604281,1,2
1,1,25,8,1,2829,5,2,1,7000,48,1,1,166.6604281,1,2
1,1,34,8,3,2392,5,2,1,7000,48,1,1,166.6604281,1,2
1,1,31,6,1,1811,9,1,1,5000,48,1,1,166.6604281,1,2
1,1,31,6,1,1811,10,1,1,5000,48,1,1,166.6604281,1,2
1,2,33,1,2,3091,11,2,1,5400,54,1,1,192.397995,1,2
1,2,48,4,2,2610,11,3,1,4900,48,1,1,192.397995,1,2
1,1,28,5,6,1702,5,3,1,10200,48,1,1,194.1949809,1,2
1,1,28,5,6,1702,5,3,1,10500,48,1,1,194.1949809,1,2
1,2,18,3,2,2220,11,2,1,5500,56,1,1,212.5775281,1,2
1,1,27,5,2,1811,11,2,1,6000,56,1,1,194.1949809,1,2
1,1,27,5,2,1811,11,2,1,6000,56,1,1,194.1949809,1,2
1,2,25,7,2,2610,5,2,1,6500,48,1,1,192.397995,1,2
1,1,25,5,5,1702,5,2,1,6500,50,1,1,194.1949809,1,2
1,1,25,5,5,1702,5,2,1,6500,50,1,1,194.1949809,1,2
1,2,21,7,1,2592,5,3,2,4500,48,1,1,212.5775281,1,2
1,2,22,7,1,2591,5,2,1,6000,48,1,1,212.5775281,1,2
1,1,20,3,2,3100,5,2,1,4000,48,1,1,197.0094381,1,2
1,2,25,6,2,2220,11,2,1,5100,48,1,1,192.397995,1,2
1,2,21,5,6,2610,11,2,1,4600,48,1,1,212.5775281,1,2
1,1,47,3,2,2599,5,2,1,5000,56,1,1,194.1949809,1,2
1,1,47,3,2,2592,5,2,1,5000,56,1,1,194.1949809,1,2
1,1,22,3,2,1311,5,2,1,6500,64,1,1,197.0094381,1,2
1,1,23,3,2,1311,5,2,1,6600,64,1,1,197.0094381,1,2
1,1,31,4,2,2599,3,6,2,4480,42,1,1,194.1949809,1,2
1,1,31,4,2,2511,3,6,2,4480,42,1,1,194.1949809,1,2
1,2,26,5,2,2610,11,4,2,4600,48,1,1,192.397995,1,2
1,2,27,5,2,2610,11,3,2,4600,48,1,1,192.397995,1,2
1,2,34,3,2,2220,11,2,1,5000,48,1,1,192.397995,1,2
1,2,35,3,2,2610,11,2,1,6500,56,1,1,192.397995,1,2
1,2,33,3,2,2599,5,2,1,5400,54,1,1,192.397995,1,2
1,1,36,5,2,2599,5,1,1,7000,48,1,1,194.1949809,1,2
1,1,36,5,2,1702,5,1,1,8000,56,1,1,194.1949809,1,2
1,2,35,5,2,3100,11,1,1,6000,48,1,1,192.397995,1,2
1,2,35,5,2,3100,11,1,1,7500,48,1,1,192.397995,1,2
1,2,36,4,2,2211,11,1,1,5500,48,1,2,140.3081986,1,2
1,2,37,4,3,3091,11,1,1,5500,48,1,2,140.3081986,1,2
1,1,32,5,3,2930,11,1,1,9200,48,1,2,141.7037232,1,2
1,2,29,5,3,2599,11,1,1,6500,48,1,2,140.3081986,1,2
1,1,25,5,5,2410,5,1,1,6500,48,1,2,141.7037232,1,2
1,1,26,5,5,2410,5,1,1,6800,48,1,2,141.7037232,1,2
1,2,23,5,3,1104,5,3,2,4200,48,1,2,139.7418211,1,2
1,2,28,7,1,2431,11,1,1,6000,48,1,2,140.3081986,1,2
1,1,32,4,2,2610,11,1,1,5600,48,1,2,141.7037232,1,2
1,2,31,5,3,2599,11,2,1,5400,48,1,2,140.3081986,1,2
1,1,33,8,1,2599,11,1,1,7000,48,1,2,141.7037232,1,2
1,2,32,4,2,1702,5,2,1,4600,48,1,2,140.3081986,1,2
1,1,41,4,6,2620,11,1,1,12000,48,1,2,141.7037232,1,2
1,1,42,4,6,2817,11,1,1,12000,48,1,2,141.7037232,1,2
1,2,37,4,3,2610,11,1,1,4200,48,1,2,140.3081986,1,2
1,1,41,4,3,1702,5,2,1,5800,48,1,2,141.7037232,1,2
1,1,41,4,3,1702,5,2,1,5800,48,1,2,141.7037232,1,2
1,2,39,5,3,1702,5,2,1,5300,48,1,2,140.3081986,1,2
1,2,39,5,3,1702,5,2,1,5300,48,1,2,140.3081986,1,2
1,2,36,5,3,2211,11,1,1,5600,48,1,2,140.3081986,1,2
1,2,36,5,3,2211,11,1,1,5600,48,1,2,140.3081986,1,2
1,2,36,9,1,2410,5,1,1,5000,48,1,2,140.3081986,1,2
1,2,36,9,1,2410,5,1,1,5000,48,1,2,140.3081986,1,2
1,2,51,4,3,1311,5,2,1,5300,48,1,2,140.3081986,1,2
1,2,51,4,3,1311,5,2,1,5300,48,1,2,140.3081986,1,2
1,2,30,5,3,2610,11,3,1,5400,48,1,2,140.3081986,1,2
1,2,30,5,3,2610,11,2,1,5400,48,1,2,140.3081986,1,2
1,2,23,5,3,3250,11,1,1,6000,48,1,2,139.7418211,1,2
1,2,24,5,3,3250,11,1,1,6000,54,1,2,139.7418211,1,2
1,2,30,8,3,1322,5,1,1,4800,48,1,2,140.3081986,1,2
1,2,41,3,2,1104,5,1,1,5500,48,1,2,140.3081986,1,2
1,2,30,5,3,3100,11,1,1,6400,48,1,2,140.3081986,1,2
1,2,31,5,3,3100,11,1,1,6400,54,1,2,140.3081986,1,2
1,1,34,3,3,3091,11,2,1,6300,48,1,2,141.7037232,1,2
1,1,35,3,6,3091,11,2,1,6300,48,1,2,141.7037232,1,2
1,2,30,4,3,3100,11,1,1,5900,48,1,2,140.3081986,1,2
1,2,31,4,3,3100,11,1,1,5900,48,1,2,140.3081986,1,2
1,2,33,5,3,1702,5,2,1,7000,48,1,2,140.3081986,1,2
1,2,34,5,3,1702,5,2,1,5400,48,1,2,140.3081986,1,2
1,2,30,5,3,3320,11,1,1,4900,48,1,2,140.3081986,1,2
1,2,30,5,6,2610,11,1,1,4900,48,1,2,140.3081986,1,2
1,1,34,6,3,3091,11,1,1,16500,48,1,2,141.7037232,1,2
1,1,44,8,1,1103,5,2,1,9600,48,1,1,136.76987,1,2
1,2,45,6,3,1101,5,1,1,9000,48,1,1,135.5042682,1,2
1,1,27,7,2,2610,11,2,1,6000,56,1,1,136.76987,1,2
1,2,26,8,1,2610,11,2,1,8000,48,1,1,135.5042682,1,2
1,1,47,5,5,2410,5,3,2,7000,48,1,1,136.76987,1,2
1,1,27,5,2,2610,11,2,1,5000,54,1,1,136.76987,1,2
1,2,25,5,2,2610,11,2,1,5000,54,1,1,135.5042682,1,2
1,2,36,5,2,2431,5,2,1,8850,48,1,1,135.5042682,1,2
1,1,43,8,1,1103,5,1,1,19000,48,1,1,136.76987,1,2
1,2,45,5,5,1103,6,1,1,12000,48,1,1,135.5042682,1,2
1,2,46,5,5,1103,10,1,1,6500,48,1,1,135.5042682,1,2
1,2,36,6,1,2410,5,2,1,11000,48,1,1,135.5042682,1,2
1,2,37,6,1,2410,5,2,1,6000,48,1,1,135.5042682,1,2
1,2,38,6,2,2610,11,2,1,6000,48,1,1,135.5042682,1,2
1,1,38,8,1,1050,5,1,1,16000,48,1,1,136.76987,1,2
1,1,39,8,1,1050,5,2,1,8000,48,1,1,136.76987,1,2
1,1,25,5,6,2410,5,2,1,5400,48,1,1,136.76987,1,2
1,1,23,5,3,1621,5,2,1,4800,48,1,1,138.7520682,1,2
1,1,24,5,3,1621,5,2,1,4800,48,1,1,138.7520682,1,2
1,1,41,5,3,2610,11,2,1,6000,48,1,1,136.76987,1,2
1,2,36,5,5,2610,11,2,1,5800,48,1,1,135.5042682,1,2
1,1,39,7,3,2220,11,1,1,11000,48,1,1,136.76987,1,2
1,1,33,5,5,2511,3,6,2,6200,50,1,1,136.76987,1,2
1,2,32,5,2,1621,11,1,1,5400,48,1,1,135.5042682,1,2
1,2,32,5,3,1621,11,1,1,5500,48,1,1,135.5042682,1,2
1,1,30,5,2,2610,11,2,1,15000,54,1,1,136.76987,1,2
1,2,45,6,1,1103,5,1,1,8200,48,1,1,135.5042682,1,2
1,2,33,5,2,2640,11,2,1,10000,56,1,1,135.5042682,1,2
1,1,34,6,2,2100,10,2,1,5100,48,1,1,136.76987,1,2
1,1,35,6,2,2100,10,2,1,5200,48,1,1,136.76987,1,2
1,1,20,5,2,2640,11,2,1,4500,56,1,1,138.7520682,1,2
1,1,20,5,2,2610,11,2,1,8000,56,1,1,138.7520682,1,2
1,2,22,5,2,2220,11,2,1,5500,48,1,1,149.7165414,1,2
1,2,22,5,2,2220,11,2,1,9000,48,1,1,149.7165414,1,2
1,1,31,6,4,3315,10,1,1,6500,48,1,2,105.4257234,1,2
1,1,28,7,1,3319,10,1,1,6000,48,1,2,105.4257234,1,2
1,2,25,4,3,2610,11,1,1,12000,60,1,2,104.3874713,1,2
1,1,35,8,1,2592,5,1,1,15000,48,1,2,105.4257234,1,2
1,2,34,6,1,1322,5,1,1,5700,48,1,2,104.3874713,1,2
1,2,34,6,1,1322,5,1,1,5500,48,1,2,104.3874713,1,2
1,2,25,8,1,2220,5,1,1,7000,48,1,2,104.3874713,1,2
1,2,26,8,3,2610,11,2,1,5600,48,1,2,104.3874713,1,2
1,2,29,6,3,1811,5,1,1,7000,48,1,2,104.3874713,1,2
1,2,30,6,3,1811,5,1,1,7000,48,1,2,104.3874713,1,2
1,1,23,8,1,2592,5,1,1,6200,48,1,2,109.5421207,1,2
1,2,34,5,3,2610,11,2,1,5600,48,1,2,104.3874713,1,2
1,2,34,5,3,2610,11,2,1,5600,48,1,2,104.3874713,1,2
1,2,29,4,2,2610,11,2,1,5000,48,1,2,120.1017143,1,2
1,2,38,4,2,2610,11,2,1,4650,48,1,2,120.1017143,1,2
1,2,38,4,2,2610,11,2,1,5200,48,1,2,120.1017143,1,2
1,1,25,4,2,3100,3,6,2,6000,56,1,2,121.2962624,1,2
1,1,26,4,2,3100,3,6,2,7000,56,1,2,121.2962624,1,2
1,2,23,4,2,3100,11,2,1,5500,56,1,2,119.6169036,1,2
1,2,23,4,2,3100,11,2,1,8500,48,1,2,119.6169036,1,2
1,1,44,4,2,3100,3,6,2,6800,48,1,2,121.2962624,1,2
1,1,38,3,2,3100,3,6,2,4800,42,1,2,121.2962624,1,2
1,1,39,3,2,3100,3,6,2,6800,42,1,2,121.2962624,1,2
1,2,31,3,2,2610,11,2,1,5800,56,1,2,120.1017143,1,2
1,2,31,3,2,2610,11,2,1,8000,56,1,2,120.1017143,1,2
1,2,30,4,2,1410,3,6,2,3960,54,1,2,120.1017143,1,2
1,2,30,4,2,1410,3,6,2,4000,54,1,2,120.1017143,1,2
1,1,34,3,2,3100,3,6,2,5000,54,1,2,121.2962624,1,2
1,1,34,3,2,3100,3,6,2,8000,54,1,2,121.2962624,1,2
1,2,30,3,2,3100,11,2,1,5300,48,1,2,120.1017143,1,2
1,2,30,3,2,3100,11,2,1,8500,48,1,2,120.1017143,1,2
1,2,29,5,3,3100,11,2,1,5400,52,1,2,120.1017143,1,2
1,2,30,5,3,3100,11,2,1,5400,52,1,2,120.1017143,1,2
1,2,24,4,2,2640,11,2,1,4500,48,1,2,119.6169036,1,2
1,2,24,4,2,2610,11,2,1,4000,48,1,2,119.6169036,1,2
1,1,23,3,2,3100,3,6,2,7000,54,1,2,126.0323324,1,2
1,1,23,3,2,3100,3,6,2,7500,54,1,2,126.0323324,1,2
1,1,19,3,2,3100,3,6,2,5000,54,1,2,126.0323324,1,2
1,1,21,5,2,1622,3,6,2,7500,56,1,2,126.0323324,1,2
1,1,21,5,2,3100,3,6,2,7800,60,1,2,126.0323324,1,2
1,1,19,4,2,1622,3,6,2,6200,56,1,2,126.0323324,1,2
1,1,19,4,2,3100,3,6,2,6200,60,1,2,126.0323324,1,2
1,1,33,5,3,3100,3,6,2,6050,54,1,2,121.2962624,1,2
1,1,33,5,3,3100,3,6,2,6200,55,1,2,121.2962624,1,2
1,2,31,4,6,2610,11,2,1,6200,60,1,2,120.1017143,1,2
1,2,31,4,3,2610,11,2,2,6200,60,1,2,120.1017143,1,2
1,2,29,5,3,2680,11,2,1,5400,58,1,2,120.1017143,1,2
1,2,29,5,3,2310,11,2,1,5400,58,1,2,120.1017143,1,2
1,1,16,4,2,1622,3,6,2,4500,42,1,2,126.0323324,1,2
1,1,19,4,2,1622,3,6,2,6500,54,1,2,126.0323324,1,2
1,1,19,4,2,1622,3,6,2,7000,54,1,2,126.0323324,1,2
1,2,21,4,3,2680,11,2,1,14600,48,1,2,115.1866479,1,2
1,2,21,4,3,2680,11,2,1,4600,48,1,2,115.1866479,1,2
1,1,31,6,3,2680,11,1,1,8000,48,1,2,116.8038083,1,2
1,2,30,5,2,2610,11,2,1,10600,48,1,2,115.6535027,1,2
1,1,29,4,2,2610,11,2,1,10800,54,1,2,116.8038083,1,2
1,2,23,5,2,2640,11,2,1,4500,48,1,2,115.1866479,1,2
1,1,26,8,3,2610,11,2,1,5400,48,1,2,116.8038083,1,2
1,1,22,5,7,2610,11,2,1,8000,48,1,2,121.3644682,1,2
1,1,22,5,7,2610,11,2,1,5500,48,1,2,121.3644682,1,2
1,2,32,5,3,2610,11,3,2,4300,48,1,2,115.6535027,1,2
1,2,32,5,3,2610,11,3,2,4200,48,1,2,115.6535027,1,2
1,1,19,5,3,2930,11,2,1,6600,48,1,2,121.3644682,1,2
1,1,19,5,3,2930,11,2,1,4600,48,1,2,121.3644682,1,2
1,2,22,5,3,2610,11,2,1,5200,56,1,2,115.1866479,1,2
1,2,23,5,3,2610,11,2,1,4800,48,1,2,115.1866479,1,2
1,2,18,5,2,2610,11,4,2,3800,48,1,2,115.1866479,1,2
1,2,32,4,5,1410,11,2,1,6800,48,1,2,115.6535027,1,2
1,2,32,4,3,1410,11,2,1,5500,48,1,2,115.6535027,1,2
1,2,24,5,2,2610,11,2,1,4800,48,1,2,115.1866479,1,2
1,2,24,5,2,2610,11,2,1,4900,48,1,2,115.1866479,1,2
1,2,34,5,3,2680,11,1,1,7800,48,1,2,115.6535027,1,2
1,2,35,5,3,2680,11,1,1,7800,48,1,2,115.6535027,1,2
1,1,33,5,6,2220,11,2,1,5800,48,1,2,116.8038083,1,2
1,1,34,5,3,3091,11,2,1,5800,48,1,2,116.8038083,1,2
1,2,29,5,3,3290,11,1,1,6700,48,1,2,115.6535027,1,2
1,2,29,5,3,3290,11,1,1,6700,48,1,2,115.6535027,1,2
1,2,26,8,3,3091,11,2,1,7400,48,1,2,115.6535027,1,2
1,2,26,8,3,3091,11,2,1,7400,48,1,2,115.6535027,1,2
1,1,23,8,3,2910,11,2,1,9800,48,1,2,121.3644682,1,2
1,1,23,8,3,2910,11,2,1,9800,48,1,2,121.3644682,1,2
1,2,42,4,3,2610,11,1,1,7000,48,1,2,115.6535027,1,2
1,2,42,4,3,2610,11,1,1,7000,48,1,2,115.6535027,1,2
1,2,46,5,3,1410,11,2,2,6000,44,1,1,184.7386571,1,2
1,2,46,5,4,1410,5,2,2,6000,44,1,1,184.7386571,1,2
1,2,38,6,1,2750,5,2,1,7000,40,1,1,184.7386571,1,2
1,2,34,8,1,2100,10,2,1,6500,44,1,1,184.7386571,1,2
1,2,35,8,1,2100,10,2,1,7000,44,1,1,184.7386571,1,2
1,1,56,5,5,1410,5,1,1,7000,40,1,1,176.5295423,1,2
1,1,34,5,7,1410,5,1,1,7000,40,1,1,176.5295423,1,2
1,1,35,5,7,1410,5,1,1,7000,40,1,1,176.5295423,1,2
1,2,43,6,2,1410,9,1,1,10000,48,1,1,174.8960237,1,2
1,2,43,7,4,1410,10,1,1,10000,48,1,1,174.8960237,1,2
1,2,53,6,1,1410,10,1,1,7000,48,1,1,174.8960237,1,2
1,2,41,5,5,1410,10,1,1,6400,48,1,1,174.8960237,1,2
1,2,42,5,5,1410,10,1,1,6400,48,1,1,174.8960237,1,2
1,1,57,5,5,1410,10,1,1,7000,40,1,1,176.5295423,1,2
1,1,46,5,2,2930,5,1,1,7000,40,1,1,176.5295423,1,2
1,1,47,5,2,2930,5,1,1,7000,40,1,1,176.5295423,1,2
1,2,32,5,4,2100,5,1,1,6000,48,1,1,179.5627895,1,2
1,2,32,7,4,2100,5,1,1,6000,48,1,1,179.5627895,1,2
1,2,50,4,2,1329,5,2,2,3500,48,1,1,179.5627895,1,2
1,2,33,5,3,1410,3,6,2,4000,56,1,1,179.5627895,1,2
1,2,34,5,4,1410,3,6,2,4000,56,1,1,179.5627895,1,2
1,1,31,5,5,1410,11,2,1,7000,56,1,1,177.0299095,1,2
1,2,30,8,1,3100,5,2,1,7000,48,1,1,175.3917607,1,2
1,2,30,8,1,3100,5,2,1,7000,48,1,1,175.3917607,1,2
1,1,35,8,1,2610,5,2,1,8200,44,1,1,177.0299095,1,2
1,1,35,8,1,2610,5,1,1,8200,44,1,1,177.0299095,1,2
1,2,34,7,1,2100,10,1,1,6000,44,1,1,175.3917607,1,2
1,2,28,8,3,2930,11,2,1,6000,44,1,1,171.6059949,1,2
1,2,28,8,3,2733,11,2,1,6000,44,1,1,171.6059949,1,2
1,1,31,8,1,2640,5,2,1,20000,40,1,1,173.2087848,1,2
1,1,31,8,1,2610,5,1,1,20000,40,1,1,173.2087848,1,2
1,1,51,8,1,161,10,1,1,7000,48,1,1,173.2087848,1,2
1,1,51,8,1,161,5,1,1,7000,48,1,1,173.2087848,1,2
1,2,44,8,1,161,10,1,1,6000,48,1,1,171.6059949,1,2
1,2,44,8,1,161,5,1,1,6000,48,1,1,171.6059949,1,2
1,1,44,5,1,1010,5,3,1,15000,40,1,1,173.2087848,1,2
1,1,22,4,3,2511,3,6,2,6000,40,1,1,191.2529147,1,2
1,1,23,4,3,2511,2,6,2,6000,40,1,1,191.2529147,1,2
1,1,26,8,2,3313,5,7,2,7000,48,1,1,188.5206947,1,2
1,1,49,4,2,2511,3,6,2,4000,40,1,1,188.5206947,1,2
1,2,37,4,2,1920,5,2,1,5000,48,1,1,186.7762158,1,2
1,2,30,8,1,2022,5,2,1,7000,48,1,1,186.7762158,1,2
1,2,30,8,1,2022,5,2,1,7000,48,1,1,186.7762158,1,2
1,1,26,5,5,2029,5,2,1,8000,60,1,1,188.5206947,1,2
1,2,22,5,2,1410,5,2,1,5000,48,1,1,206.3661125,1,2
1,2,23,5,2,1410,5,2,1,5000,48,1,1,206.3661125,1,2
1,2,32,7,1,1410,5,2,1,5600,48,1,1,202.5373981,1,2
1,2,33,7,1,1410,5,2,1,5600,48,1,1,202.5373981,1,2
1,2,33,7,1,1410,5,2,1,4000,48,1,1,202.5373981,1,2
1,2,34,7,1,1410,5,2,1,4800,48,1,1,202.5373981,1,2
1,1,29,4,2,2511,3,6,2,5000,40,1,1,204.4290855,1,2
1,1,30,4,2,2593,3,6,2,5000,40,1,1,204.4290855,1,2
1,1,36,5,6,2930,5,2,1,9000,48,1,1,204.4290855,1,2
1,1,36,5,6,2930,5,2,1,9000,48,1,1,204.4290855,1,2
1,1,25,7,1,2511,5,2,1,5000,48,1,1,204.4290855,1,2
1,1,25,7,1,2511,5,2,1,5000,48,1,1,204.4290855,1,2
1,2,20,4,2,1410,3,6,2,3000,48,1,1,223.7803957,1,2
1,2,21,4,2,1410,3,6,2,3000,48,1,1,223.7803957,1,2
1,2,38,5,2,1520,5,2,1,8000,48,1,1,202.5373981,1,2
1,2,38,5,2,1520,5,2,1,8000,48,1,1,202.5373981,1,2
1,2,27,7,1,2211,5,2,1,5000,48,1,1,202.5373981,1,2
1,2,27,7,1,2211,5,2,1,5000,48,1,1,202.5373981,1,2
1,2,26,4,2,3250,5,2,1,4500,48,1,1,202.5373981,1,2
1,2,38,4,4,2511,5,2,1,6000,48,1,1,202.5373981,1,2
1,2,39,4,4,2592,5,2,1,6000,48,1,1,202.5373981,1,2
1,2,34,5,5,1410,5,2,1,5000,48,1,1,202.5373981,1,2
1,2,35,5,5,1410,5,2,1,5000,48,1,1,202.5373981,1,2
1,2,25,6,3,1511,5,2,1,6000,48,1,1,170.1904878,1,2
1,1,28,4,2,1410,11,2,2,7000,48,1,1,171.780057,1,2
1,1,32,6,1,2511,5,1,1,6000,48,1,1,171.780057,1,2
1,1,32,6,1,2593,5,1,1,6600,48,1,1,171.780057,1,2
1,2,28,5,2,1622,5,7,2,5000,48,1,1,170.1904878,1,2
1,1,20,4,2,1629,5,2,1,5000,48,1,1,174.2696559,1,2
1,1,21,4,2,1629,5,2,1,5000,48,1,1,174.2696559,1,2
1,2,31,5,2,1410,11,1,1,5000,48,1,1,170.1904878,1,2
1,2,31,5,2,1410,11,1,1,5600,48,1,1,170.1904878,1,2
1,2,49,5,2,1410,5,2,2,3500,48,1,1,195.332176,1,2
1,2,49,5,2,1410,5,4,2,3000,48,1,1,195.332176,1,2
1,1,31,5,6,1811,3,6,2,4000,48,1,1,197.156567,1,2
1,1,35,8,5,2640,11,2,1,10000,48,1,1,173.8856666,1,2
1,1,35,8,5,2610,5,2,1,5000,48,1,1,173.8856666,1,2
1,2,38,5,5,1410,5,2,1,5000,48,1,1,172.2766132,1,2
1,2,32,5,2,1410,5,2,1,5000,48,1,1,172.2766132,1,2
1,1,21,3,2,2310,5,2,2,4200,48,1,1,176.405782,1,2
1,2,40,5,5,1410,5,2,2,3800,56,1,1,172.2766132,1,2
1,2,41,5,2,1410,5,2,2,3800,48,1,1,172.2766132,1,2
1,1,44,5,5,2790,5,1,1,6000,48,1,1,216.2415193,1,2
1,1,42,5,7,2790,10,1,1,6000,48,1,1,216.2415193,1,2
1,1,42,5,7,2630,5,1,1,6000,48,1,1,216.2415193,1,2
1,1,40,5,6,2733,10,1,1,7800,48,1,1,216.2415193,1,2
1,1,40,5,6,2731,10,1,1,7800,48,1,1,216.2415193,1,2
1,2,33,6,1,2733,10,1,1,6000,48,1,1,214.2405254,1,2
1,2,33,6,1,2731,10,1,1,6000,48,1,1,214.2405254,1,2
1,1,45,5,5,2599,10,1,1,4500,48,1,1,216.2415193,1,2
1,2,42,5,6,2599,10,1,1,4000,48,1,1,214.2405254,1,2
1,1,46,5,6,3250,10,1,1,5000,48,1,1,216.2415193,1,2
1,1,47,5,6,3250,9,1,1,5000,48,1,1,216.2415193,1,2
1,2,44,5,6,3250,10,1,1,5000,48,1,1,214.2405254,1,2
1,2,44,5,6,2733,5,1,1,5000,48,1,1,214.2405254,1,2
1,1,43,5,5,2732,5,2,1,7000,48,1,1,216.2415193,1,2
1,2,39,4,6,2790,10,1,1,6000,48,1,1,214.2405254,1,2
1,2,27,5,2,1410,5,2,1,6000,48,1,2,119.4381689,1,2
1,2,27,5,2,1410,5,2,2,6000,56,1,2,119.4381689,1,2
1,1,38,5,5,1410,5,2,1,4000,48,1,2,120.6261173,1,2
1,2,35,4,2,1410,5,2,1,5000,48,1,2,119.4381689,1,2
1,2,35,4,5,1410,5,2,1,5000,48,1,2,119.4381689,1,2
1,1,41,4,2,2310,5,2,1,5000,48,1,2,120.6261173,1,2
1,1,41,4,2,2310,5,2,1,5000,48,1,2,120.6261173,1,2
1,2,38,5,2,1520,5,2,1,4000,48,1,2,119.4381689,1,2
1,2,39,5,2,1520,5,2,1,4000,48,1,2,119.4381689,1,2
1,1,18,5,2,2310,5,3,2,4000,48,1,2,125.3360212,1,2
1,1,18,5,2,2310,5,2,2,4000,48,1,2,125.3360212,1,2
1,2,38,4,2,1629,5,2,1,4000,48,1,2,119.4381689,1,2
1,2,38,4,2,1629,5,2,1,4000,48,1,2,119.4381689,1,2
1,2,23,5,2,1410,5,2,1,5000,48,1,2,118.9560367,1,2
1,2,23,5,2,1410,5,2,1,5000,48,1,2,118.9560367,1,2
1,2,19,5,2,2733,5,3,2,3000,48,1,2,118.9560367,1,2
1,2,19,5,2,2750,5,2,2,5000,48,1,2,118.9560367,1,2
1,1,34,4,5,2395,5,2,1,6000,48,1,2,120.6261173,1,2
1,1,34,4,5,2395,5,2,1,6000,48,1,2,120.6261173,1,2
1,1,31,5,2,1410,5,2,1,4000,48,1,2,120.6261173,1,2
1,1,31,5,2,1410,5,3,1,4300,48,1,2,120.6261173,1,2
1,2,28,5,2,1410,5,2,1,4000,48,1,2,119.4381689,1,2
1,2,28,5,2,1410,5,3,1,4000,48,1,2,119.4381689,1,2
1,1,48,4,2,3100,3,6,2,5000,48,1,2,120.6261173,1,2
1,1,48,4,5,3100,3,6,2,5000,50,1,2,120.6261173,1,2
1,1,20,5,2,1410,5,2,1,5000,48,1,2,125.3360212,1,2
1,1,20,5,2,1410,5,2,1,5000,48,1,2,125.3360212,1,2
1,1,18,4,2,3100,3,6,2,4000,48,1,2,125.3360212,1,2
1,1,18,4,2,3100,3,6,2,4000,48,1,2,125.3360212,1,2
1,2,48,5,2,1410,5,2,1,3600,48,1,2,119.4381689,1,2
1,2,49,5,2,1410,5,2,1,5000,48,1,2,119.4381689,1,2
1,2,22,4,2,1410,5,5,1,5000,54,1,2,118.9560367,1,2
1,2,23,4,2,1410,5,2,1,5000,48,1,2,118.9560367,1,2
1,1,28,4,4,1410,5,5,1,6000,54,1,2,120.6261173,1,2
1,1,29,4,2,1410,5,2,1,5000,48,1,2,120.6261173,1,2
1,2,28,5,4,1410,5,5,1,6000,54,1,2,119.4381689,1,2
1,2,29,5,2,1410,5,2,1,5000,48,1,2,119.4381689,1,2
1,1,44,5,2,2395,5,1,1,8000,48,1,1,230.1721827,1,2
1,2,37,4,2,2395,5,1,1,7000,48,1,1,228.0422812,1,2
1,2,53,5,2,1410,5,3,2,3500,48,1,1,228.0422812,1,2
1,2,53,5,2,1410,5,3,2,3500,48,1,1,228.0422812,1,2
1,2,23,4,2,1410,3,6,2,4000,50,1,1,251.9603411,1,2
1,2,23,4,2,1410,3,6,2,4000,50,1,1,251.9603411,1,2
1,2,28,8,1,2392,5,5,1,5000,56,1,1,228.0422812,1,2
1,2,38,5,2,1410,5,5,1,5500,56,1,1,228.0422812,1,2
1,2,39,5,2,1410,5,2,1,5500,48,1,1,228.0422812,1,2
1,1,29,5,3,1410,5,2,1,4500,48,1,1,230.1721827,1,2
1,2,23,5,3,1410,5,3,1,5000,48,1,1,251.9603411,1,2
1,2,24,5,2,1410,5,2,1,5000,48,1,1,251.9603411,1,2
1,1,43,4,2,2395,5,2,1,6000,48,1,2,135.0538684,1,2
1,1,43,4,2,2395,5,2,1,7000,63,1,2,135.0538684,1,2
1,2,41,3,2,2395,5,2,1,6000,48,1,2,133.7238328,1,2
1,2,41,3,2,2395,5,2,1,7000,63,1,2,133.7238328,1,2
1,1,60,4,2,3100,3,6,2,4000,45,1,2,116.0781281,1,2
1,1,27,8,1,161,10,1,1,2000,48,1,2,135.8039178,1,2
1,1,28,8,1,161,10,1,1,2000,48,1,2,135.8039178,1,2
1,1,35,3,2,2511,3,6,2,6000,56,1,2,135.0538684,1,2
1,1,35,3,2,2511,3,6,2,6000,52,1,2,135.0538684,1,2
1,2,31,3,2,1410,5,2,1,4000,48,1,2,133.7238328,1,2
1,2,32,3,2,1410,5,2,1,4000,48,1,2,133.7238328,1,2
1,1,31,3,2,3100,3,6,2,6500,56,1,2,135.0538684,1,2
1,1,32,3,2,3100,3,6,2,4000,50,1,2,135.0538684,1,2
1,2,33,5,2,1410,3,6,2,3000,56,1,2,133.7238328,1,2
1,2,33,5,2,1410,3,6,2,3000,48,1,2,133.7238328,1,2
1,1,41,5,6,3290,10,1,1,10000,48,1,2,135.0538684,1,2
1,2,41,5,5,3290,10,1,1,8000,48,1,2,133.7238328,1,2
1,1,29,5,7,2599,3,6,2,7000,60,1,1,252.5476433,1,2
1,1,29,5,7,1812,5,3,2,7500,56,1,1,252.5476433,1,2
1,1,27,5,2,3100,3,7,2,3000,45,1,1,252.5476433,1,2
1,1,28,8,1,2620,11,1,1,12000,56,1,2,139.1605596,1,2
1,2,32,5,3,1410,5,1,1,6000,56,1,2,137.7900806,1,2
1,1,33,5,6,2599,3,6,2,5000,48,1,2,139.1605596,1,2
1,1,34,5,6,2599,3,6,2,4200,56,1,2,139.1605596,1,2
1,1,21,5,6,2610,5,1,1,7000,56,1,2,144.5941495,1,2
1,1,51,8,1,2511,3,6,2,6000,56,1,2,139.1605596,1,2
1,1,30,5,4,3314,5,1,2,5000,56,1,2,139.1605596,1,2
1,1,41,3,5,2395,5,1,1,10000,54,1,2,151.8742775,1,2
1,1,26,6,2,2610,5,2,1,8000,60,1,2,151.8742775,1,2
1,2,25,5,2,1410,3,6,2,2000,43,1,2,136.532544,1,2
1,2,26,5,4,1410,3,6,2,5000,50,1,2,136.532544,1,2
1,1,26,6,1,145,1,6,2,5800,48,1,2,138.6563187,1,2
1,1,30,5,6,1520,5,2,1,3000,52,1,2,137.8905154,1,2
1,1,23,7,1,2610,5,2,2,5000,56,1,2,143.2745158,1,2
1,1,24,5,6,2750,5,1,1,5000,56,1,2,143.2745158,1,2
1,2,38,4,2,1410,5,1,1,4000,48,1,2,136.532544,1,2
1,1,47,4,3,2599,3,6,2,3000,56,1,2,137.8905154,1,2
1,2,29,8,1,2100,5,1,1,10000,56,1,2,136.532544,1,2
1,2,32,5,5,2599,3,6,2,4000,56,1,2,126.7007096,1,2
1,2,33,5,6,2511,3,6,2,6000,56,1,2,126.7007096,1,2
1,2,31,6,1,1321,5,1,1,5000,56,1,2,137.5144714,1,2
1,2,31,6,1,1321,5,1,1,4500,56,1,2,137.5144714,1,2
1,1,45,5,5,1410,10,1,1,6300,40,1,2,138.8822092,1,2
1,1,45,4,1,2610,7,1,1,6400,56,1,2,138.8822092,1,2
1,1,22,5,2,2599,3,6,2,5000,56,1,2,144.3049308,1,2
1,1,33,5,6,2395,5,1,1,7000,56,1,2,143.9178439,1,2
1,2,36,4,2,3100,3,6,2,2000,25,1,2,134.2519815,1,2
1,2,36,4,2,3100,3,7,2,2000,45,1,2,134.2519815,1,2
1,1,18,5,2,2511,3,6,2,3000,50,1,2,140.8813392,1,2
1,1,23,8,1,2511,5,2,2,3000,60,1,2,140.8813392,1,2
1,2,34,5,2,1410,5,3,1,6500,60,1,2,134.2519815,1,2
1,2,29,5,2,1410,11,2,1,5500,60,1,2,134.2519815,1,2
1,2,30,5,3,1410,5,3,1,5000,54,1,2,134.2519815,1,2
1,1,34,3,4,3100,3,6,2,3000,47,1,2,140.594251,1,2
1,2,33,4,4,3100,3,6,2,3000,47,1,2,139.2096527,1,2
1,2,20,5,2,2599,5,1,1,8000,68,1,2,138.6477096,1,2
1,1,24,5,2,2599,3,6,2,4000,58,1,2,146.0838201,1,2
1,1,25,5,2,2599,3,6,2,4500,55,1,2,140.594251,1,2
1,1,21,4,2,2599,5,5,2,8000,65,1,2,146.0838201,1,2
1,1,21,4,2,2512,5,2,1,6000,48,1,2,146.0838201,1,2
1,2,37,4,2,1410,3,6,2,4000,54,1,2,139.2096527,1,2
1,2,37,4,2,1410,3,5,2,4500,60,1,2,139.2096527,1,2
1,2,36,4,2,1079,3,6,2,3000,62,1,2,139.2096527,1,2
1,1,19,4,2,2511,3,6,2,3600,45,1,2,146.0838201,1,2
1,1,20,4,5,2511,3,6,2,4700,65,1,2,146.0838201,1,2
1,1,49,8,2,118,5,6,2,8000,54,1,2,141.3750701,1,2
1,1,50,8,1,118,5,5,2,8000,58,1,2,141.3750701,1,2
1,2,47,5,2,118,5,6,2,7000,54,1,2,139.9827821,1,2
1,1,35,5,5,1811,5,1,1,7000,58,1,2,140.594251,1,2
1,1,35,5,5,1811,5,5,1,7000,56,1,2,140.594251,1,2
1,1,25,5,4,2599,5,2,2,8000,58,1,2,140.594251,1,2
1,1,25,5,4,2599,5,5,2,8000,65,1,2,140.594251,1,2
1,1,25,5,2,2511,3,7,2,12000,65,1,2,140.594251,1,2
1,1,26,5,2,2511,3,6,2,12000,70,1,2,140.594251,1,2
1,1,22,5,2,2511,3,7,2,10000,65,1,2,146.0838201,1,2
1,1,23,5,2,2511,3,6,2,10000,70,1,2,146.0838201,1,2
1,2,23,5,2,1410,3,7,2,5000,65,1,2,138.6477096,1,2
1,2,32,5,2,1410,3,6,2,4700,60,1,2,139.2096527,1,2
1,1,32,5,7,3011,5,1,1,4000,54,1,2,140.594251,1,2
1,2,34,4,2,1410,5,5,2,5400,70,1,2,139.2096527,1,2
1,1,33,5,7,3315,5,5,2,5200,58,1,2,140.594251,1,2
1,1,42,4,2,3100,5,2,2,5000,54,1,2,121.2962624,1,2
1,1,42,4,2,3100,5,2,2,5000,54,1,2,121.2962624,1,2
1,1,28,5,2,2599,3,6,2,6000,56,1,2,121.2962624,1,2
1,1,28,5,2,2599,3,6,2,6000,56,1,2,121.2962624,1,2
1,1,35,4,2,3100,5,6,2,4000,48,1,2,121.2962624,1,2
1,1,35,4,2,3100,5,3,2,4500,48,1,2,121.2962624,1,2
1,1,21,4,2,3100,3,6,2,4560,54,1,2,126.0323324,1,2
1,1,21,4,2,3100,3,6,2,4940,54,1,2,126.0323324,1,2
1,1,29,5,6,2640,5,4,1,5000,50,1,2,121.2962624,1,2
1,2,25,5,2,1410,5,2,1,5100,54,1,2,120.1017143,1,2
1,2,26,5,2,1410,5,3,2,4500,50,1,2,120.1017143,1,2
1,2,34,3,2,1410,5,2,1,5000,54,1,2,120.1017143,1,2
1,2,34,3,2,1410,11,2,1,5000,60,1,2,120.1017143,1,2
1,1,27,8,1,1080,5,2,1,15000,48,1,2,121.2962624,1,2
1,1,28,8,4,1080,5,2,1,18000,60,1,2,121.2962624,1,2
1,1,17,4,1,3100,3,6,2,1500,48,1,2,126.0323324,1,2
1,1,31,5,2,2640,5,3,1,8000,48,1,2,121.2962624,1,2
1,1,32,5,6,2750,5,2,1,10000,54,1,2,121.2962624,1,2
1,2,30,5,6,2640,5,3,1,6000,48,1,2,120.1017143,1,2
1,2,30,5,2,2750,5,2,1,7000,54,1,2,120.1017143,1,2
1,1,21,7,2,1410,3,6,2,3000,56,1,2,157.4907102,1,2
1,2,33,5,2,1410,3,6,2,5600,60,1,2,150.0797765,1,2
1,1,25,5,7,2790,5,6,2,5000,48,1,2,135.1188467,1,2
1,1,25,5,7,2640,5,2,2,4000,52,1,2,135.1188467,1,2
1,2,30,6,1,2592,5,2,1,4000,48,1,2,133.7881712,1,2
1,2,30,6,1,2822,5,2,1,4000,48,1,2,133.7881712,1,2
1,2,26,7,1,2610,5,2,2,4000,30,1,2,133.7881712,1,2
1,1,27,4,3,1010,3,6,2,6000,48,1,2,135.1188467,1,2
1,1,32,5,7,2599,5,2,2,5000,50,1,2,135.1188467,1,2
1,1,32,5,7,2599,5,2,2,5000,50,1,2,135.1188467,1,2
1,1,22,5,2,2511,5,2,1,5000,48,1,2,140.3946261,1,2
1,1,22,5,3,2511,5,2,1,5000,48,1,2,140.3946261,1,2
1,1,44,8,1,118,5,2,1,7000,48,1,2,135.869257,1,2
1,1,26,5,5,3320,3,2,2,5000,48,1,2,135.1188467,1,2
1,2,24,8,1,2310,5,2,2,4000,48,1,2,133.2481129,1,2
1,1,30,7,1,2512,5,2,1,5000,48,1,2,135.1188467,1,2
1,1,34,5,6,2511,5,2,1,4800,48,1,2,135.1188467,1,2
1,1,34,5,6,2511,5,2,1,5000,48,1,2,135.1188467,1,2
1,1,31,7,1,2392,5,2,1,7000,48,1,2,135.1188467,1,2
1,1,31,7,1,2392,5,2,2,7000,50,1,2,135.1188467,1,2
1,1,28,6,1,2593,5,2,1,5000,48,1,2,135.1188467,1,2
1,1,29,5,6,2599,5,2,2,5000,50,1,2,135.1188467,1,2
1,2,27,5,1,1410,5,2,2,3000,50,1,2,133.7881712,1,2
1,2,35,5,3,1410,3,6,2,4000,48,1,2,139.0875389,1,2
1,2,35,5,1,1410,3,6,2,5000,48,1,2,139.0875389,1,2
1,1,37,7,4,161,10,1,1,3000,40,1,2,141.2510568,1,2
1,1,38,5,4,161,10,1,1,3000,40,1,2,141.2510568,1,2
1,1,31,4,3,3100,3,6,2,8000,48,1,2,140.4709227,1,2
1,1,32,3,3,3100,3,6,2,6000,48,1,2,140.4709227,1,2
1,1,32,3,3,3100,3,6,2,8000,48,1,2,140.4709227,1,2
1,2,21,4,3,3100,3,6,2,4000,48,1,2,138.5260888,1,2
1,2,21,4,3,3100,3,6,2,4000,48,1,2,138.5260888,1,2
1,1,25,8,1,2930,5,2,1,8000,48,1,2,140.4709227,1,2
1,1,25,5,7,2592,5,2,2,5000,48,1,2,140.4709227,1,2
1,2,26,8,1,2640,11,2,1,11000,48,1,2,139.0875389,1,2
1,2,26,8,1,2610,5,2,1,11000,24,1,2,139.0875389,1,2
1,1,29,5,2,3100,3,6,2,10000,48,1,2,140.4709227,1,2
1,1,29,5,2,3100,3,6,2,8000,48,1,2,140.4709227,1,2
1,1,35,3,3,3100,3,6,2,4000,48,1,2,140.4709227,1,2
1,1,24,8,1,2511,2,2,2,7000,48,1,2,145.9556764,1,2
1,2,20,6,1,2100,5,2,2,5000,56,1,2,138.5260888,1,2
1,2,20,6,1,2100,5,2,1,5000,48,1,2,138.5260888,1,2
1,1,32,4,6,2512,5,2,2,4000,48,1,2,140.4709227,1,2
1,1,32,4,5,2512,5,2,1,5000,48,1,2,140.4709227,1,2
1,1,31,4,3,3100,3,6,2,8000,48,1,2,140.4709227,1,2
1,1,46,3,2,3100,3,6,2,7000,40,1,2,139.3194326,1,2
1,1,52,4,2,3100,3,6,2,8000,48,1,2,139.3194326,1,2
1,1,59,2,3,3100,3,6,2,3000,40,1,2,139.3194326,1,2
1,1,59,2,1,3100,3,6,2,4500,48,1,2,139.3194326,1,2
1,2,28,8,1,3100,5,2,1,5000,48,1,2,137.947389,1,2
1,2,28,8,1,3100,3,2,1,5000,40,1,2,137.947389,1,2
1,2,31,5,4,1520,5,2,1,4500,48,1,2,137.947389,1,2
1,2,31,5,3,1410,5,2,1,5000,48,1,2,137.947389,1,2
1,1,52,4,2,3100,3,6,2,6000,40,1,2,139.3194326,1,2
1,1,35,4,3,3100,5,2,2,8000,48,1,2,139.3194326,1,2
1,1,35,4,3,3100,5,2,2,8000,48,1,2,139.3194326,1,2
1,2,31,4,3,1410,5,2,1,4500,48,1,2,137.947389,1,2
1,2,32,4,3,1410,5,2,1,4500,48,1,2,137.947389,1,2
1,2,30,5,3,1410,3,6,2,4000,48,1,2,137.947389,1,2
1,2,31,5,2,1410,3,6,2,4600,55,1,2,137.947389,1,2
1,1,42,4,2,3100,3,6,2,10000,56,1,2,139.3194326,1,2
1,1,42,4,2,3100,3,6,2,10000,55,1,2,139.3194326,1,2
1,2,37,4,2,1410,5,1,1,4500,54,1,2,137.947389,1,2
1,2,37,4,2,1322,5,2,1,5000,50,1,2,137.947389,1,2
1,2,30,4,2,1410,5,1,1,4000,56,1,2,137.947389,1,2
1,2,30,4,2,1410,5,1,1,3500,40,1,2,137.947389,1,2
1,1,64,4,3,3100,5,2,2,4000,48,1,2,119.7443593,1,2
1,1,64,4,3,3100,3,6,2,8000,48,1,2,119.7443593,1,2
1,2,31,4,2,1410,3,6,2,4000,50,1,2,137.947389,1,2
1,2,31,4,3,1410,3,6,2,3500,48,1,2,137.947389,1,2
1,1,32,4,3,3100,3,6,2,8000,48,1,2,121.2962624,1,2
1,1,33,4,3,3100,3,6,2,7000,56,1,2,121.2962624,1,2
1,2,38,8,1,2410,5,1,1,7000,48,1,2,120.1017143,1,2
1,1,37,8,1,2410,5,1,1,8000,48,1,2,121.2962624,1,2
1,1,42,4,3,3100,3,6,2,5000,48,1,2,121.2962624,1,2
1,1,42,4,4,3100,3,6,2,5000,48,1,2,121.2962624,1,2
1,2,37,4,3,3100,3,6,2,5000,48,1,2,120.1017143,1,2
1,2,37,4,4,3100,3,6,2,5000,48,1,2,120.1017143,1,2
1,1,35,5,7,2511,3,6,2,5000,50,1,2,121.2962624,1,2
1,1,28,5,7,2592,5,2,1,7000,48,1,2,121.2962624,1,2
1,2,39,4,3,1410,5,1,1,4500,40,1,2,120.1017143,1,2
1,2,40,4,2,1410,5,1,1,4500,55,1,2,120.1017143,1,2
1,2,35,4,2,1410,3,7,2,5000,50,1,1,220.0293477,1,2
1,1,26,4,2,3100,3,6,2,7000,56,1,1,222.0844089,1,2
1,1,24,4,2,2599,5,3,1,6000,60,1,1,225.303066,1,2
1,1,21,5,2,2599,5,3,1,5500,60,1,1,225.303066,1,2
1,1,23,4,3,3100,3,6,2,6200,56,1,1,225.303066,1,2
1,1,39,5,2,2512,5,3,1,5500,48,1,2,138.1762396,1,2
1,2,32,5,2,1410,5,3,1,5000,56,1,2,136.8154543,1,2
1,2,33,5,2,1420,5,3,1,5500,56,1,2,136.8154543,1,2
1,1,26,3,2,2511,3,6,2,6000,63,1,2,138.1762396,1,2
1,1,23,7,1,2790,5,3,1,5400,48,1,2,143.5713963,1,2
1,1,23,7,2,2750,5,3,1,5500,48,1,2,143.5713963,1,2
1,1,21,6,2,2710,5,3,1,5000,48,1,2,143.5713963,1,2
1,1,31,5,5,2710,5,3,1,6200,48,1,2,138.1762396,1,2
1,1,31,5,5,2829,5,3,1,6000,48,1,2,138.1762396,1,2
1,1,27,3,2,2511,3,7,2,6000,63,1,2,138.1762396,1,2
1,1,36,4,2,3100,3,7,2,7000,56,1,2,140.6615209,1,2
1,2,32,4,2,2511,5,2,1,5000,48,1,2,139.2762602,1,2
1,2,26,8,1,2310,5,2,2,6000,48,1,2,139.2762602,1,2
1,1,29,5,5,2710,5,7,2,7000,56,1,2,140.6615209,1,2
1,2,28,8,1,2710,5,2,1,6500,48,1,2,139.2762602,1,2
1,2,28,8,1,2710,5,1,1,9000,48,1,2,139.2762602,1,2
1,1,36,2,2,2511,3,6,2,6000,56,1,2,132.8000199,1,2
1,1,37,2,2,2592,3,7,2,6200,56,1,2,132.8000199,1,2
1,1,37,8,1,3100,5,2,1,10000,48,1,2,132.8000199,1,2
1,2,35,8,1,2640,5,2,1,5600,48,1,2,131.4921807,1,2
1,2,36,8,1,2640,5,3,1,5800,24,1,2,131.4921807,1,2
1,1,27,8,1,2610,5,3,1,7000,48,1,2,132.8000199,1,2
1,1,27,8,1,2610,5,3,1,7300,48,1,2,132.8000199,1,2
1,1,31,5,5,3091,5,3,1,7000,36,1,2,132.8000199,1,2
1,1,32,5,5,2910,5,2,1,7500,36,1,2,132.8000199,1,2
1,1,24,4,2,3100,3,6,2,5600,56,1,2,137.9852596,1,2
1,1,24,4,2,3100,3,7,2,6000,56,1,2,137.9852596,1,2
1,2,31,4,2,1410,3,6,2,4300,49,1,2,131.4921807,1,2
1,1,34,4,2,2599,3,6,2,5500,56,1,2,132.8000199,1,2
1,1,34,4,2,2599,3,6,2,5500,56,1,2,132.8000199,1,2
1,2,31,4,2,1410,3,6,2,4500,42,1,2,131.4921807,1,2
1,2,31,4,2,1410,3,6,2,4500,42,1,2,131.4921807,1,2
1,1,30,5,6,2420,5,4,1,6300,48,1,2,137.9812328,1,2
1,1,30,5,6,2511,5,3,1,6000,48,1,2,137.9812328,1,2
1,1,22,5,7,2511,3,7,2,4000,56,1,2,143.3687754,1,2
1,1,22,5,7,2511,3,7,2,4300,56,1,2,143.3687754,1,2
1,1,38,4,2,2599,5,3,1,5500,56,1,2,120.7102901,1,2
1,1,38,4,5,2410,5,3,1,5700,48,1,2,120.7102901,1,2
1,1,38,4,5,2410,5,2,1,6500,48,1,2,120.7102901,1,2
1,2,33,4,2,1410,3,6,2,4000,63,1,2,119.5215128,1,2
1,1,28,5,2,3100,3,6,2,6000,54,1,2,137.652568,1,2
1,1,30,4,2,3100,3,6,2,5500,52,1,2,137.652568,1,2
1,2,31,4,2,2640,5,2,1,7000,48,1,2,136.2969399,1,2
1,2,42,3,1,1073,5,2,1,6000,48,1,2,136.2969399,1,2
1,1,24,5,2,3100,3,6,2,5000,50,1,2,143.0272777,1,2
1,1,24,5,2,2599,5,2,2,6000,48,1,2,143.0272777,1,2
1,2,23,7,1,2410,5,2,1,4800,48,1,2,135.7467545,1,2
1,2,23,7,1,2599,5,2,2,4800,48,1,2,135.7467545,1,2
1,1,33,4,2,3100,3,6,2,5000,48,1,2,137.652568,1,2
1,1,34,4,2,3100,3,6,2,5000,48,1,2,137.652568,1,2
1,1,22,5,2,3100,2,6,2,3000,45,1,2,143.0272777,1,2
1,1,23,4,2,3100,3,6,2,4000,48,1,2,143.0272777,1,2
1,2,24,6,1,2410,5,2,1,4500,45,1,2,135.7467545,1,2
1,2,25,6,1,2410,5,2,1,4500,48,1,2,136.2969399,1,2
1,1,28,5,2,2512,5,2,1,6000,45,1,2,137.652568,1,2
1,1,29,5,2,2512,5,2,1,6000,48,1,2,137.652568,1,2
1,1,41,4,2,3100,3,6,2,7000,48,1,2,137.652568,1,2
1,1,42,4,2,3100,3,6,2,6000,52,1,2,137.652568,1,2
1,1,24,5,2,2512,5,2,1,5000,48,1,2,143.0272777,1,2
1,2,37,4,5,2610,5,2,1,5700,48,1,2,136.2969399,1,2
1,2,38,4,5,2640,11,2,1,5700,48,1,2,136.2969399,1,2
1,2,39,2,1,2310,11,2,1,6500,54,1,2,138.2190362,1,2
1,2,24,3,2,1410,5,2,1,5000,55,1,2,137.6610919,1,2
1,2,21,5,2,1410,11,2,1,5500,55,1,2,137.6610919,1,2
1,2,36,5,2,1410,11,2,1,7000,54,1,2,138.2190362,1,2
1,1,27,5,2,2511,3,7,2,7000,56,1,2,139.5937817,1,2
1,1,28,5,3,2512,3,7,2,8000,53,1,2,139.5937817,1,2
1,1,25,3,2,1629,3,7,2,6000,55,1,2,139.5937817,1,2
1,1,26,3,3,1629,3,7,2,7000,50,1,2,139.5937817,1,2
1,1,23,4,2,3100,3,6,2,5000,60,1,2,145.0120191,1,2
1,2,23,4,2,2630,11,1,1,7500,48,1,2,137.6304665,1,2
1,1,50,4,5,2610,11,1,1,5200,56,1,2,139.5627263,1,2
1,1,50,4,5,2610,11,1,1,5200,48,1,2,139.5627263,1,2
1,1,24,6,1,2100,5,1,1,5400,48,1,2,145.0120191,1,2
1,1,24,6,1,2100,5,1,1,5400,48,1,2,145.0120191,1,2
1,2,48,4,2,2392,5,1,1,6000,48,1,2,138.1882867,1,2
1,1,28,5,2,2511,3,5,2,5000,48,1,2,139.5805938,1,2
1,1,28,5,2,2599,3,5,2,5000,48,1,2,139.5805938,1,2
1,1,26,4,3,2511,3,6,2,4500,45,1,2,139.5805938,1,2
1,1,26,4,2,2511,3,5,2,5000,48,1,2,139.5805938,1,2
1,2,19,4,2,1410,3,6,2,5000,48,1,2,137.6480866,1,2
1,2,19,4,2,1410,3,5,2,5000,48,1,2,137.6480866,1,2
1,2,30,5,2,3250,5,2,2,6000,48,1,2,138.2059782,1,2
1,2,30,5,2,3250,5,2,1,6000,48,1,2,138.2059782,1,2
1,1,52,3,2,2930,3,6,2,5000,48,1,2,139.5805938,1,2
1,1,52,3,2,2930,3,5,2,5000,48,1,2,139.5805938,1,2
1,1,33,5,3,2511,3,6,2,5000,50,1,2,139.5805938,1,2
1,1,33,4,3,2511,3,6,2,5000,50,1,2,139.5805938,1,2
1,2,26,4,2,2511,3,6,2,4000,40,1,2,138.2059782,1,2
1,1,21,3,2,1410,5,2,2,5000,48,1,2,145.0305842,1,2
1,2,21,4,2,1410,5,2,2,4000,40,1,2,137.6480866,1,2
1,2,33,6,2,2610,11,2,1,5000,48,1,2,139.2982555,1,2
1,2,48,5,2,2790,5,2,1,6000,56,1,1,177.0731526,1,2
1,1,27,7,3,1811,10,2,1,3000,52,1,1,178.7270055,1,2
1,2,24,5,3,2610,11,2,1,3500,48,1,1,195.6453501,1,2
1,2,24,8,1,2610,11,2,1,5000,48,1,1,195.6453501,1,2
1,1,32,5,2,3100,3,7,2,5500,56,1,1,178.7270055,1,2
1,2,27,8,1,2610,11,2,2,5600,48,1,1,177.0731526,1,2
1,2,28,8,1,2610,11,2,1,5600,48,1,1,177.0731526,1,2
1,2,29,6,1,1410,5,2,1,5000,48,1,2,154.6212476,1,2
1,1,31,7,1,2392,5,2,1,5000,56,1,2,156.1591317,1,2
1,1,40,5,7,2431,5,2,1,7000,50,1,2,137.5214953,1,2
1,1,25,5,3,3100,3,6,2,5300,56,1,2,137.5214953,1,2
1,1,26,4,2,3100,3,6,2,8000,54,1,2,137.5214953,1,2
1,2,25,5,3,1410,5,4,2,4000,50,1,2,136.167158,1,2
1,1,40,4,1,3100,3,2,2,7000,56,1,2,137.6595982,1,2
1,1,28,7,2,2750,11,2,1,6000,48,1,2,137.6595982,1,2
1,1,29,4,5,2599,5,2,1,9000,48,1,2,117.7861774,1,2
1,1,33,6,2,2396,5,1,1,6500,48,1,2,129.098946,1,2
1,2,29,8,1,118,9,1,1,5000,40,1,2,128.5374722,1,2
1,1,26,8,1,2930,5,2,1,6500,48,1,1,218.2870472,1,2
1,1,33,8,1,1080,11,2,1,10000,48,1,1,218.2870472,1,2
1,1,33,8,1,1080,11,3,1,10000,50,1,1,218.2870472,1,2
1,2,29,8,1,1080,11,3,1,9500,48,1,1,216.267125,1,2
1,1,34,7,5,2394,5,6,1,6500,40,1,2,159.4899069,1,2
1,2,30,8,1,1410,11,2,1,7000,52,1,2,157.9192207,1,2
1,2,31,8,1,1410,11,2,1,7000,48,1,2,157.9192207,1,2
1,1,25,7,1,2930,5,2,1,6000,48,1,2,159.4899069,1,2
1,1,26,7,1,2592,5,3,1,6000,48,1,2,159.4899069,1,2
1,1,23,5,5,1010,5,2,2,6000,40,1,2,165.7172658,1,2
1,1,35,5,2,2930,5,2,1,8000,54,1,2,159.4899069,1,2
1,2,39,9,1,130,5,1,1,5500,45,1,2,151.5497804,1,2
1,1,47,6,1,2640,10,1,1,8000,48,1,2,152.2117759,1,2
1,2,36,2,2,2395,5,1,1,4500,48,1,2,150.7127661,1,2
1,1,36,5,6,2395,5,1,1,7000,48,1,2,152.2117759,1,2
1,2,35,8,1,161,8,1,1,5800,40,1,2,151.5497804,1,2
1,2,30,6,1,1080,11,3,1,5000,48,1,2,137.0223524,1,2
1,2,30,6,1,1080,11,2,1,5000,48,1,2,137.0223524,1,2
1,2,23,8,1,1629,5,3,1,5000,48,1,2,136.4692387,1,2
1,1,38,8,1,2395,5,2,1,10000,49,1,2,128.6538301,1,2
1,1,23,4,6,3091,11,3,1,7000,48,1,2,133.6771798,1,2
1,1,29,8,1,3230,5,2,1,7000,50,1,2,136.5223179,1,2
1,1,34,8,1,3091,5,3,1,10000,48,1,2,127.8238054,1,2
1,1,34,8,1,2930,11,3,1,10000,48,1,2,127.8238054,1,2
1,2,36,5,2,1410,3,6,2,6000,48,1,2,139.5189017,1,2
1,2,37,5,2,1410,3,6,2,6000,48,1,2,139.5189017,1,2
1,2,44,4,2,1410,3,6,2,6000,48,1,2,139.5189017,1,2
1,2,45,4,2,1410,3,6,2,6000,48,1,2,139.5189017,1,2
1,2,41,4,2,1410,3,6,2,5000,48,1,2,139.5189017,1,2
1,2,41,4,2,1410,3,6,2,6000,48,1,2,139.5189017,1,2
1,1,27,5,2,1410,3,6,2,5000,48,1,2,140.9065759,1,2
1,1,27,5,2,1410,3,6,2,6000,48,1,2,140.9065759,1,2
1,2,24,5,2,1410,3,6,2,5000,48,1,2,138.9557103,1,2
1,2,25,5,2,1410,3,6,2,6000,48,1,2,139.5189017,1,2
1,1,30,4,2,1410,3,7,2,6000,48,1,2,140.9065759,1,2
1,2,24,4,2,1410,3,7,2,6000,48,1,2,138.9557103,1,2
1,2,36,4,2,1410,3,6,2,5000,48,1,2,139.5189017,1,2
1,1,40,8,2,3319,5,1,1,7000,48,1,2,140.9065759,1,2
1,1,40,8,1,1410,5,1,1,8000,48,1,2,140.9065759,1,2
1,2,62,4,1,1410,3,6,2,3000,40,1,2,119.915802,1,2
1,1,27,7,1,2100,5,1,1,6000,48,1,2,140.9065759,1,2
1,1,27,7,1,2100,5,1,1,6500,48,1,2,140.9065759,1,2
1,2,25,7,1,2100,5,1,1,6000,48,1,2,139.5189017,1,2
1,2,25,7,1,2100,5,1,1,6500,48,1,2,139.5189017,1,2
1,1,28,5,2,1410,5,2,2,5000,48,1,2,139.8141624,1,2
1,2,21,4,2,1410,5,2,2,5000,48,1,2,137.8784214,1,2
1,1,55,5,5,2100,5,7,2,7000,48,1,2,139.8141624,1,2
1,1,43,4,2,2511,3,6,2,5000,50,1,2,139.8141624,1,2
1,2,38,4,5,1410,3,6,2,6000,50,1,2,138.4372465,1,2
1,2,22,7,1,2511,5,2,1,5000,48,1,2,137.8784214,1,2
1,2,37,3,2,1410,3,6,2,7000,50,1,2,138.4372465,1,2
1,1,38,5,2,3100,3,6,2,4000,40,1,2,141.5192131,1,2
1,1,32,8,1,1621,5,1,1,6000,40,1,2,141.5192131,1,2
1,2,29,8,1,1410,5,1,1,5000,40,1,2,140.1255056,1,2
1,2,28,8,1,1410,5,5,2,5000,40,1,2,140.1255056,1,2
1,2,28,8,1,1410,5,1,1,5000,40,1,2,140.1255056,1,2
1,1,23,5,2,1410,5,1,1,5000,48,1,2,147.0448978,1,2
1,1,23,5,2,1410,5,1,1,5000,48,1,2,147.0448978,1,2
1,1,32,8,6,3011,5,1,1,8000,48,1,2,141.5192131,1,2
1,1,32,8,6,3011,5,1,1,8000,40,1,2,141.5192131,1,2
1,2,23,7,1,1410,5,1,1,6000,48,1,2,139.5598656,1,2
1,2,24,7,1,1410,5,1,1,6000,40,1,2,139.5598656,1,2
1,2,61,1,2,3290,3,6,2,3000,40,1,2,117.2843694,1,2
1,2,56,4,2,3290,3,6,2,3000,40,1,2,117.2843694,1,2
1,1,60,4,2,3100,3,6,2,2000,40,1,2,118.4508958,1,2
1,1,60,4,2,3290,3,6,2,2000,40,1,2,118.4508958,1,2
1,1,31,5,2,3100,3,6,2,2000,40,1,2,137.8145217,1,2
1,1,31,5,2,3290,3,6,2,2000,40,1,2,137.8145217,1,2
1,1,22,4,2,3290,3,6,2,3500,48,1,2,143.195555,1,2
1,1,49,3,2,1629,3,6,2,7000,45,1,2,137.8145217,1,2
1,1,49,4,2,1629,3,6,2,7000,48,1,2,137.8145217,1,2
1,1,20,4,2,1629,3,6,2,3000,45,1,2,143.195555,1,2
1,1,20,4,2,1629,3,6,2,5000,42,1,2,143.195555,1,2
1,2,44,4,2,1629,3,6,2,5000,45,1,2,136.4572987,1,2
1,2,45,4,2,1629,3,6,2,5000,40,1,2,136.4572987,1,2
1,1,45,4,2,1629,3,6,2,6000,40,1,2,137.8145217,1,2
1,1,45,4,2,1629,3,6,2,6000,48,1,2,137.8145217,1,2
1,2,41,4,2,1629,3,6,2,5000,40,1,2,136.4572987,1,2
1,2,42,4,2,1629,3,6,2,5000,48,1,2,136.4572987,1,2
1,2,50,5,1,2220,5,1,2,5000,40,1,2,138.3290248,1,2
1,2,50,5,2,2220,5,1,2,6000,40,1,2,138.3290248,1,2
1,1,48,4,3,2220,5,5,2,4500,48,1,2,139.7048643,1,2
1,1,48,4,4,2220,5,1,2,5000,48,1,2,139.7048643,1,2
1,2,46,4,2,1629,3,6,2,4000,40,1,2,138.3290248,1,2
1,2,46,4,2,1629,3,6,2,4000,48,1,2,138.3290248,1,2
1,1,23,5,2,2511,3,6,2,5000,48,1,2,145.1597068,1,2
1,2,26,5,1,2220,5,1,2,6000,48,1,2,138.3290248,1,2
1,2,26,5,2,2220,5,1,2,6000,48,1,2,138.3290248,1,2
1,2,33,4,1,1629,3,6,2,2000,48,1,2,138.3290248,1,2
1,2,31,5,5,1410,3,6,2,4000,40,1,2,138.3290248,1,2
1,2,31,5,2,1410,3,6,2,5000,48,1,2,138.3290248,1,2
1,1,59,5,6,1103,5,1,1,7000,48,1,2,139.7048643,1,2
1,1,59,5,6,1103,5,1,1,7000,48,1,2,139.7048643,1,2
1,1,26,3,1,1410,5,2,1,7000,50,1,2,141.5192131,1,2
1,1,26,3,2,1410,5,2,1,7000,48,1,2,141.5192131,1,2
1,2,24,4,2,1410,5,2,2,5000,52,1,2,139.5598656,1,2
1,2,25,4,5,1410,5,2,2,5000,48,1,2,140.1255056,1,2
1,1,37,5,6,2511,5,1,1,6500,48,1,2,141.5192131,1,2
1,1,38,5,6,2511,3,2,1,6500,48,1,2,141.5192131,1,2
1,2,31,8,1,1410,5,1,1,15000,48,1,2,140.1255056,1,2
1,2,31,8,1,1410,5,2,1,15000,48,1,2,140.1255056,1,2
1,1,36,5,1,1410,5,1,1,5600,60,1,2,141.5192131,1,2
1,2,30,5,2,1410,5,1,1,6500,60,1,2,140.1255056,1,2
1,2,37,4,2,1410,5,1,2,6800,63,1,2,140.1255056,1,2
1,2,53,4,2,3100,3,6,2,2000,42,1,2,140.1255056,1,2
1,2,25,4,2,1410,5,7,2,4500,56,1,2,135.731326,1,2
1,2,35,4,2,1410,3,6,2,6000,42,1,2,135.731326,1,2
1,2,39,8,1,2790,5,2,1,7200,48,1,2,136.3721439,1,2
1,2,40,8,1,2610,5,3,1,7200,48,1,2,136.3721439,1,2
1,1,31,5,6,2610,5,2,2,5200,48,1,2,137.7285199,1,2
1,1,32,5,6,2710,5,3,2,4000,48,1,2,137.7285199,1,2
1,1,45,5,2,3100,3,6,2,4000,44,1,2,137.7285199,1,2
1,2,46,7,2,1410,5,7,2,5000,60,1,2,136.3721439,1,2
1,1,24,5,7,2511,3,7,2,5500,56,1,2,149.1455392,1,2
1,1,25,5,7,2511,3,7,2,5500,56,1,2,143.5409162,1,2
1,2,46,4,1,1410,3,5,2,2700,37,1,2,142.1272986,1,2
1,2,46,4,2,1410,3,7,2,4000,42,1,2,142.1272986,1,2
1,2,25,8,1,2790,5,2,1,7600,48,1,2,142.1272986,1,2
1,2,25,8,1,2790,5,3,1,6200,48,1,2,142.1272986,1,2
1,1,27,8,1,1410,5,1,1,6000,48,1,2,143.5409162,1,2
1,1,27,8,1,1410,5,1,1,6000,48,1,2,143.5409162,1,2
1,2,31,5,2,1322,3,6,2,3200,50,1,2,142.1272986,1,2
1,2,39,4,2,1322,3,6,2,3700,50,1,2,142.1272986,1,2
1,2,40,4,2,1430,3,7,2,5400,48,1,2,142.1272986,1,2
1,1,65,4,2,1073,5,6,2,3200,48,1,2,123.3727034,1,2
1,2,47,4,2,1322,3,6,2,3500,45,1,2,142.1272986,1,2
1,1,46,4,2,2310,3,6,2,4200,46,1,2,168.4195594,1,2
1,2,21,6,1,3100,5,7,2,6200,48,1,2,166.0877739,1,2
1,1,29,3,2,3100,3,7,2,5500,56,1,2,168.4195594,1,2
1,2,27,5,7,2022,5,2,1,4800,48,1,2,166.7609323,1,2
1,1,38,3,2,2599,3,7,2,5700,45,1,2,168.4195594,1,2
1,1,38,3,2,2511,3,6,2,5700,52,1,2,168.4195594,1,2
1,2,75,3,2,1071,3,6,2,1700,56,1,2,143.3301918,1,2
1,1,26,7,2,1104,5,2,1,7200,48,1,2,168.4195594,1,2
1,1,37,5,2,1410,3,6,2,3500,50,1,2,168.4195594,1,2
1,1,37,5,2,1410,3,6,2,4200,48,1,2,168.4195594,1,2
1,2,34,4,2,1410,3,6,2,3700,50,1,2,166.7609323,1,2
1,2,34,4,2,1410,3,6,2,4500,48,1,2,166.7609323,1,2
1,1,30,4,1,3100,3,6,2,6000,55,1,1,191.4658248,1,2
1,2,23,4,2,1410,3,6,2,4000,50,1,1,209.5900294,1,2
1,2,23,4,1,1410,3,6,2,4000,50,1,1,209.5900294,1,2
1,2,52,6,2,1410,3,6,2,4000,52,1,1,189.6940932,1,2
1,2,52,6,2,1410,3,6,2,4500,52,1,1,189.6940932,1,2
1,1,50,3,5,2392,3,6,2,8000,50,1,1,191.4658248,1,2
1,1,31,2,2,2511,3,7,2,8000,56,1,1,191.4658248,1,2
1,1,32,2,2,2511,3,6,2,8000,56,1,1,191.4658248,1,2
1,2,16,4,3,1410,3,6,2,4000,52,1,1,209.5900294,1,2
1,2,16,4,2,1410,3,6,2,3500,52,1,1,209.5900294,1,2
1,1,26,5,6,3100,3,6,2,9000,56,1,1,191.4658248,1,2
1,2,53,4,2,3100,3,6,2,4500,56,1,1,189.6940932,1,2
1,1,33,5,3,3100,3,6,2,8000,56,1,1,191.4658248,1,2
1,1,33,5,2,3100,3,6,2,8000,56,1,1,191.4658248,1,2
1,2,29,6,3,1329,3,6,2,4200,52,1,1,189.6940932,1,2
1,2,29,6,2,1329,3,6,2,4500,52,1,1,189.6940932,1,2
1,1,37,3,3,3100,3,6,2,7600,56,1,1,191.4658248,1,2
1,1,37,3,1,3100,3,6,2,7000,56,1,1,191.4658248,1,2
1,2,23,8,1,2220,5,2,2,4000,48,1,1,209.5900294,1,2
1,2,23,8,1,2220,5,2,1,4000,48,1,1,209.5900294,1,2
1,1,43,5,2,2599,5,6,2,6000,56,1,2,142.5522001,1,2
1,1,43,5,5,2599,5,2,2,6000,60,1,2,142.5522001,1,2
1,1,43,5,5,2511,5,3,2,6000,56,1,2,142.5522001,1,2
1,2,41,5,2,1322,5,2,2,5000,40,1,2,141.1483196,1,2
1,2,41,5,2,1322,5,3,2,5000,60,1,2,141.1483196,1,2
1,1,25,4,2,1702,5,3,2,6000,56,1,2,142.5522001,1,2
1,2,31,5,1,2610,11,2,1,6000,56,1,2,128.3592418,1,2
1,1,15,4,1,2392,5,6,2,3000,50,1,2,134.6976163,1,2
1,2,21,5,2,1629,3,6,2,3000,56,1,2,127.8410982,1,2
1,2,60,4,2,1629,3,6,2,3000,50,1,2,110.3241298,1,2
1,2,55,4,2,1629,3,6,2,3000,40,1,2,110.3241298,1,2
1,2,30,5,3,2733,5,1,1,5000,56,1,2,128.3592418,1,2
1,2,36,5,2,1410,3,6,2,6000,60,1,2,128.3592418,1,2
1,2,36,5,2,1410,3,6,2,6000,50,1,2,128.3592418,1,2
1,2,57,4,2,1629,3,6,2,2500,45,1,2,110.3241298,1,2
1,1,63,4,2,1629,3,6,2,2800,45,1,2,111.4214287,1,2
1,2,37,5,2,1410,3,6,2,4500,56,1,2,128.3592418,1,2
1,2,37,5,2,1410,3,6,2,4500,52,1,2,128.3592418,1,2
1,2,33,4,2,1410,3,6,2,3000,56,1,2,128.3592418,1,2
1,2,33,4,2,1410,3,6,2,3500,56,1,2,128.3592418,1,2
1,2,43,4,2,1629,3,6,2,2500,40,1,2,128.3592418,1,2
1,1,35,4,2,1512,3,6,2,3500,40,1,2,138.8822092,1,2
1,2,33,4,2,1512,3,6,2,4000,48,1,2,137.5144714,1,2
1,2,52,2,2,1322,3,6,2,2500,48,1,2,137.5144714,1,2
1,1,44,3,2,2511,3,6,2,6000,56,1,2,138.8822092,1,2
1,2,40,3,2,1512,3,6,2,3000,50,1,2,137.5144714,1,2
1,2,41,3,2,1512,3,6,2,4800,49,1,2,137.5144714,1,2
1,2,17,3,2,2732,5,2,1,4500,48,1,2,136.9593712,1,2
1,2,18,3,2,2732,5,2,1,5000,48,1,2,136.9593712,1,2
1,1,47,2,2,2511,3,6,2,7000,48,1,2,138.8822092,1,2
1,2,42,2,2,1512,3,6,2,2000,56,1,2,137.5144714,1,2
1,2,43,2,2,1512,3,6,2,4800,40,1,2,137.5144714,1,2
1,2,18,3,2,1512,3,6,2,2600,50,1,2,136.9593712,1,2
1,2,18,3,2,1512,3,6,2,3300,48,1,2,136.9593712,1,2
1,1,43,3,2,1512,3,6,2,4000,48,1,2,138.8822092,1,2
1,1,44,3,2,1512,3,6,2,4800,45,1,2,138.8822092,1,2
1,2,41,3,2,1512,3,6,2,5800,48,1,2,137.5144714,1,2
1,1,38,2,2,2220,5,2,2,8000,56,1,2,138.8822092,1,2
1,1,39,2,1,2220,5,2,2,8000,48,1,2,138.8822092,1,2
1,1,74,4,2,1512,3,6,2,1500,56,1,2,119.3685679,1,2
1,1,24,3,2,1629,3,6,2,4500,50,1,2,144.3049308,1,2
1,1,25,3,2,3100,3,6,2,6000,48,1,2,138.8822092,1,2
1,2,80,2,2,1629,3,6,2,500,56,1,2,118.1930041,1,2
1,2,46,2,2,1512,3,6,2,3000,50,1,2,137.5144714,1,2
1,2,47,2,5,1512,3,6,2,3000,40,1,2,137.5144714,1,2
1,1,21,3,2,1629,3,6,2,7000,48,1,2,144.3049308,1,2
1,1,21,3,2,1629,3,6,2,5000,48,1,2,144.3049308,1,2
1,2,43,3,2,1629,3,6,2,1800,50,1,2,137.5144714,1,2
1,2,44,3,2,1512,3,6,2,2000,40,1,2,137.5144714,1,2
1,2,19,4,2,1629,3,6,2,2200,48,1,2,136.9593712,1,2
1,2,20,4,2,1512,3,6,2,2800,52,1,2,136.9593712,1,2
1,2,15,4,2,1512,3,6,2,2600,50,1,2,136.9593712,1,2
1,2,36,4,1,1512,3,6,2,3800,60,1,2,137.5144714,1,2
1,2,36,4,2,1512,3,6,2,3800,54,1,2,137.5144714,1,2
1,1,62,4,2,1629,3,6,2,3200,52,1,2,119.3685679,1,2
1,2,62,2,2,1629,3,6,2,2000,56,1,2,118.1930041,1,2
1,2,57,2,2,1629,3,6,2,2000,35,1,2,118.1930041,1,2
1,2,24,3,2,1629,3,6,2,4200,60,1,2,136.9593712,1,2
1,1,78,5,2,1629,3,6,2,2000,42,1,2,119.3685679,1,2
1,2,76,2,2,1629,3,6,2,2000,50,1,2,118.1930041,1,2
1,1,55,2,2,1512,3,6,2,2600,45,1,2,138.8822092,1,2
1,2,54,3,2,1512,3,6,2,3200,52,1,2,137.5144714,1,2
1,1,32,3,2,1512,3,6,2,8500,50,1,2,138.8822092,1,2
1,1,32,3,2,1520,3,6,2,4000,56,1,2,138.8822092,1,2
1,2,30,3,2,1520,3,6,2,4000,56,1,2,137.5144714,1,2
1,1,57,4,2,1629,3,6,2,3200,45,1,2,138.8822092,1,2
1,2,54,2,2,1629,3,6,2,4000,53,1,2,137.5144714,1,2
1,2,52,3,2,1520,3,6,2,3000,56,1,2,142.0450331,1,2
1,2,60,4,2,1629,3,6,2,1800,52,1,2,122.0869994,1,2
1,2,60,3,2,1629,3,6,2,1500,50,1,2,122.0869994,1,2
1,1,50,3,2,1410,3,6,2,4600,50,1,2,143.4578325,1,2
1,2,46,3,2,1410,3,6,2,5000,56,1,2,142.0450331,1,2
1,1,22,4,2,1410,3,6,2,6250,50,1,2,149.0592115,1,2
1,1,22,3,2,1410,3,6,2,7000,58,1,2,149.0592115,1,2
1,2,26,3,2,1410,3,6,2,6500,50,1,2,142.0450331,1,2
1,1,27,3,2,1410,3,6,2,5400,56,1,2,143.4578325,1,2
1,2,25,8,2,1410,3,6,2,3000,53,1,2,142.0450331,1,2
1,1,39,3,2,3100,3,6,2,4000,40,1,2,143.4578325,1,2
1,2,47,3,2,1410,5,6,2,6000,48,1,2,142.0450331,1,2
1,2,25,4,2,1410,3,6,2,3000,55,1,2,142.0450331,1,2
1,2,17,4,2,1410,5,6,2,4500,60,1,2,141.4716446,1,2
1,1,49,3,2,1410,3,6,2,4000,48,1,2,143.4578325,1,2
1,2,41,3,2,1410,3,6,2,4500,55,1,2,142.0450331,1,2
1,2,17,4,2,1410,3,6,2,4800,55,1,2,141.4716446,1,2
1,2,52,4,2,1410,3,6,2,4500,52,1,2,142.0450331,1,2
1,1,24,3,2,1410,3,6,2,5500,56,1,2,149.0592115,1,2
1,1,52,4,2,1410,3,6,2,6000,40,1,2,143.4578325,1,2
1,1,52,4,2,1410,3,6,2,3000,45,1,2,143.4578325,1,2
1,2,51,3,2,1410,3,6,2,5700,48,1,2,142.0450331,1,2
1,2,51,4,2,1410,3,6,2,4500,55,1,2,142.0450331,1,2
1,1,58,3,5,1410,5,6,2,3000,56,1,2,143.4578325,1,2
1,1,58,3,2,1410,5,6,2,3000,50,1,2,143.4578325,1,2
1,2,57,4,5,1410,5,6,2,3000,60,1,2,122.0869994,1,2
1,2,57,4,2,1410,5,6,2,3000,50,1,2,122.0869994,1,2
1,1,29,3,5,1410,5,3,2,4500,63,1,2,143.4578325,1,2
1,1,30,3,2,1410,5,2,2,5000,52,1,2,143.4578325,1,2
1,2,25,3,5,1410,5,3,2,4800,63,1,2,142.0450331,1,2
1,2,25,3,2,1410,5,2,2,5000,52,1,2,142.0450331,1,2
1,1,42,2,5,1410,3,6,2,3000,60,1,2,143.4578325,1,2
1,1,43,2,2,1410,3,6,2,7000,50,1,2,143.4578325,1,2
1,2,39,3,5,1410,3,6,2,2500,60,1,2,142.0450331,1,2
1,2,39,3,2,1410,3,6,2,6800,48,1,2,142.0450331,1,2
1,1,19,4,5,1410,3,6,2,1700,35,1,2,149.0592115,1,2
1,1,19,4,2,1410,3,6,2,5600,50,1,2,149.0592115,1,2
1,1,19,3,5,1410,3,6,2,6000,59,1,2,149.0592115,1,2
1,1,30,3,2,1410,3,6,2,8000,50,1,2,143.4578325,1,2
1,2,22,5,2,1410,3,6,2,7000,62,1,2,141.4716446,1,2
1,2,23,5,2,1410,3,6,2,7200,56,1,2,141.4716446,1,2
1,1,64,6,2,1520,3,6,2,2000,50,1,2,123.3012934,1,2
1,1,64,6,2,1520,3,6,2,3500,50,1,2,123.3012934,1,2
1,2,58,3,2,1520,3,6,2,2500,54,1,2,122.0869994,1,2
1,2,58,3,2,1520,3,6,2,3000,50,1,2,122.0869994,1,2
1,1,37,2,6,1410,3,6,2,4500,60,1,2,143.4578325,1,2
1,1,37,2,6,1410,3,6,2,6000,50,1,2,143.4578325,1,2
1,2,32,3,6,1410,3,6,2,4000,55,1,2,142.0450331,1,2
1,2,33,3,6,1410,3,6,2,6000,50,1,2,142.0450331,1,2
1,2,55,2,2,1520,3,6,2,3000,44,1,2,122.0869994,1,2
1,1,40,3,5,1410,3,6,2,6500,54,1,2,143.4578325,1,2
1,1,40,3,2,1410,3,6,2,8000,50,1,2,143.4578325,1,2
1,2,37,3,2,1410,3,6,2,6000,53,1,2,142.0450331,1,2
1,2,37,3,2,1410,3,6,2,6500,56,1,2,142.0450331,1,2
1,2,43,3,5,1410,3,6,2,5500,52,1,2,142.0450331,1,2
1,2,43,3,2,1410,3,6,2,6000,48,1,2,142.0450331,1,2
1,1,22,5,5,1410,3,6,2,6600,58,1,2,149.0592115,1,2
1,1,22,5,2,1410,3,6,2,7500,50,1,2,149.0592115,1,2
1,2,16,3,5,1410,3,6,2,6000,50,1,2,141.4716446,1,2
1,2,16,3,2,1410,3,6,2,6300,52,1,2,141.4716446,1,2
1,1,27,3,5,1410,3,6,2,6500,59,1,2,143.4578325,1,2
1,1,27,3,2,1410,3,6,2,7000,50,1,2,143.4578325,1,2
1,2,23,5,5,1410,3,6,2,5000,58,1,2,141.4716446,1,2
1,2,23,5,2,1410,3,6,2,6300,52,1,2,141.4716446,1,2
1,1,21,4,5,1410,3,6,2,5000,52,1,2,149.0592115,1,2
1,1,21,4,2,1410,3,6,2,4500,50,1,2,149.0592115,1,2
1,1,20,4,2,1410,3,6,2,5500,50,1,2,149.0592115,1,2
1,1,20,4,2,1410,3,6,2,4800,46,1,2,149.0592115,1,2
1,2,20,5,2,2732,11,2,1,4500,48,1,2,136.0997036,1,2
1,1,21,5,2,2731,11,2,1,5500,48,1,2,143.3991566,1,2
1,1,33,3,2,2610,11,2,1,5000,48,1,2,138.0104723,1,2
1,2,42,3,2,1410,5,6,2,4800,56,1,2,136.6513196,1,2
1,1,36,5,2,1410,5,2,1,6600,48,1,2,138.0104723,1,2
1,1,36,5,2,1410,5,2,1,7000,48,1,2,138.0104723,1,2
1,2,32,5,2,2740,5,2,1,8000,56,1,2,136.6513196,1,2
1,2,32,5,2,2732,5,2,1,7000,48,1,2,136.6513196,1,2
1,2,34,4,2,1410,3,2,1,8000,48,1,2,136.6513196,1,2
1,2,34,4,2,1410,5,2,1,4500,48,1,2,136.6513196,1,2
1,1,25,4,2,1520,3,2,2,4500,52,1,2,138.0104723,1,2
1,1,25,4,2,1520,3,6,2,5000,54,1,2,138.0104723,1,2
1,2,21,5,2,3091,5,2,1,5000,0,1,2,136.0997036,1,2
1,2,21,5,2,3091,5,2,1,4000,48,1,2,136.0997036,1,2
1,2,38,3,2,2732,5,2,1,6000,56,1,2,136.6513196,1,2
1,2,38,3,2,2732,5,3,1,6000,60,1,2,136.6513196,1,2
1,2,40,3,2,1520,3,6,2,4500,56,1,2,136.6513196,1,2
1,2,40,3,2,1520,3,7,2,4500,59,1,2,136.6513196,1,2
1,1,20,5,2,1410,5,2,2,3600,40,1,2,143.3991566,1,2
1,1,21,5,2,1410,5,6,2,3800,45,1,2,143.3991566,1,2
1,2,38,3,2,1520,3,6,2,4500,54,1,2,136.6513196,1,2
1,2,39,2,1,1410,3,6,2,3000,45,1,2,136.6513196,1,2
1,2,39,3,2,1410,3,6,2,4000,52,1,2,136.6513196,1,2
1,1,33,3,2,1520,3,6,2,5000,60,1,2,138.0104723,1,2
1,1,33,3,2,1520,3,6,2,9000,60,1,2,138.0104723,1,2
1,2,32,4,2,1520,3,6,2,4000,50,1,2,136.6513196,1,2
1,1,30,4,2,1520,3,6,2,5000,45,1,2,138.0104723,1,2
1,1,30,4,2,1520,3,6,2,6000,50,1,2,138.0104723,1,2
1,2,26,4,2,1520,3,6,2,4800,40,1,2,136.6513196,1,2
1,2,26,4,2,1520,3,6,2,5600,48,1,2,136.6513196,1,2
1,1,22,2,2,3091,5,2,2,5400,48,1,2,143.3991566,1,2
1,2,53,3,5,3091,5,2,1,5000,48,1,2,136.6513196,1,2
1,2,35,5,2,3091,5,2,1,5000,48,1,2,136.6513196,1,2
1,2,35,5,2,2930,5,2,1,4600,48,1,2,136.6513196,1,2
1,2,46,3,2,1520,3,6,2,3000,49,1,2,136.6513196,1,2
1,2,47,3,2,1520,3,6,2,4000,46,1,2,136.6513196,1,2
1,1,42,5,2,1520,3,6,2,6500,50,1,2,138.0104723,1,2
1,1,43,5,2,1520,3,6,2,6000,40,1,2,138.0104723,1,2
1,2,39,4,2,1520,3,6,2,4000,49,1,2,136.6513196,1,2
1,2,40,4,2,1520,3,6,2,5700,50,1,2,136.6513196,1,2
1,1,30,3,2,1520,3,6,2,5000,56,1,2,138.0104723,1,2
1,2,30,4,2,1520,3,6,2,5000,50,1,2,136.6513196,1,2
1,2,30,4,2,1520,3,6,2,5500,45,1,2,136.6513196,1,2
1,1,34,3,2,2732,5,2,1,5000,48,1,2,138.0104723,1,2
1,2,32,5,2,1410,5,2,1,5000,48,1,2,136.6513196,1,2
1,2,33,5,2,1410,5,2,1,4500,48,1,2,136.6513196,1,2
1,1,30,4,2,1811,3,7,2,6000,50,1,2,138.0104723,1,2
1,1,31,4,2,1811,3,6,2,7000,48,1,2,138.0104723,1,2
1,2,23,5,2,2732,5,3,1,4000,50,1,2,136.0997036,1,2
1,2,23,5,2,2732,5,2,2,5000,48,1,2,136.0997036,1,2
1,1,68,4,2,1410,3,6,2,3000,48,1,2,118.6193144,1,2
1,2,64,4,2,1410,3,6,2,4000,45,1,2,117.4511294,1,2
1,1,33,4,2,1520,3,6,2,4000,50,1,2,138.0104723,1,2
1,1,33,4,2,1520,3,6,2,5800,45,1,2,138.0104723,1,2
1,2,27,4,2,1410,5,3,1,6000,52,1,2,136.6513196,1,2
1,2,28,4,2,1410,5,2,1,5500,48,1,2,136.6513196,1,2
1,2,29,4,5,1410,5,3,1,4500,52,1,2,136.6513196,1,2
1,2,30,4,2,1410,5,2,1,4500,48,1,2,136.6513196,1,2
1,1,18,4,2,2732,5,3,1,3500,50,1,2,143.3991566,1,2
1,1,18,4,2,2610,5,2,2,5500,48,1,2,143.3991566,1,2
1,1,37,4,2,1520,3,6,2,7500,63,1,2,138.0104723,1,2
1,1,37,4,2,1520,3,6,2,6500,50,1,2,138.0104723,1,2
1,2,33,4,2,1520,3,6,2,6000,60,1,2,136.6513196,1,2
1,2,33,4,2,1520,3,6,2,7000,45,1,2,136.6513196,1,2
1,2,48,3,2,1410,5,3,1,5500,54,1,2,136.6513196,1,2
1,2,48,3,2,1410,5,2,1,6000,48,1,2,136.6513196,1,2
1,1,26,5,3,2511,3,6,2,5000,50,1,1,185.2731849,1,2
1,1,43,4,2,2511,3,6,2,4500,40,1,1,185.2731849,1,2
1,1,43,4,2,2511,3,6,2,4500,62,1,1,185.2731849,1,2
1,1,48,6,1,2511,5,2,2,4000,40,1,1,185.2731849,1,2
1,1,48,5,6,2511,5,2,1,4000,40,1,1,185.2731849,1,2
1,1,43,4,2,3100,3,6,2,4000,60,1,1,185.2731849,1,2
1,1,43,3,2,3100,3,6,2,4000,60,1,1,185.2731849,1,2
1,2,43,5,4,161,9,1,1,3800,40,1,1,183.5587569,1,2
1,2,43,6,4,161,5,1,1,3800,40,1,1,183.5587569,1,2
1,1,35,5,6,161,9,1,1,6000,40,1,1,185.2731849,1,2
1,1,35,5,6,161,10,1,1,6000,40,1,1,185.2731849,1,2
1,1,16,4,2,3091,5,2,2,4000,60,1,2,143.2745158,1,2
1,1,16,4,2,3091,5,2,2,4000,60,1,2,143.2745158,1,2
1,1,43,4,2,2511,3,6,2,5000,50,1,2,137.8905154,1,2
1,1,46,4,2,2511,3,6,2,5500,50,1,2,137.8905154,1,2
1,1,37,5,2,1622,3,6,2,8000,50,1,2,137.3812245,1,2
1,2,54,4,2,1629,3,6,2,2000,40,1,2,136.0282686,1,2
1,2,37,3,2,2599,3,6,2,4200,60,1,2,136.0282686,1,2
1,2,49,4,2,1410,3,6,2,5000,50,1,2,136.0282686,1,2
1,2,29,5,3,1410,3,6,2,4700,64,1,2,136.0282686,1,2
1,2,41,3,3,1322,3,6,2,3000,56,1,2,136.0282686,1,2
1,1,46,5,3,2100,5,2,1,8800,64,1,2,137.3812245,1,2
1,2,29,5,3,1410,3,6,2,4000,64,1,2,136.0282686,1,2
1,2,21,5,3,1410,5,2,2,4800,64,1,2,135.4791678,1,2
1,1,32,5,3,2220,5,2,2,4000,64,1,2,137.3812245,1,2
1,1,33,5,2,2220,5,3,2,4500,62,1,2,137.3812245,1,2
1,2,32,3,3,2220,5,2,2,4000,64,1,2,136.0282686,1,2
1,2,33,3,2,2220,5,3,2,4200,62,1,2,136.0282686,1,2
1,2,28,7,2,1410,5,2,1,4500,50,1,2,143.2862313,1,2
1,1,30,4,2,1329,3,2,2,5000,60,1,2,144.7113758,1,2
1,1,30,4,2,1322,5,2,2,6000,60,1,2,144.7113758,1,2
1,2,26,4,2,1410,5,2,1,5000,55,1,2,143.2862313,1,2
1,2,27,4,2,1410,5,2,1,5000,55,1,2,143.2862313,1,2
1,2,26,5,2,1410,5,1,1,6000,48,1,2,143.2862313,1,2
1,2,21,5,2,1410,5,1,1,5500,48,1,2,142.7078325,1,2
1,2,32,5,3,1410,5,2,1,5500,62,1,2,143.2862313,1,2
1,2,33,5,2,1410,5,2,1,6500,60,1,2,143.2862313,1,2
1,1,40,4,2,161,4,2,1,1400,42,1,2,145.5150602,1,2
1,2,38,4,3,1410,5,2,1,5000,62,1,2,143.2862313,1,2
1,2,39,4,2,1410,5,2,1,6500,62,1,2,143.2862313,1,2
1,1,26,3,2,2511,3,6,2,5000,50,1,2,144.7113758,1,2
1,2,26,5,2,2733,5,1,1,6000,48,1,2,131.4280605,1,2
1,2,26,5,2,2790,5,1,1,6000,50,1,2,131.4280605,1,2
1,1,52,5,6,2599,5,2,1,4500,58,1,2,132.735262,1,2
1,1,52,5,6,2599,5,2,1,4700,58,1,2,132.735262,1,2
1,2,47,4,3,2599,5,2,1,4000,58,1,2,131.4280605,1,2
1,2,47,4,3,2599,5,2,1,4200,58,1,2,131.4280605,1,2
1,1,28,5,3,2220,5,2,1,6000,64,1,2,132.735262,1,2
1,1,29,5,4,2220,5,2,1,6000,64,1,2,132.735262,1,2
1,2,28,5,3,1410,5,2,1,6200,64,1,2,131.4280605,1,2
1,2,28,5,4,1410,5,2,1,6200,64,1,2,131.4280605,1,2
1,2,19,5,2,2410,5,2,1,3500,58,1,2,130.8975291,1,2
1,2,20,5,2,2410,5,2,1,3500,58,1,2,130.8975291,1,2
1,2,28,5,2,1622,5,2,1,3500,60,1,2,131.4280605,1,2
1,2,28,5,2,1621,5,2,1,3500,60,1,2,131.4280605,1,2
1,1,43,5,6,1103,5,1,1,1000,48,1,2,132.735262,1,2
1,1,43,5,6,1103,5,1,1,10000,48,1,2,132.735262,1,2
1,2,60,4,2,1629,5,6,2,700,45,1,2,112.9617642,1,2
1,2,34,4,2,2610,5,2,1,5000,60,1,2,131.4280605,1,2
1,2,34,4,2,2610,5,2,1,5000,60,1,2,131.4280605,1,2
1,2,22,5,2,2599,5,1,1,4000,48,1,2,142.5292244,1,2
1,2,22,5,2,2599,5,1,1,4000,50,1,2,142.5292244,1,2
1,1,35,5,6,2220,5,2,1,6600,48,1,2,144.5302602,1,2
1,1,36,5,6,2220,5,2,1,6600,54,1,2,144.5302602,1,2
1,2,31,5,2,2100,5,2,1,6000,60,1,2,143.1068994,1,2
1,2,31,5,2,2023,5,2,1,6000,60,1,2,143.1068994,1,2
1,1,27,4,3,2733,5,3,1,5500,50,1,2,144.5302602,1,2
1,1,27,4,2,2733,5,2,1,5600,50,1,2,144.5302602,1,2
1,2,23,6,2,2733,5,3,1,5000,50,1,2,142.5292244,1,2
1,2,44,4,2,1071,5,2,1,6000,60,1,2,143.1068994,1,2
1,2,44,4,2,1073,5,2,1,6000,60,1,2,143.1068994,1,2
1,2,46,5,2,2220,5,2,1,6000,72,1,2,143.1068994,1,2
1,2,46,5,2,2220,5,2,1,6000,54,1,2,143.1068994,1,2
1,1,38,5,2,2410,5,2,1,7500,60,1,2,144.5302602,1,2
1,1,38,5,3,2599,5,2,1,7500,60,1,2,144.5302602,1,2
1,1,26,5,2,2022,5,2,1,5800,50,1,2,144.5302602,1,2
1,1,26,5,2,2022,5,2,1,5800,50,1,2,144.5302602,1,2
1,2,23,5,2,2750,5,2,1,5000,50,1,2,142.5292244,1,2
1,2,41,5,2,3100,5,6,2,5000,62,1,2,143.1068994,1,2
1,2,41,5,2,3100,5,6,2,5200,64,1,2,143.1068994,1,2
1,2,21,4,3,2733,5,3,2,6200,64,1,2,142.5292244,1,2
1,2,21,4,3,2733,5,2,2,6200,64,1,2,142.5292244,1,2
1,2,47,4,2,1073,5,2,1,4000,56,1,2,143.1068994,1,2
1,2,47,4,2,1071,5,2,1,4300,56,1,2,143.1068994,1,2
1,1,25,6,2,2910,5,2,1,4500,60,1,2,144.5302602,1,2
1,2,44,4,2,1071,5,2,1,3500,60,1,2,143.1068994,1,2
1,2,34,4,2,1410,5,2,1,4000,60,1,2,143.1068994,1,2
1,2,34,4,2,141,5,2,1,4300,60,1,2,143.901673,1,2
1,1,33,3,2,1410,5,2,1,5000,56,1,2,144.5302602,1,2
1,1,33,3,2,1410,5,2,1,5200,56,1,2,144.5302602,1,2
1,2,34,3,2,3212,5,2,1,3500,40,1,2,143.1068994,1,2
1,2,34,3,2,3212,5,2,1,4000,50,1,2,143.1068994,1,2
1,2,34,3,2,1322,3,6,2,3000,52,1,2,80.07171751,1,2
1,2,41,3,2,2220,5,3,1,6000,40,1,2,80.07171751,1,2
1,2,41,4,2,2220,5,2,1,6000,48,1,2,80.07171751,1,2
1,2,20,4,2,1520,5,3,2,6000,48,1,2,79.74849462,1,2
1,2,21,4,2,1520,5,3,2,6000,48,1,2,79.74849462,1,2
1,2,41,3,2,1322,3,6,2,3000,42,1,2,80.07171751,1,2
1,2,18,4,2,1701,5,4,2,6300,65,1,2,79.74849462,1,2
1,2,18,4,2,1709,5,3,1,4500,54,1,2,79.74849462,1,2
1,1,30,7,1,2394,5,2,1,4000,48,1,2,80.8681218,1,2
1,1,31,7,1,2394,5,2,1,4000,48,1,2,80.8681218,1,2
1,1,34,3,2,3100,3,6,2,6000,50,1,2,139.5536685,1,2
1,1,29,5,2,1702,3,6,2,5000,56,1,2,140.3096472,1,2
1,1,30,5,3,1702,3,6,2,5000,56,1,2,140.3096472,1,2
1,2,34,4,2,1410,3,2,1,4000,40,1,2,136.6397966,1,2
1,2,35,4,2,1410,3,5,2,4000,36,1,2,136.6397966,1,2
1,1,22,2,2,2511,3,6,2,5000,40,1,2,143.3870645,1,2
1,1,22,3,6,2511,3,6,2,4000,40,1,2,143.3870645,1,2
22,2,45,5,1,2391,5,1,1,5000,48,1,1,136.2908664,1,2
22,1,35,6,1,3313,5,2,1,4000,40,1,1,142.3612423,1,2
22,1,40,5,2,2391,5,1,1,6500,48,1,1,142.3612423,1,2
22,1,40,5,2,2391,5,1,1,6500,48,1,1,142.3612423,1,2
22,2,33,5,1,1701,3,2,1,5000,48,1,1,136.2908664,1,2
22,2,33,5,1,1701,3,2,1,5000,48,1,1,136.2908664,1,2
22,1,36,5,5,2391,5,1,1,6500,48,1,1,142.3612423,1,2
22,1,36,5,5,2391,5,1,1,6500,48,1,1,142.3612423,1,2
22,1,44,4,2,2391,5,1,1,5000,48,1,1,142.3612423,1,2
22,1,45,4,2,2391,5,1,1,5000,48,1,1,142.3612423,1,2
22,2,42,4,2,2391,5,1,1,5000,48,1,1,136.2908664,1,2
22,2,46,4,1,2391,5,1,1,5500,48,1,1,136.2908664,1,2
22,2,46,4,2,2391,5,1,1,5500,48,1,1,136.2908664,1,2
22,1,46,5,1,1074,5,2,1,6000,48,1,1,142.3612423,1,2
22,1,43,8,1,2394,5,2,1,11000,48,1,1,99.1444366,1,2
22,2,37,8,1,2022,5,2,1,5000,48,1,1,94.91685336,1,2
22,2,37,8,1,2022,5,2,1,5000,48,1,1,94.91685336,1,2
22,2,43,4,2,2029,5,1,1,6000,48,1,1,94.91685336,1,2
22,2,43,4,2,2029,5,1,1,6000,48,1,1,94.91685336,1,2
22,1,31,5,6,3011,5,1,1,5000,48,1,1,99.1444366,1,2
22,1,32,5,6,3011,5,1,1,5000,48,1,1,99.1444366,1,2
22,1,32,4,6,2391,5,2,1,10000,48,1,1,99.1444366,1,2
22,1,32,4,6,2391,5,2,1,10000,48,1,1,99.1444366,1,2
22,2,28,4,2,2391,5,2,1,6000,48,1,1,94.91685336,1,2
22,2,28,4,2,2391,5,2,1,6000,48,1,1,94.91685336,1,2
22,2,43,4,1,2029,5,2,1,6200,48,1,1,94.91685336,1,2
22,2,43,4,1,2029,5,1,1,6500,48,1,1,94.91685336,1,2
22,2,30,5,3,1104,5,2,1,4000,48,1,1,94.91685336,1,2
22,2,30,5,4,1104,5,2,1,4000,48,1,1,94.91685336,1,2
22,1,36,4,5,1104,5,2,1,6000,48,1,1,99.1444366,1,2
22,1,37,4,5,1104,5,2,1,6000,48,1,1,99.1444366,1,2
22,1,43,8,1,2394,5,2,1,11000,48,1,1,99.1444366,1,2
22,1,37,8,1,3011,5,2,1,5500,40,1,1,99.1444366,1,2
22,1,37,8,1,3011,10,2,1,5500,40,1,1,99.1444366,1,2
22,2,52,4,1,1811,3,2,2,3500,48,1,1,151.7784648,1,2
22,2,53,4,1,1811,3,2,2,3500,48,1,1,151.7784648,1,2
22,2,33,5,2,1040,11,2,1,6000,48,1,1,151.7784648,1,2
22,2,33,5,1,1040,11,2,1,6000,48,1,1,151.7784648,1,2
22,2,47,5,2,1410,5,1,1,5000,48,1,1,132.0633256,1,2
22,2,47,5,2,1410,10,1,1,5000,56,1,1,132.0633256,1,2
22,2,26,8,1,3315,7,1,1,5000,48,1,1,132.0633256,1,2
22,2,26,8,1,3315,7,1,1,5000,48,1,1,132.0633256,1,2
22,1,45,9,1,161,10,1,1,7000,45,1,1,141.3258878,1,2
22,2,35,4,3,1311,11,1,1,8300,56,1,2,74.7558833,1,2
22,2,37,4,3,1311,11,2,1,8600,48,1,2,74.7558833,1,2
22,1,21,5,3,1311,11,2,1,7000,48,1,2,89.06487924,1,2
22,2,28,5,3,1311,11,2,2,7000,56,1,2,74.7558833,1,2
22,1,24,3,3,1311,11,2,2,5000,48,1,2,89.06487924,1,2
22,1,23,5,3,1071,3,6,2,4500,60,1,2,89.06487924,1,2
22,2,25,3,3,1311,11,2,2,6000,54,1,2,74.7558833,1,2
22,1,27,8,1,2829,5,1,1,10000,48,1,1,69.2341883,1,2
22,1,54,4,6,2011,10,1,1,5800,48,1,1,156.7950905,1,2
22,2,47,5,5,1622,5,1,1,6200,48,1,1,116.2731454,1,2
22,1,36,8,6,3011,10,1,1,8400,48,1,1,121.4519348,1,2
22,1,37,8,6,3011,10,1,1,8350,48,1,1,121.4519348,1,2
22,2,34,6,4,3011,10,1,1,5700,48,1,1,116.2731454,1,2
22,2,34,6,4,3011,10,1,1,5700,48,1,1,116.2731454,1,2
22,2,43,5,3,1410,5,1,1,3000,48,1,1,116.2731454,1,2
22,2,43,5,4,1410,5,1,1,3500,48,1,1,116.2731454,1,2
22,1,27,5,2,1050,5,6,2,8800,58,1,1,105.3080171,1,2
22,1,27,5,5,1050,5,6,2,5600,56,1,1,105.3080171,1,2
22,1,33,8,4,2790,10,1,1,6500,48,1,1,160.9301,1,2
22,1,34,8,1,3312,10,1,1,7500,48,1,1,160.9301,1,2
22,2,38,5,4,2394,10,1,1,4200,48,1,1,154.0679359,1,2
22,2,38,5,4,2394,5,1,1,4200,48,1,1,154.0679359,1,2
22,2,30,5,4,1520,5,3,1,4300,48,1,1,154.0679359,1,2
22,1,55,8,1,2394,5,1,1,11100,48,1,1,145.4678542,1,2
22,2,45,4,2,2733,5,2,1,4600,48,1,1,139.2650103,1,2
22,2,31,4,2,1073,3,3,2,3900,50,1,1,139.2650103,1,2
22,2,47,4,2,2029,5,3,1,5500,50,1,1,139.2650103,1,2
22,1,55,8,1,2394,5,1,1,12000,48,1,1,145.4678542,1,2
22,2,50,6,1,2394,5,1,1,4800,48,1,1,139.2650103,1,2
22,2,50,6,1,2394,10,1,1,5200,48,1,1,139.2650103,1,2
22,2,37,5,4,2732,11,2,1,3600,48,1,1,144.339077,1,2
22,2,34,5,2,1520,5,2,1,5200,48,1,1,144.339077,1,2
22,2,34,5,4,1520,5,2,1,5200,48,1,1,144.339077,1,2
22,2,20,5,4,1410,5,2,1,4500,48,1,2,120.1161736,1,2
22,1,58,4,2,1104,5,3,2,2500,48,1,2,90.84287473,1,2
22,1,32,8,1,2733,5,2,1,12000,48,1,1,147.5871613,1,2
22,1,32,8,1,2733,5,2,1,12000,48,1,1,147.5871613,1,2
22,2,42,4,1,1520,5,2,1,4800,48,1,1,141.2939488,1,2
22,2,38,4,1,1520,5,2,1,4300,48,1,1,141.2939488,1,2
22,2,27,4,1,1520,5,2,1,4500,48,1,1,141.2939488,1,2
22,1,27,5,4,2592,3,6,2,5200,48,1,1,147.5871613,1,2
22,1,27,4,4,2592,3,4,2,5800,50,1,1,147.5871613,1,2
22,1,23,5,4,1410,5,2,1,5500,48,1,1,155.480168,1,2
22,1,24,5,4,1410,5,2,1,5600,48,1,1,155.480168,1,2
22,1,47,4,2,2592,3,3,2,5500,50,1,1,147.5871613,1,2
22,2,25,4,2,1520,5,2,1,4800,50,1,1,141.2939488,1,2
22,2,26,5,2,1520,5,2,1,5100,48,1,1,141.2939488,1,2
22,2,29,4,4,1520,5,2,1,4200,48,1,1,141.2939488,1,2
22,1,27,5,4,1410,5,2,1,6000,48,1,1,147.5871613,1,2
22,1,27,5,4,1410,5,2,1,6200,50,1,1,147.5871613,1,2
22,2,24,4,4,1520,5,2,1,5200,48,1,1,162.9940764,1,2
22,2,24,5,4,1410,5,2,1,5600,48,1,1,162.9940764,1,2
22,2,28,8,1,1520,5,2,1,5200,50,1,1,141.2939488,1,2
22,1,45,6,1,162,9,1,1,8000,40,1,1,158.9370999,1,2
22,1,21,5,6,2592,3,6,2,5000,56,1,1,125.7693187,1,2
22,1,44,3,2,2592,3,6,2,9500,56,1,1,119.3845939,1,2
22,1,25,7,2,1080,5,3,1,8000,56,1,2,73.86528403,1,2
22,2,37,6,2,2391,5,1,1,5800,58,1,1,109.5969453,1,2
22,2,38,6,1,2391,5,1,1,7000,48,1,1,109.5969453,1,2
22,1,18,5,3,1311,11,1,1,7000,60,1,1,120.6007165,1,2
22,1,18,5,1,1312,5,1,1,7000,54,1,1,120.6007165,1,2
22,1,43,2,1,222,1,6,2,3000,52,1,2,71.23444154,1,2
22,2,22,4,1,1410,5,1,1,4500,59,1,2,93.66888984,1,2
22,2,23,4,1,222,1,6,2,2800,48,1,2,94.18909929,1,2
22,2,23,4,3,1410,5,2,1,6200,56,1,2,93.66888984,1,2
22,1,20,4,1,1311,5,1,1,4500,59,1,2,83.54466934,1,2
22,1,20,4,1,222,1,6,2,2800,48,1,2,84.00865184,1,2
22,1,20,4,3,1312,5,2,1,7500,56,1,2,83.54466934,1,2
22,1,31,4,1,222,1,6,2,3200,53,1,2,71.23444154,1,2
22,2,28,4,1,222,1,6,2,2500,50,1,2,70.51197988,1,2
22,1,65,2,1,222,1,6,2,3000,48,1,2,61.22564815,1,2
22,1,57,3,1,222,1,6,2,3000,54,1,2,71.23444154,1,2
22,2,55,2,1,222,1,6,2,3000,53,1,2,60.60469595,1,2
22,1,32,4,1,222,1,6,2,3200,54,1,2,71.23444154,1,2
22,2,19,4,1,222,1,6,2,2700,48,1,2,94.18909929,1,2
22,2,37,3,1,1312,5,1,1,5600,54,1,2,70.12253993,1,2
22,1,63,2,1,210,1,7,2,2500,47,1,2,61.22564815,1,2
22,2,59,2,1,210,1,7,2,2500,47,1,2,60.60469595,1,2
22,1,28,4,1,1312,5,1,1,7000,54,1,2,70.84101141,1,2
22,1,28,4,1,1312,5,2,1,7500,57,1,2,70.84101141,1,2
22,2,25,4,1,1410,5,1,1,5200,54,1,2,70.12253993,1,2
22,2,26,4,1,1410,5,2,1,6300,56,1,2,70.12253993,1,2
22,1,33,3,1,1312,5,1,1,7000,54,1,2,70.84101141,1,2
22,2,31,3,1,1410,5,1,1,5200,54,1,2,70.12253993,1,2
22,1,43,2,1,222,1,6,2,3000,52,1,2,71.23444154,1,2
22,2,44,2,1,222,1,6,2,2500,47,1,2,70.51197988,1,2
22,1,25,4,1,1311,5,1,1,4500,58,1,2,70.84101141,1,2
22,1,25,4,1,1312,5,1,1,7000,56,1,2,70.84101141,1,2
22,1,26,3,1,1312,5,2,1,7500,56,1,2,70.84101141,1,2
22,1,35,3,1,222,1,6,2,3000,54,1,2,71.23444154,1,2
22,2,35,2,1,222,1,6,2,3000,54,1,2,70.51197988,1,2
22,1,45,2,1,222,1,6,2,3000,52,1,2,71.23444154,1,2
22,2,47,1,1,222,1,6,2,2500,48,1,2,70.51197988,1,2
22,1,23,4,1,1312,5,1,1,7200,56,1,2,83.54466934,1,2
22,1,24,4,1,1312,5,2,1,7500,56,1,2,83.54466934,1,2
22,1,19,4,1,1312,5,1,1,7200,56,1,2,83.54466934,1,2
22,1,19,4,1,1312,5,2,1,7500,56,1,2,83.54466934,1,2
22,1,31,3,1,222,1,6,2,3200,54,1,2,71.23444154,1,2
22,2,30,3,1,1410,5,1,1,4500,56,1,2,70.12253993,1,2
22,2,30,3,1,222,1,6,2,3000,52,1,2,70.51197988,1,2
22,1,56,2,1,222,1,6,2,3500,54,1,2,71.23444154,1,2
22,2,52,1,1,222,1,6,2,3000,48,1,2,70.51197988,1,2
22,1,24,4,1,1312,5,1,1,7200,56,1,2,83.54466934,1,2
22,1,28,5,1,1312,5,1,1,7200,56,1,2,70.84101141,1,2
22,2,26,4,1,1410,5,1,1,5000,57,1,2,70.12253993,1,2
22,2,26,4,1,1410,5,1,1,5300,54,1,2,70.12253993,1,2
22,2,27,4,3,1410,5,2,1,6500,56,1,2,70.12253993,1,2
22,1,30,4,1,1312,5,1,1,7200,56,1,2,70.84101141,1,2
22,2,27,4,1,1410,5,1,1,5300,54,1,2,70.12253993,1,2
22,2,15,4,1,221,1,6,2,3000,49,1,2,138.7948028,1,2
22,1,17,3,1,210,1,6,2,3000,52,1,2,123.7931391,1,2
22,1,39,2,1,221,1,6,2,4000,54,1,2,104.9693684,1,2
22,2,35,2,1,221,1,6,2,3500,54,1,2,103.9047662,1,2
22,1,26,3,1,221,1,5,2,3500,49,1,2,104.9693684,1,2
22,2,25,2,1,221,1,5,2,3000,47,1,2,103.9047662,1,2
22,1,26,3,1,221,1,5,2,3500,52,1,2,104.9693684,1,2
22,2,25,3,1,221,1,5,2,3000,53,1,2,103.9047662,1,2
22,1,34,3,3,1321,5,1,1,7000,54,1,2,104.3896192,1,2
22,1,35,3,1,221,1,5,2,3500,52,1,2,104.9693684,1,2
22,2,34,2,3,1410,5,1,1,5300,54,1,2,103.3308968,1,2
22,2,35,2,1,221,1,5,2,3500,52,1,2,103.9047662,1,2
22,1,31,3,3,221,1,6,2,3000,49,1,2,104.9693684,1,2
22,1,32,3,1,221,1,5,2,3500,53,1,2,104.9693684,1,2
22,2,27,3,3,221,1,6,2,3000,49,1,2,103.9047662,1,2
22,2,28,3,1,221,1,5,2,3500,42,1,2,103.9047662,1,2
22,1,34,3,1,221,1,6,2,3700,52,1,2,104.9693684,1,2
22,1,35,3,3,221,1,6,2,6000,53,1,2,104.9693684,1,2
22,1,26,3,1,1311,5,3,1,9000,56,1,2,104.3896192,1,2
22,1,40,2,1,210,1,6,2,3500,54,1,2,104.9693684,1,2
22,2,40,2,1,210,1,6,2,3500,54,1,2,103.9047662,1,2
22,1,41,1,1,221,1,6,2,3300,40,1,2,104.9693684,1,2
22,1,33,3,1,221,1,6,2,3600,54,1,2,104.9693684,1,2
22,1,33,3,1,221,1,7,2,3500,46,1,2,104.9693684,1,2
22,2,35,2,1,221,1,6,2,3400,52,1,2,103.9047662,1,2
22,2,36,2,1,221,1,7,2,3400,49,1,2,103.9047662,1,2
22,1,46,2,1,210,1,6,2,3600,54,1,2,104.9693684,1,2
22,1,46,2,1,221,1,6,2,3500,52,1,2,104.9693684,1,2
22,2,44,2,1,210,1,6,2,3600,54,1,2,103.9047662,1,2
22,2,44,2,1,221,1,6,2,3000,50,1,2,103.9047662,1,2
22,1,51,1,1,221,1,7,2,3500,54,1,2,104.9693684,1,2
22,2,50,1,1,221,1,7,2,3000,52,1,2,103.9047662,1,2
22,1,25,1,1,221,1,7,2,3500,54,1,2,104.9693684,1,2
22,1,31,4,4,1311,5,1,1,7600,57,1,2,104.3896192,1,2
22,1,32,4,3,1312,5,1,1,7400,54,1,2,104.3896192,1,2
22,2,29,2,1,210,1,6,2,3000,52,1,2,103.9047662,1,2
22,2,29,2,1,210,1,6,2,2800,52,1,2,103.9047662,1,2
22,1,38,2,1,210,1,6,2,4000,56,1,2,104.9693684,1,2
22,1,39,2,1,221,1,6,2,3000,54,1,2,104.9693684,1,2
22,2,42,2,1,210,1,6,2,3200,48,1,2,103.9047662,1,2
22,2,42,2,1,221,1,6,2,3000,52,1,2,103.9047662,1,2
22,1,53,3,1,210,1,6,2,3800,54,1,2,104.9693684,1,2
22,1,53,3,1,221,1,6,2,3000,53,1,2,104.9693684,1,2
22,1,16,4,1,221,1,6,2,3000,50,1,2,123.7931391,1,2
22,1,46,1,1,210,1,6,2,3500,54,1,2,104.9693684,1,2
22,1,47,1,1,210,1,6,2,3200,52,1,2,104.9693684,1,2
22,2,43,1,1,210,1,6,2,3500,54,1,2,103.9047662,1,2
22,2,44,1,1,210,1,6,2,2500,50,1,2,103.9047662,1,2
22,1,16,2,1,210,1,6,2,2800,47,1,2,123.7931391,1,2
22,1,16,2,1,210,1,6,2,2800,47,1,2,123.7931391,1,2
22,1,31,5,7,1312,5,1,1,8000,56,1,2,104.3896192,1,2
22,1,31,4,4,1312,5,1,1,8000,53,1,2,104.3896192,1,2
22,1,26,3,1,221,1,5,2,4000,56,1,2,104.9693684,1,2
22,1,27,3,1,221,1,6,2,3400,52,1,2,104.9693684,1,2
22,2,24,3,1,221,1,5,2,3500,52,1,2,138.7948028,1,2
22,2,24,3,1,221,1,6,2,3000,47,1,2,138.7948028,1,2
22,2,27,7,1,322,5,1,1,5000,42,1,2,76.91347399,1,2
22,2,28,7,2,322,5,1,1,5000,42,1,2,76.91347399,1,2
22,2,25,5,3,1410,5,1,1,5000,45,1,2,76.48867838,1,2
22,2,25,5,3,1410,11,1,1,5000,60,1,2,76.48867838,1,2
22,1,33,2,1,1321,5,1,1,5000,54,1,2,77.27237694,1,2
22,1,33,2,1,1311,11,1,1,7000,60,1,2,77.27237694,1,2
22,2,31,4,1,1321,5,1,1,5000,54,1,2,76.48867838,1,2
22,2,31,4,1,1410,11,1,1,5200,60,1,2,76.48867838,1,2
22,1,39,4,1,1311,11,5,1,7000,60,1,2,77.27237694,1,2
22,2,38,4,1,1410,11,1,1,5200,60,1,2,76.48867838,1,2
22,1,19,4,1,1311,11,1,1,7000,60,1,2,91.12934799,1,2
22,1,23,5,3,1311,5,1,1,5000,54,1,2,91.12934799,1,2
22,1,24,5,3,1311,11,1,1,7000,60,1,2,91.12934799,1,2
22,1,33,3,3,1311,5,1,1,5300,54,1,2,77.27237694,1,2
22,1,33,3,1,1311,11,1,1,7000,60,1,2,77.27237694,1,2
22,2,31,3,2,1311,5,1,1,5000,54,1,2,76.48867838,1,2
22,2,32,3,1,1410,11,1,1,5200,60,1,2,76.48867838,1,2
22,1,33,4,3,1311,5,1,1,5200,54,1,2,77.27237694,1,2
22,1,33,4,1,1311,11,1,1,7000,60,1,2,77.27237694,1,2
22,2,30,6,1,1410,5,1,1,5000,60,1,2,76.48867838,1,2
22,2,24,5,3,1410,5,1,1,7200,56,1,2,102.172705,1,2
22,2,24,5,3,1410,5,1,1,7000,54,1,2,102.172705,1,2
22,2,32,4,5,1410,5,1,1,7000,54,1,2,76.48867838,1,2
22,2,34,4,4,1410,5,1,1,7000,54,1,2,76.48867838,1,2
22,2,22,4,3,1410,5,1,1,7500,56,1,2,102.172705,1,2
22,2,23,4,3,1410,5,1,1,7000,54,1,2,102.172705,1,2
22,2,19,5,1,1410,5,1,1,7500,56,1,2,102.172705,1,2
22,2,20,5,4,1410,5,1,1,7000,54,1,2,102.172705,1,2
22,1,29,3,3,1312,5,1,1,7500,54,1,2,77.27237694,1,2
22,1,29,3,3,1312,5,1,1,10000,54,1,2,77.27237694,1,2
22,2,28,5,3,1410,5,1,1,7000,52,1,2,76.48867838,1,2
22,2,28,5,3,1410,5,1,1,7000,54,1,2,76.48867838,1,2
22,1,23,5,1,1312,5,1,1,7500,54,1,2,91.12934799,1,2
22,1,23,5,1,1312,5,1,1,9000,54,1,2,91.12934799,1,2
22,2,32,4,3,1311,5,3,1,4500,48,1,1,104.9256001,1,2
22,2,32,4,3,1410,5,3,1,5000,56,1,1,104.9256001,1,2
22,2,24,5,3,1322,5,3,1,4000,48,1,1,121.0402245,1,2
22,2,24,5,3,1322,5,3,1,5000,48,1,1,121.0402245,1,2
22,1,31,5,6,1311,5,3,1,6000,48,1,2,61.48017263,1,2
22,1,28,5,6,1311,5,3,1,7500,48,1,2,61.48017263,1,2
22,2,20,5,3,1311,5,3,1,7000,56,1,2,81.29160501,1,2
22,2,20,5,3,1311,5,3,1,7000,56,1,2,81.29160501,1,2
22,2,29,4,3,1311,5,3,1,6000,56,1,2,60.85663904,1,2
22,2,38,4,3,1311,5,3,1,6000,56,1,2,60.85663904,1,2
22,1,35,4,5,1311,5,2,2,6000,56,1,2,61.48017263,1,2
22,1,35,4,5,1311,5,2,2,6000,56,1,2,61.48017263,1,2
22,1,27,5,4,1410,5,3,1,6000,56,1,2,61.48017263,1,2
22,1,27,5,3,1410,5,3,1,6000,56,1,2,61.48017263,1,2
22,2,21,5,3,2610,5,3,2,6500,56,1,2,96.67109785,1,2
22,2,20,4,3,1520,5,3,1,5000,56,1,2,96.67109785,1,2
22,2,20,4,3,1410,5,3,1,6000,48,1,2,96.67109785,1,2
22,1,55,4,1,210,10,1,1,4000,42,1,1,117.4896004,1,2
22,1,24,6,1,1410,5,3,1,6500,42,1,2,86.2223831,1,2
22,1,24,6,1,1410,5,4,1,4500,40,1,2,86.2223831,1,2
22,1,27,4,5,1629,5,1,1,8000,56,1,2,83.91212751,1,2
22,2,25,5,2,2391,5,1,1,6000,48,1,2,65.51394655,1,2
22,2,46,5,2,2391,5,1,1,4200,48,1,2,65.51394655,1,2
22,1,31,4,5,2610,5,1,1,6000,48,1,2,66.18519865,1,2
22,1,32,4,3,2420,11,1,1,6500,56,1,2,66.18519865,1,2
22,2,30,5,5,2391,5,1,1,5000,48,1,2,65.51394655,1,2
22,2,31,5,2,2391,5,1,1,5000,56,1,2,65.51394655,1,2
22,1,36,5,6,2394,10,1,1,7000,48,1,2,66.18519865,1,2
22,1,37,5,6,2394,10,1,1,7000,56,1,2,66.18519865,1,2
22,1,41,4,5,2212,5,1,1,5500,48,1,2,66.18519865,1,2
22,1,29,5,2,230,10,1,1,5000,56,1,2,66.55277176,1,2
22,2,25,5,2,2391,5,1,1,4500,48,1,2,65.51394655,1,2
22,2,29,4,4,2391,5,1,1,5000,56,1,2,95.09671599,1,2
22,1,46,4,2,2394,5,6,2,3500,56,1,2,96.07107142,1,2
22,1,47,4,4,2394,5,1,2,3500,56,1,2,96.07107142,1,2
22,2,36,3,4,2391,5,1,1,5000,48,1,2,95.09671599,1,2
22,2,36,3,1,2391,5,1,1,5500,48,1,2,95.09671599,1,2
22,1,35,5,7,2394,5,1,1,4500,56,1,2,96.07107142,1,2
22,1,36,5,7,2394,5,1,1,5000,56,1,2,96.07107142,1,2
22,2,27,7,2,3290,5,1,2,4500,56,1,2,95.09671599,1,2
22,2,29,4,2,2391,10,1,1,5000,40,1,2,95.09671599,1,2
22,2,34,4,2,2391,5,1,1,10000,48,1,2,95.09671599,1,2
22,2,34,4,2,2391,5,1,1,10000,48,1,2,95.09671599,1,2
22,1,33,4,2,2391,5,1,1,8500,48,1,2,96.07107142,1,2
22,1,33,4,2,2391,5,1,1,9000,48,1,2,96.07107142,1,2
22,1,58,5,3,2511,3,1,1,6000,56,1,1,104.6036442,1,2
22,1,54,7,1,2592,10,1,1,5500,48,1,1,104.6036442,1,2
22,1,23,8,1,2592,10,1,1,4000,48,1,1,110.1978792,1,2
22,1,24,8,1,2592,10,1,1,3500,48,1,1,110.1978792,1,2
22,1,24,4,1,2391,5,3,1,5000,60,1,2,84.38786431,1,2
22,1,24,4,1,2391,5,2,2,5000,48,1,2,84.38786431,1,2
22,2,38,4,1,1520,5,3,1,5000,56,1,2,70.83026879,1,2
22,2,38,4,3,1520,5,2,2,5000,56,1,2,70.83026879,1,2
22,2,24,4,3,1410,5,2,2,3000,48,1,2,94.61426598,1,2
22,1,34,4,2,2391,5,2,1,5500,56,1,2,71.55599161,1,2
22,1,34,4,1,2391,5,2,1,5500,50,1,2,71.55599161,1,2
22,2,26,5,1,1410,5,2,1,4000,54,1,2,97.08562285,1,2
22,1,34,6,1,1103,5,2,1,6000,50,1,2,98.0803565,1,2
22,1,42,3,1,2391,5,2,1,6390,48,1,2,98.0803565,1,2
22,1,41,3,1,2391,5,1,1,6000,48,1,2,98.0803565,1,2
22,1,45,7,1,2391,5,2,1,6000,50,1,2,98.0803565,1,2
22,1,35,7,1,2391,5,2,1,7000,48,1,2,98.0803565,1,2
22,1,42,4,1,2391,5,5,2,6500,56,1,2,98.0803565,1,2
22,2,39,4,1,2391,5,5,2,6500,56,1,2,97.08562285,1,2
22,1,42,4,1,2391,5,4,2,6500,56,1,2,98.0803565,1,2
22,2,44,4,1,2391,5,2,2,4000,48,1,2,97.08562285,1,2
22,1,43,3,1,2391,5,3,1,4000,50,1,2,98.0803565,1,2
22,2,26,5,2,1520,5,1,1,6000,48,1,2,67.88695635,1,2
22,1,37,5,5,2410,5,3,1,4000,48,1,2,68.58252216,1,2
22,1,21,4,1,2391,5,3,1,6000,48,1,2,80.88117353,1,2
22,2,31,8,1,2391,5,3,1,4000,48,1,2,67.88695635,1,2
22,2,43,4,1,1410,3,7,2,3500,56,1,2,92.99780715,1,2
22,1,27,8,1,2592,5,3,1,4500,50,1,2,93.95065728,1,2
22,1,34,5,2,2391,5,3,1,6000,56,1,2,93.95065728,1,2
22,2,48,6,1,161,5,1,1,6000,50,1,1,113.0097555,1,2
22,2,38,3,3,2733,11,1,1,4500,50,1,1,169.5650037,1,2
22,2,38,3,2,2733,11,1,1,5300,50,1,1,169.5650037,1,2
22,2,33,4,3,2733,11,1,1,4000,50,1,1,169.5650037,1,2
22,2,33,4,1,2733,11,1,1,5300,50,1,1,169.5650037,1,2
22,2,45,5,2,2733,7,2,1,4480,48,1,1,169.5650037,1,2
22,2,46,5,3,2733,11,3,1,4400,48,1,1,169.5650037,1,2
22,2,32,4,2,2733,11,3,1,4480,48,1,1,169.5650037,1,2
22,2,33,4,3,2733,11,2,1,4500,48,1,1,169.5650037,1,2
22,2,35,7,1,1103,5,2,1,5000,56,1,1,169.5650037,1,2
22,2,35,7,1,1103,5,1,1,5000,48,1,1,169.5650037,1,2
22,1,22,5,2,2733,11,1,1,4000,48,1,1,186.5896982,1,2
22,2,20,5,2,2733,5,2,1,4500,56,1,1,195.6070405,1,2
22,2,23,5,2,2733,11,1,1,4000,42,1,1,195.6070405,1,2
22,2,26,5,2,2029,5,3,1,5800,56,1,1,169.5650037,1,2
22,2,23,5,2,2029,5,2,1,5200,56,1,1,195.6070405,1,2
22,2,26,5,2,2029,5,2,1,5500,56,1,1,169.5650037,1,2
22,1,52,4,2,1621,5,6,2,6000,48,1,2,96.62731419,1,2
22,2,30,5,3,1520,11,1,1,5000,50,1,2,95.64731733,1,2
22,2,31,5,2,1520,11,2,1,5000,50,1,2,95.64731733,1,2
22,1,29,5,6,2391,5,2,1,7000,48,1,2,96.62731419,1,2
22,1,30,5,6,2391,5,2,1,7500,48,1,2,96.62731419,1,2
22,2,35,4,4,2731,11,1,1,5000,50,1,2,95.64731733,1,2
22,2,36,5,2,2731,11,2,1,5000,50,1,2,95.64731733,1,2
22,2,43,3,2,2391,5,2,1,4600,48,1,2,95.64731733,1,2
22,2,43,3,2,2391,5,1,1,4500,48,1,2,95.64731733,1,2
22,2,20,5,3,2733,11,1,1,4000,56,1,2,127.7645966,1,2
22,2,35,3,3,2733,11,1,1,4000,56,1,2,95.64731733,1,2
22,2,35,3,3,2733,11,1,1,4000,56,1,2,95.64731733,1,2
22,1,25,4,3,2592,3,6,2,7000,56,1,2,96.62731419,1,2
22,1,25,4,4,2592,3,6,2,7000,56,1,2,96.62731419,1,2
22,2,18,5,3,2733,11,1,1,5000,56,1,2,127.7645966,1,2
22,2,18,5,3,2733,11,1,1,5000,56,1,2,127.7645966,1,2
22,1,34,5,5,3011,5,2,2,7000,50,1,1,135.7386479,1,2
22,1,35,5,4,3011,5,2,2,7000,50,1,1,135.7386479,1,2
22,2,24,4,4,2733,11,1,1,5000,50,1,1,149.9086733,1,2
22,1,51,2,1,311,1,6,2,8000,70,1,1,135.7386479,1,2
22,2,22,5,4,1410,5,1,1,5000,48,1,2,90.62915423,1,2
22,2,23,5,2,1410,5,2,1,6000,50,1,2,90.62915423,1,2
22,2,33,3,2,1520,11,2,1,5500,56,1,2,67.84692866,1,2
22,1,23,5,6,3314,3,6,2,5000,48,1,2,80.83348416,1,2
22,1,40,4,6,3100,3,6,2,5000,50,1,2,68.54208435,1,2
22,2,17,5,2,2733,11,3,1,4500,48,1,2,90.62915423,1,2
26,1,26,5,6,2511,3,6,2,6000,56,1,1,16.0776638,1,2
26,1,27,5,6,2511,3,5,2,8800,56,1,1,16.0776638,1,2
26,1,24,7,2,1410,11,2,1,4500,48,1,1,14.25434323,1,2
26,1,35,7,2,3091,11,2,1,13000,63,1,1,51.97854262,1,2
26,1,35,7,2,3091,11,2,1,8500,60,1,1,51.97854262,1,2
26,1,35,7,1,3091,11,2,1,13000,48,1,1,51.97854262,1,2
26,1,35,7,1,3091,11,2,1,13000,48,1,1,51.97854262,1,2
26,2,22,8,1,2610,11,2,1,5200,48,1,1,41.16822261,1,2
26,2,22,8,1,2610,11,2,1,5000,54,1,1,41.16822261,1,2
26,2,42,6,1,1520,11,2,1,8200,48,1,1,50.25845736,1,2
26,2,42,6,1,1520,5,2,1,8200,50,1,1,50.25845736,1,2
26,1,38,5,6,2392,5,2,1,8000,52,1,1,51.88272964,1,2
26,1,38,5,6,2392,5,2,1,8000,52,1,1,51.88272964,1,2
26,1,38,8,1,3091,11,2,1,10500,48,1,1,51.88272964,1,2
26,1,38,8,1,3091,11,1,1,12000,48,1,1,51.88272964,1,2
26,1,37,5,6,2392,5,2,1,7500,48,1,1,51.88272964,1,2
26,1,27,8,7,3091,11,2,1,10000,60,1,1,51.88272964,1,2
26,1,27,8,2,2930,11,2,1,10400,52,1,1,51.88272964,1,2
26,1,24,7,2,3091,11,2,1,5800,48,1,1,46.37571447,1,2
26,1,37,7,2,2511,3,5,2,6500,50,1,1,52.30778676,1,2
26,1,37,7,1,2511,3,5,2,6800,50,1,1,52.30778676,1,2
26,1,24,7,1,3091,11,2,1,6700,48,1,1,46.37571447,1,2
26,1,24,5,7,3091,11,2,1,6700,48,1,1,46.37571447,1,2
26,1,24,7,1,2630,11,2,1,7000,56,1,1,46.37571447,1,2
26,1,35,5,7,2511,3,5,2,4500,50,1,1,52.30778676,1,2
26,2,36,6,1,2100,5,1,1,6200,48,1,1,83.55327421,1,2
26,2,37,6,1,2100,5,1,1,5200,48,1,1,83.55327421,1,2
26,2,29,7,1,2732,11,2,1,7200,54,1,1,23.42875456,1,2
26,2,29,7,1,2732,11,2,1,7500,50,1,1,23.42875456,1,2
26,1,26,5,7,1410,11,2,1,6200,65,1,1,42.89734936,1,2
26,1,26,5,7,1410,11,2,1,6000,60,1,1,42.89734936,1,2
26,2,30,7,1,2930,5,2,1,8000,48,1,1,41.55437886,1,2
26,2,31,7,1,2930,5,2,1,8500,54,1,1,41.55437886,1,2
26,1,30,5,6,2930,11,2,1,8700,65,1,1,42.89734936,1,2
26,1,31,5,6,2930,11,2,1,8800,60,1,1,42.89734936,1,2
26,1,31,7,2,3091,11,2,1,12000,52,1,1,42.89734936,1,2
26,1,25,8,1,2610,11,2,1,6500,56,1,1,42.89734936,1,2
26,1,26,7,2,3091,11,2,1,8500,52,1,1,42.89734936,1,2
26,1,27,5,7,3091,11,2,1,8500,52,1,1,42.89734936,1,2
26,1,29,5,5,2610,11,2,2,10800,56,1,2,56.10360506,1,2
26,1,30,5,5,2610,11,2,2,7500,54,1,2,56.10360506,1,2
26,2,40,4,5,1410,11,2,1,6000,52,1,2,55.84321421,1,2
26,2,23,8,1,1410,11,3,2,9500,50,1,1,36.81389137,1,2
26,2,23,8,1,3091,11,3,1,9500,50,1,1,36.81389137,1,2
26,2,25,8,1,3100,5,2,1,7800,50,1,1,44.94265898,1,2
26,2,25,8,1,3100,5,2,1,6800,49,1,1,44.94265898,1,2
26,1,40,8,1,210,9,1,1,8500,40,1,1,51.95631057,1,2
26,1,41,8,1,210,7,1,1,8500,50,1,1,51.95631057,1,2
26,2,29,5,5,1322,5,2,1,5700,58,1,1,50.32973471,1,2
26,1,37,5,6,2511,3,6,2,5000,56,1,1,51.95631057,1,2
26,1,37,5,6,2511,3,6,2,5500,56,1,1,51.95631057,1,2
26,1,28,8,1,3100,5,2,2,12750,48,1,1,51.95631057,1,2
26,1,28,8,1,3100,5,2,1,19000,48,1,1,51.95631057,1,2
26,2,35,7,1,2630,11,1,1,13000,50,1,1,33.77867312,1,2
26,1,54,7,2,2511,5,3,2,4000,48,1,1,34.87034535,1,2
26,1,55,7,2,2511,5,3,2,4000,48,1,1,34.87034535,1,2
26,1,29,7,2,2630,11,2,1,8000,50,1,1,34.87034535,1,2
26,1,30,5,6,3091,11,1,1,15000,50,1,1,34.87034535,1,2
26,1,30,5,6,3091,11,1,1,6500,52,1,1,34.87034535,1,2
26,1,33,8,1,2511,5,2,2,8500,48,1,1,36.57147296,1,2
26,1,33,8,1,2511,5,2,1,7500,48,1,1,36.57147296,1,2
26,1,33,7,1,3100,5,2,1,6500,48,1,1,36.57147296,1,2
26,1,35,8,1,2750,5,2,1,7500,48,1,1,36.57147296,1,2
26,1,35,8,1,2710,11,1,1,7800,50,1,1,36.57147296,1,2
26,2,35,8,1,2750,5,2,1,6500,48,1,1,35.42654419,1,2
26,2,35,8,1,2710,11,1,1,6700,42,1,1,35.42654419,1,2
26,2,24,8,1,2410,5,2,1,7000,48,1,1,29.01895391,1,2
26,2,24,8,1,2410,11,2,1,7300,48,1,1,29.01895391,1,2
26,1,32,5,6,2720,5,2,1,6100,48,1,1,95.04771254,1,2
26,1,37,7,2,2750,11,2,1,8300,50,1,1,95.04771254,1,2
26,1,37,7,2,2750,5,2,1,8300,48,1,1,95.04771254,1,2
26,1,34,3,5,2610,5,2,1,7200,58,1,1,95.04771254,1,2
26,1,25,8,1,2410,5,2,1,9520,48,1,1,68.19157276,1,2
26,1,25,8,1,2410,11,2,1,9600,48,1,1,68.19157276,1,2
26,1,37,5,5,3100,5,1,1,7860,48,1,1,68.19157276,1,2
26,1,37,5,5,3100,5,1,1,8060,48,1,1,68.19157276,1,2
26,1,34,5,6,2511,3,6,2,5400,56,1,2,54.36816887,1,2
26,1,34,5,6,2511,3,6,2,5500,56,1,2,54.36816887,1,2
26,1,27,5,6,2910,11,2,1,6800,50,1,2,54.36816887,1,2
26,1,27,5,6,2910,11,2,1,6800,48,1,2,54.36816887,1,2
26,1,26,5,7,3091,11,2,1,7500,48,1,1,123.6060496,1,2
26,2,33,5,6,2630,11,2,1,8000,58,1,2,135.050658,1,2
26,2,25,5,6,1520,11,2,1,5000,60,1,2,135.050658,1,2
26,2,26,5,6,1520,11,2,1,5500,60,1,2,135.050658,1,2
26,1,35,5,5,2392,11,2,1,7000,54,1,2,135.6803845,1,2
26,1,24,7,1,2630,11,2,1,7000,48,1,2,149.0925501,1,2
26,1,25,7,2,2610,11,3,1,7480,48,1,2,139.7656116,1,2
26,1,24,5,5,2395,5,3,2,7500,60,1,2,152.1645873,1,2
26,1,32,5,6,1709,5,2,1,9600,48,1,2,142.6454682,1,2
26,2,24,8,1,2220,5,2,1,4500,48,1,2,67.60704662,1,2
26,2,24,8,1,2220,5,2,1,4200,48,1,2,67.60704662,1,2
26,1,27,5,7,2930,11,2,1,6000,48,1,1,50.35700891,1,2
26,1,28,5,7,2930,11,2,1,5500,48,1,1,50.35700891,1,2
26,1,36,5,6,2511,3,6,2,6000,56,1,1,50.35700891,1,2
26,1,25,5,7,2610,11,2,1,6800,56,1,2,124.114713,1,2
26,1,34,5,7,1811,11,2,1,8700,56,1,2,124.114713,1,2
26,1,28,5,5,2395,5,2,1,5800,53,1,2,129.7307634,1,2
26,1,29,5,6,2610,11,2,1,7800,56,1,2,129.7307634,1,2
26,1,19,5,6,3091,5,2,2,3500,50,1,2,138.3880492,1,2
26,1,40,4,5,2220,11,2,1,6000,60,1,2,132.219603,1,2
26,1,40,5,7,2392,11,2,1,16000,48,1,2,132.219603,1,2
26,1,40,5,7,2392,11,2,1,16000,48,1,2,132.219603,1,2
26,1,35,6,2,2392,11,2,1,9000,48,1,2,132.219603,1,2
26,1,35,5,6,2392,11,2,1,10000,48,1,2,132.219603,1,2
26,2,35,6,1,1410,11,2,1,6400,54,1,2,131.6059388,1,2
26,2,35,5,6,1410,11,2,1,6800,56,1,2,131.6059388,1,2
26,2,26,5,6,2610,11,2,1,6600,50,1,2,131.6059388,1,2
26,1,26,5,7,3091,11,2,1,5500,48,1,2,132.219603,1,2
26,1,27,5,7,3091,11,2,1,5500,48,1,2,132.219603,1,2
26,1,33,5,4,3091,11,2,1,6000,50,1,2,132.219603,1,2
26,1,32,5,7,2392,11,2,1,7500,48,1,2,132.219603,1,2
26,1,32,5,7,2392,11,2,1,7000,48,1,2,132.219603,1,2
26,1,33,7,2,2750,11,2,1,11000,48,1,1,129.7487437,1,2
26,1,33,5,7,2750,11,2,1,7650,48,1,1,129.7487437,1,2
26,2,29,8,1,2511,5,2,1,8000,50,1,1,125.6867507,1,2
26,2,29,8,1,2511,5,2,1,8000,50,1,1,125.6867507,1,2
26,1,36,9,1,2610,11,1,1,23000,48,1,1,36.39983085,1,2
26,1,36,9,1,2610,11,1,1,21000,40,1,1,36.39983085,1,2
26,1,23,8,1,2610,11,2,1,9600,50,1,2,60.39277954,1,2
26,1,24,8,1,2610,11,2,1,10200,50,1,2,60.39277954,1,2
26,1,28,5,6,2910,11,3,1,6500,48,1,2,112.5215805,1,2
26,1,28,5,6,2910,11,2,1,6800,48,1,2,112.5215805,1,2
26,1,28,8,1,2610,11,1,1,12000,48,1,2,119.1574686,1,2
26,1,27,5,7,2630,11,2,1,7800,59,1,2,128.0338148,1,2
26,1,28,5,7,2630,11,2,1,10000,63,1,2,128.0338148,1,2
26,2,29,7,1,2630,11,2,1,3700,54,1,2,127.4395779,1,2
26,1,46,6,2,2392,5,1,1,4800,48,1,2,128.0508747,1,2
26,1,46,6,2,2392,5,1,1,4500,48,1,2,128.0508747,1,2
26,1,28,5,7,1080,5,2,1,5300,51,1,2,128.3317876,1,2
26,2,27,8,1,1080,5,2,1,4800,50,1,2,127.7361677,1,2
26,2,27,8,2,1080,5,2,1,4960,48,1,2,127.7361677,1,2
26,2,22,8,1,2392,5,2,1,5000,48,1,2,149.8049171,1,2
26,2,22,8,1,2392,5,2,1,4500,48,1,2,149.8049171,1,2
26,1,32,8,5,2392,5,2,1,9600,52,1,2,129.7123775,1,2
26,1,33,8,1,2392,5,2,1,10200,52,1,2,129.7123775,1,2
26,1,23,5,5,2511,3,6,2,4400,60,1,2,138.3684364,1,2
26,1,23,5,5,2511,3,6,2,4500,62,1,2,138.3684364,1,2
26,1,40,8,1,240,10,1,1,5000,45,1,2,52.05105429,1,2
26,1,36,5,6,3011,11,1,1,5000,54,1,2,51.76357463,1,2
26,1,36,5,6,3011,10,2,1,5000,48,1,2,51.76357463,1,2
26,1,52,8,1,1103,10,1,2,6000,40,1,2,127.11714,1,2
27,1,38,5,2,1410,5,1,1,5500,48,1,1,52.44423909,1,2
27,2,32,5,2,1410,5,1,1,5000,48,1,1,50.32776142,1,2
27,1,39,5,2,1410,5,1,1,5500,48,1,1,52.44423909,1,2
27,2,32,5,2,1410,5,1,1,5000,48,1,1,50.32776142,1,2
27,1,37,5,5,2610,11,1,1,11000,63,1,1,52.44423909,1,2
27,1,37,5,5,2610,11,1,1,11000,56,1,1,52.44423909,1,2
27,2,35,5,5,2610,11,1,1,6500,48,1,1,50.32776142,1,2
27,2,36,5,2,2610,11,1,1,6500,60,1,1,50.32776142,1,2
27,2,38,5,2,1410,11,1,1,6000,60,1,1,50.32776142,1,2
27,2,38,5,2,1410,11,1,1,6000,60,1,1,50.32776142,1,2
27,1,30,5,7,2610,11,1,1,8000,54,1,1,52.44423909,1,2
27,1,30,5,7,2610,11,1,1,8200,63,1,1,52.44423909,1,2
27,2,43,4,2,1410,5,1,1,6000,56,1,1,50.32776142,1,2
27,2,44,4,2,1410,5,1,1,5600,56,1,1,50.32776142,1,2
27,1,37,8,4,2630,11,1,1,16000,56,1,1,52.44423909,1,2
27,1,32,8,4,2630,11,1,1,18000,63,1,1,52.44423909,1,2
27,2,45,5,3,1410,5,1,1,4800,56,1,1,50.32776142,1,2
27,2,46,5,3,1410,5,1,1,5000,56,1,1,50.32776142,1,2
27,1,54,4,3,2220,5,2,2,4500,56,1,1,52.44423909,1,2
27,1,55,4,3,2220,5,2,2,4600,56,1,1,52.44423909,1,2
27,2,47,5,3,1410,5,1,1,5500,63,1,1,50.32776142,1,2
27,2,48,5,3,1410,5,1,1,5500,63,1,1,50.32776142,1,2
27,1,27,5,6,2022,11,1,1,11000,63,1,1,52.44423909,1,2
27,1,27,5,6,2022,11,1,1,12000,63,1,1,52.44423909,1,2
27,2,27,8,1,2022,11,1,1,6500,56,1,1,50.32776142,1,2
27,2,28,8,1,2022,11,1,1,6800,56,1,1,50.32776142,1,2
27,1,28,8,5,1200,10,1,1,7000,48,1,1,52.44423909,1,2
27,2,27,7,2,1200,10,1,1,4500,48,1,1,50.32776142,1,2
27,1,34,8,1,1073,11,1,1,9000,56,1,1,48.51870991,1,2
27,1,35,8,1,1071,11,1,1,9000,60,1,1,48.51870991,1,2
27,2,33,8,1,1073,11,1,1,10000,56,1,1,46.56065374,1,2
27,2,33,8,1,1071,11,1,1,10000,60,1,1,46.56065374,1,2
27,2,35,8,1,2930,11,1,1,10000,48,1,1,46.56065374,1,2
27,2,35,8,1,2930,5,1,1,8000,56,1,1,46.56065374,1,2
27,2,39,9,1,2732,5,1,1,14000,56,1,1,46.56065374,1,2
27,2,39,9,1,2732,5,1,1,15000,56,1,1,46.56065374,1,2
27,2,62,4,2,1410,3,5,2,3000,56,1,1,38.67589738,1,2
27,2,34,8,1,2630,11,1,1,30000,56,1,1,46.56065374,1,2
27,2,35,8,1,2630,11,1,1,30000,56,1,1,46.56065374,1,2
27,1,19,4,2,2023,5,1,1,5000,63,1,1,42.90392314,1,2
27,1,19,4,2,2023,5,1,1,7000,56,1,1,42.90392314,1,2
27,1,44,5,2,1410,5,1,1,5000,48,1,1,48.51870991,1,2
27,2,42,5,2,1410,5,1,1,5000,48,1,1,46.56065374,1,2
27,1,38,5,5,1071,11,1,1,10000,48,1,1,48.51870991,1,2
27,1,49,8,2,2392,5,1,1,6000,55,1,1,52.34038912,1,2
27,1,25,8,1,2630,11,2,1,8500,52,1,1,52.34038912,1,2
27,1,26,7,2,2630,11,2,1,10000,52,1,1,52.34038912,1,2
27,1,44,5,6,2432,5,1,1,10500,44,1,1,52.34038912,1,2
27,1,44,5,6,2432,5,1,1,10500,48,1,1,52.34038912,1,2
27,2,37,5,2,1410,11,1,1,5000,66,1,1,50.22810249,1,2
27,1,22,7,1,1410,5,1,1,6000,52,1,1,46.28334175,1,2
27,1,23,7,1,1410,11,2,1,5500,58,1,1,46.28334175,1,2
27,1,36,8,2,2630,11,1,1,20000,55,1,1,52.34038912,1,2
27,1,37,8,2,2630,11,2,1,20000,55,1,1,52.34038912,1,2
27,2,37,8,2,2610,11,1,1,20000,52,1,1,50.22810249,1,2
27,2,37,8,2,2610,11,2,1,20000,52,1,1,50.22810249,1,2
27,2,28,8,1,2610,11,1,1,15000,50,1,1,50.22810249,1,2
27,1,31,8,1,2610,11,1,1,15000,50,1,1,52.34038912,1,2
27,1,32,5,7,2610,11,2,1,25000,48,1,1,52.34038912,1,2
27,1,32,5,7,2610,11,2,1,25000,48,1,1,52.34038912,1,2
27,2,30,8,1,2630,11,2,1,11000,48,1,1,50.22810249,1,2
27,2,31,8,1,2630,11,2,1,11000,48,1,1,50.22810249,1,2
27,1,28,8,1,2610,11,2,1,8000,48,1,1,52.34038912,1,2
27,1,28,5,7,2630,11,2,1,10500,48,1,1,52.34038912,1,2
27,1,29,8,1,2610,11,2,1,8000,48,1,1,52.34038912,1,2
27,2,42,3,2,2610,5,2,1,6800,48,1,1,50.22810249,1,2
27,2,33,3,2,1410,5,1,1,7000,48,1,1,50.22810249,1,2
27,2,34,3,2,1410,5,1,1,7000,48,1,1,50.22810249,1,2
27,2,26,9,1,2610,11,2,1,12000,48,1,1,50.22810249,1,2
27,2,27,9,1,2610,11,2,1,12000,48,1,1,50.22810249,1,2
27,2,20,5,2,2630,11,3,1,5000,48,1,1,27.78940634,1,2
27,2,20,5,2,2630,11,2,1,5500,48,1,1,27.78940634,1,2
27,2,33,5,2,1410,11,1,1,6000,63,1,1,23.91814404,1,2
27,2,33,5,2,1410,11,1,1,6000,63,1,1,23.91814404,1,2
27,1,27,5,7,2610,11,1,1,8000,56,1,1,24.92399482,1,2
27,1,27,5,7,2610,11,1,1,8000,56,1,1,24.92399482,1,2
27,1,27,5,7,2610,11,1,1,8000,56,1,1,24.92399482,1,2
27,1,27,5,7,2610,11,1,1,8200,56,1,1,24.92399482,1,2
27,1,24,8,1,2630,11,3,1,12000,48,1,1,22.03968655,1,2
27,1,24,8,1,2630,11,2,1,12000,48,1,1,22.03968655,1,2
27,1,28,8,1,2511,11,2,1,8000,48,1,1,24.92399482,1,2
27,1,28,8,1,2511,11,2,1,8000,48,1,1,24.92399482,1,2
27,1,37,5,5,1104,5,3,1,7000,40,1,1,24.92399482,1,2
27,1,38,5,5,1104,5,3,1,7000,48,1,1,24.92399482,1,2
27,1,47,5,6,2511,5,1,1,7000,48,1,1,24.92399482,1,2
27,1,47,5,6,2511,5,1,1,7500,48,1,1,24.92399482,1,2
27,1,28,5,7,1410,11,2,1,6500,48,1,1,24.92399482,1,2
27,1,28,5,7,1410,11,2,1,6500,48,1,1,24.92399482,1,2
27,2,36,5,2,1410,5,1,1,5500,66,1,1,54.06497143,1,2
27,2,37,5,2,1410,5,1,1,6000,48,1,1,54.06497143,1,2
27,2,28,5,2,2630,11,2,1,8000,56,1,1,54.06497143,1,2
27,2,29,7,2,2620,11,2,1,6800,48,1,1,54.06497143,1,2
27,1,30,5,6,2620,11,2,1,8500,40,1,1,56.33861328,1,2
27,2,26,5,2,2620,11,2,1,6000,40,1,1,54.06497143,1,2
27,2,26,5,2,2620,11,2,1,6000,48,1,1,54.06497143,1,2
27,1,27,8,1,2630,11,2,1,12000,52,1,1,56.33861328,1,2
27,1,25,8,1,2610,11,2,1,8500,48,1,1,56.33861328,1,2
27,2,22,5,2,2630,11,2,1,7000,60,1,1,62.81563725,1,2
27,2,22,5,2,2630,11,2,1,7000,60,1,1,62.81563725,1,2
27,1,22,5,2,1410,5,2,1,6700,72,1,1,49.8188748,1,2
27,1,22,5,2,1410,5,1,1,6500,48,1,1,49.8188748,1,2
27,2,54,4,1,2630,11,2,2,5500,48,1,1,54.06497143,1,2
27,1,26,8,1,2610,11,2,1,12000,48,1,1,56.33861328,1,2
27,1,27,5,5,2630,11,2,1,10000,54,1,1,56.33861328,1,2
27,1,27,5,5,2630,11,2,1,10000,54,1,1,56.33861328,1,2
27,2,27,5,2,2620,11,1,1,5500,48,1,1,54.06497143,1,2
27,2,27,5,2,2620,11,2,1,5500,48,1,1,54.06497143,1,2
27,2,28,5,2,2630,11,2,1,6800,48,1,1,54.06497143,1,2
27,2,29,5,2,2630,11,2,1,6500,48,1,1,54.06497143,1,2
27,2,39,3,2,2630,11,2,1,6000,48,1,1,54.06497143,1,2
27,2,39,3,5,2630,11,2,1,6500,48,1,1,54.06497143,1,2
27,2,26,5,2,2630,11,2,1,7000,48,1,1,54.06497143,1,2
27,2,26,5,2,2630,11,2,1,6500,48,1,1,54.06497143,1,2
27,1,58,8,1,2310,11,1,1,10000,48,1,1,54.42119969,1,2
27,1,58,8,1,2310,11,1,1,10000,60,1,1,54.42119969,1,2
27,2,48,6,1,1200,10,1,1,5500,48,1,1,52.22493837,1,2
27,2,48,6,1,1200,10,1,1,5500,48,1,1,52.22493837,1,2
27,1,46,5,7,2310,11,1,1,7000,48,1,1,54.42119969,1,2
27,1,46,5,7,2310,11,1,1,7000,60,1,1,54.42119969,1,2
27,1,53,5,6,2310,11,1,1,9000,48,1,1,54.42119969,1,2
27,1,54,5,6,2310,11,1,1,9000,60,1,1,54.42119969,1,2
27,2,50,5,6,2310,11,1,1,9000,48,1,1,52.22493837,1,2
27,2,51,5,6,2310,11,1,1,9000,60,1,1,52.22493837,1,2
27,1,48,5,6,2310,11,1,1,7000,48,1,1,54.42119969,1,2
27,1,48,5,6,2310,11,1,1,7000,60,1,1,54.42119969,1,2
27,1,49,5,6,2310,11,1,1,9000,48,1,1,54.42119969,1,2
27,1,49,5,6,2310,11,1,1,8500,60,1,1,54.42119969,1,2
27,1,44,5,5,2310,11,1,1,10000,48,1,1,54.42119969,1,2
27,1,45,5,5,2310,11,1,1,10000,60,1,1,54.42119969,1,2
27,1,39,5,5,2310,11,1,1,9000,48,1,1,54.42119969,1,2
27,1,40,5,5,2310,11,1,1,9000,60,1,1,54.42119969,1,2
27,1,38,5,6,2310,11,1,1,6500,48,1,1,54.42119969,1,2
27,1,38,5,6,2310,11,1,1,6500,60,1,1,54.42119969,1,2
27,1,50,5,6,2310,11,1,1,7500,48,1,1,54.42119969,1,2
27,1,50,5,6,2310,11,1,1,7500,60,1,1,54.42119969,1,2
27,2,50,4,2,2511,11,1,1,5000,60,1,1,52.22493837,1,2
27,1,24,7,1,2620,11,1,1,7000,48,1,1,48.12335227,1,2
27,1,25,7,1,2620,11,1,1,7000,60,1,1,54.42119969,1,2
27,1,44,5,5,2310,11,1,1,7000,48,1,1,54.42119969,1,2
27,1,44,5,5,2310,11,1,1,7000,60,1,1,54.42119969,1,2
27,1,46,5,5,2310,11,1,1,6700,48,1,1,54.42119969,1,2
27,1,46,5,5,2310,11,1,1,6700,60,1,1,54.42119969,1,2
27,2,37,8,1,2310,11,1,1,10000,48,1,1,52.22493837,1,2
27,2,37,8,1,2310,11,1,1,10000,48,1,1,52.22493837,1,2
27,1,40,8,1,2310,11,1,1,30000,48,1,1,54.42119969,1,2
27,1,40,8,1,2310,11,1,1,30000,48,1,1,54.42119969,1,2
27,2,36,8,1,2310,11,1,1,20000,48,1,1,52.22493837,1,2
27,2,36,8,1,2310,11,1,1,20000,48,1,1,52.22493837,1,2
27,1,25,8,1,3250,5,1,1,5000,48,1,1,54.42119969,1,2
27,1,25,8,1,3250,5,1,1,5000,48,1,1,54.42119969,1,2
27,1,40,8,5,2391,5,1,1,7000,48,1,1,54.42119969,1,2
27,1,40,8,5,2391,5,1,1,7000,48,1,1,54.42119969,1,2
27,1,24,8,1,2630,11,2,1,10000,48,1,1,31.30274321,1,2
27,1,25,8,1,2630,11,2,1,11000,48,1,1,35.39929699,1,2
27,2,24,8,1,2630,11,2,1,10000,48,1,1,39.46901191,1,2
27,2,25,8,1,2630,11,2,1,12000,48,1,1,33.97069734,1,2
27,2,33,4,2,1410,11,1,1,5000,48,1,1,33.97069734,1,2
27,2,23,8,1,2630,11,2,1,10000,48,1,1,39.46901191,1,2
27,2,23,8,1,2630,11,2,1,10000,48,1,1,39.46901191,1,2
27,2,27,5,2,1410,11,1,1,6000,66,1,1,33.97069734,1,2
27,2,36,9,5,145,5,1,1,28000,56,1,1,33.97069734,1,2
27,2,27,7,1,2630,11,1,1,6600,52,1,1,33.97069734,1,2
27,2,28,7,1,2630,11,2,1,7000,52,1,1,33.97069734,1,2
27,2,30,8,1,2630,11,1,1,8000,52,1,1,33.97069734,1,2
27,2,31,8,1,2630,11,1,1,8000,52,1,1,33.97069734,1,2
27,1,42,5,2,118,5,2,2,5000,55,1,1,35.39929699,1,2
27,1,24,8,1,118,5,2,2,6000,55,1,1,31.30274321,1,2
27,1,25,8,1,118,5,2,2,7500,55,1,1,35.39929699,1,2
27,1,29,5,5,2630,11,1,1,7000,48,1,2,128.225224,1,2
27,1,30,5,5,2630,11,1,1,7000,48,1,2,128.225224,1,2
27,2,26,5,2,1410,5,1,1,5000,56,1,2,124.5461183,1,2
27,1,52,5,2,3100,3,5,2,5000,56,1,2,128.225224,1,2
27,2,26,5,2,2630,11,1,1,7000,60,1,2,124.5461183,1,2
27,2,47,4,2,2610,11,1,1,7000,55,1,2,124.5461183,1,2
27,2,47,4,2,2630,11,1,1,7500,60,1,2,124.5461183,1,2
27,2,35,4,2,1410,11,1,1,6000,57,1,2,124.5461183,1,2
27,2,36,4,2,1410,11,1,1,7000,57,1,2,124.5461183,1,2
27,2,46,4,2,2610,11,1,1,8500,70,1,2,124.5461183,1,2
27,2,30,5,2,2630,11,1,1,8500,60,1,2,124.5461183,1,2
27,2,31,5,2,2630,11,1,1,8000,54,1,2,124.5461183,1,2
27,1,43,5,2,1702,5,1,1,9500,48,1,2,128.225224,1,2
27,2,35,6,2,1410,5,1,1,8000,60,1,2,124.5461183,1,2
27,1,29,5,2,1410,5,1,1,6500,60,1,2,128.225224,1,2
27,1,30,5,2,1410,5,1,1,7000,60,1,2,128.225224,1,2
27,2,28,5,2,1410,5,1,1,6000,60,1,2,124.5461183,1,2
27,2,28,5,2,1410,5,1,1,7000,60,1,2,124.5461183,1,2
27,2,36,5,2,1200,5,1,1,7500,48,1,2,124.5461183,1,2
27,2,36,5,2,1200,5,1,1,7500,48,1,2,124.5461183,1,2
27,1,24,5,2,2630,11,1,1,8000,60,1,2,167.4342921,1,2
27,1,25,5,2,2630,11,1,1,9000,55,1,2,128.225224,1,2
27,2,22,7,2,2630,11,1,1,5000,60,1,2,149.37438,1,2
27,1,23,5,2,2630,11,2,1,6500,55,1,2,167.4342921,1,2
27,2,23,7,2,2630,11,1,1,7000,54,1,2,149.37438,1,2
27,2,35,5,2,1410,11,2,1,6000,48,1,2,124.5461183,1,2
27,2,36,5,2,1410,11,1,1,6000,63,1,2,124.5461183,1,2
27,1,39,4,2,1410,5,1,1,9500,70,1,2,128.225224,1,2
27,1,39,4,2,1410,5,1,1,5500,58,1,2,128.225224,1,2
27,1,24,5,6,2630,11,1,1,6000,48,1,2,167.4342921,1,2
27,1,24,5,6,2630,11,2,1,7000,48,1,2,167.4342921,1,2
27,1,53,5,7,161,10,1,1,5500,48,1,2,128.9373491,1,2
27,1,33,5,5,1709,5,6,2,15000,63,1,1,58.15598791,1,2
27,1,34,5,5,1702,5,2,2,15000,63,1,1,58.15598791,1,2
27,1,32,5,6,3320,5,2,2,10000,56,1,1,58.15598791,1,2
27,2,31,4,2,1709,5,2,2,6500,48,1,1,55.80900277,1,2
27,2,33,3,2,1709,3,7,2,4500,56,1,1,55.80900277,1,2
27,1,43,3,2,1709,3,6,2,8000,48,1,1,58.15598791,1,2
27,2,40,3,2,1709,3,6,2,7000,56,1,1,55.80900277,1,2
27,2,20,7,1,1811,5,3,2,4800,48,1,1,64.84194813,1,2
27,1,41,4,2,1709,3,6,2,7000,56,1,1,58.15598791,1,2
27,1,42,4,2,1709,3,6,2,7000,56,1,1,58.15598791,1,2
27,2,40,4,2,1709,3,6,2,6000,56,1,1,55.80900277,1,2
27,2,41,4,2,1709,3,6,2,6000,56,1,1,55.80900277,1,2
27,1,25,1,2,1709,3,6,2,7500,63,1,1,58.15598791,1,2
27,1,23,3,2,1709,3,6,2,8000,63,1,1,51.42593527,1,2
27,2,24,7,1,1709,5,2,2,6000,56,1,1,64.84194813,1,2
27,2,24,7,1,1709,5,2,2,6000,56,1,1,64.84194813,1,2
27,1,19,5,2,1709,3,6,2,6500,56,1,1,51.42593527,1,2
27,2,29,4,2,1709,3,6,2,6000,56,1,1,55.80900277,1,2
27,1,22,5,2,2593,11,3,1,7000,63,1,1,51.42593527,1,2
27,1,22,5,2,2593,11,2,1,7000,63,1,1,51.42593527,1,2
27,2,27,5,2,1709,3,6,2,4000,56,1,1,55.80900277,1,2
27,1,40,3,5,1709,3,6,2,6000,63,1,1,58.15598791,1,2
27,2,37,3,2,1709,3,6,2,6000,63,1,1,55.80900277,1,2
27,1,54,4,2,2511,3,6,2,10000,63,1,1,58.15598791,1,2
27,1,54,4,2,2511,3,6,2,10000,63,1,1,58.15598791,1,2
27,2,24,5,2,2610,11,1,1,8000,72,1,1,43.74258406,1,2
27,1,25,5,2,2610,11,1,1,8000,72,1,1,39.23221406,1,2
27,2,27,4,2,2630,11,1,1,6000,70,1,1,37.64893044,1,2
27,2,27,4,2,2630,11,1,1,6500,60,1,1,37.64893044,1,2
27,1,19,4,2,2630,11,2,2,3500,48,1,1,34.69209919,1,2
27,1,19,4,2,2630,11,1,1,4000,48,1,1,34.69209919,1,2
27,1,26,5,2,2610,11,1,1,7000,72,1,1,39.23221406,1,2
27,2,21,4,2,2610,11,1,1,8000,72,1,1,43.74258406,1,2
27,1,54,5,2,1629,11,1,1,9000,60,1,1,39.23221406,1,2
27,1,24,5,2,1629,11,1,1,9000,60,1,1,34.69209919,1,2
27,2,25,4,2,2610,11,1,1,4500,42,1,1,37.64893044,1,2
27,2,25,4,2,2630,11,1,1,5000,42,1,1,37.64893044,1,2
27,2,27,4,2,2610,11,1,1,8000,72,1,1,37.64893044,1,2
27,2,27,4,2,2630,11,1,1,8000,72,1,1,37.64893044,1,2
27,2,22,5,2,2610,11,1,1,6000,56,1,1,43.74258406,1,2
27,2,22,5,2,2610,11,1,1,8000,60,1,1,43.74258406,1,2
27,2,32,4,2,2610,11,1,1,7000,60,1,1,37.64893044,1,2
27,2,35,4,2,2610,11,1,1,7000,60,1,1,37.64893044,1,2
27,2,36,4,2,2610,11,1,1,7500,60,1,1,37.64893044,1,2
27,2,36,4,5,2610,11,1,1,7000,60,1,1,37.64893044,1,2
27,2,24,5,2,2630,11,2,1,6500,60,1,1,43.74258406,1,2
27,2,24,5,2,2630,11,2,1,6500,60,1,1,43.74258406,1,2
27,2,27,5,2,2630,11,3,1,8000,72,1,1,37.64893044,1,2
27,2,28,5,2,2630,11,2,1,8000,60,1,1,37.64893044,1,2
27,1,28,4,2,2630,11,2,1,7500,60,1,1,39.23221406,1,2
27,2,23,5,2,2630,11,1,1,9000,70,1,1,43.74258406,1,2
27,2,23,5,2,2630,11,1,1,8500,60,1,1,43.74258406,1,2
27,2,27,4,2,2610,11,1,1,8500,70,1,1,37.64893044,1,2
27,2,28,4,2,2610,11,1,1,8000,48,1,1,37.64893044,1,2
27,1,20,5,2,2630,11,1,1,7500,66,1,1,34.69209919,1,2
27,1,20,5,2,2630,11,1,1,8500,66,1,1,34.69209919,1,2
27,1,21,5,2,1520,11,1,1,7500,66,1,1,34.69209919,1,2
27,1,21,5,2,2630,11,1,1,8500,66,1,1,34.69209919,1,2
27,1,28,8,2,2610,11,1,1,8500,72,1,1,39.23221406,1,2
27,2,25,5,2,2610,11,1,1,5000,48,1,1,37.64893044,1,2
27,2,25,5,2,2610,11,1,1,5500,48,1,1,37.64893044,1,2
27,1,31,4,2,1701,5,1,1,9000,60,1,1,39.23221406,1,2
27,2,32,4,2,2610,11,1,1,8500,50,1,1,37.64893044,1,2
27,1,16,4,1,3100,3,6,2,4200,55,1,1,49.6320073,1,2
27,1,17,4,1,3100,3,6,2,4000,48,1,1,49.6320073,1,2
27,2,19,4,2,2630,11,2,1,3200,48,1,1,62.58001971,1,2
27,2,19,4,2,2610,11,2,1,5200,48,1,1,62.58001971,1,2
27,1,39,9,1,161,9,1,1,6300,40,1,1,56.12729065,1,2
27,1,35,8,1,1103,5,2,1,8200,48,1,1,56.12729065,1,2
27,1,36,8,1,1101,5,2,1,8600,54,1,1,56.12729065,1,2
27,2,25,5,2,2630,11,2,1,7300,54,1,1,53.86217709,1,2
27,2,25,5,2,2610,11,2,1,7300,50,1,1,53.86217709,1,2
27,2,32,4,2,2630,11,2,1,7500,52,1,1,53.86217709,1,2
27,2,32,4,5,2610,11,2,1,7500,54,1,1,53.86217709,1,2
27,1,61,2,1,116,4,5,2,1160,40,1,1,46.62248399,1,2
27,1,64,2,1,161,4,5,2,1600,55,1,1,46.62248399,1,2
27,2,19,5,2,2630,11,2,1,6400,48,1,1,62.58001971,1,2
27,2,19,5,1,2610,11,2,1,2200,48,1,1,62.58001971,1,2
27,1,23,4,1,3100,3,6,2,8200,50,1,1,49.6320073,1,2
27,1,23,4,1,3100,3,6,2,5000,50,1,1,49.6320073,1,2
27,2,34,4,2,2630,11,2,1,6300,50,1,1,53.86217709,1,2
27,2,35,4,2,2630,11,3,1,6500,55,1,1,53.86217709,1,2
27,2,29,4,2,2630,11,2,1,6800,48,1,1,53.86217709,1,2
27,2,30,4,2,2630,11,2,1,6500,52,1,1,53.86217709,1,2
27,1,20,4,2,3100,3,6,2,7500,52,1,1,49.6320073,1,2
27,1,20,4,2,3100,3,6,2,5600,55,1,1,49.6320073,1,2
27,1,28,5,6,2630,11,2,1,8500,50,1,1,56.12729065,1,2
27,1,28,5,6,2630,11,2,1,8500,50,1,1,56.12729065,1,2
27,2,24,5,2,2630,11,2,1,7200,52,1,1,62.58001971,1,2
27,2,25,5,1,2630,11,2,1,7200,48,1,1,53.86217709,1,2
27,1,22,5,2,2630,11,2,1,8200,54,1,1,49.6320073,1,2
27,1,23,5,1,2630,11,2,1,7600,52,1,1,49.6320073,1,2
27,1,28,8,1,2630,11,2,1,27000,54,1,1,56.12729065,1,2
27,1,29,8,1,2630,11,2,1,27000,52,1,1,56.12729065,1,2
27,2,28,8,1,2620,11,2,1,12000,50,1,1,53.86217709,1,2
27,2,28,8,1,2620,11,2,1,12000,50,1,1,53.86217709,1,2
27,2,30,4,2,2630,11,2,1,6700,48,1,1,53.86217709,1,2
27,2,30,4,2,2630,11,2,1,6800,50,1,1,53.86217709,1,2
27,2,29,5,2,2630,11,2,1,6000,48,1,2,39.56357311,1,2
27,1,25,3,2,1709,3,6,2,6000,50,1,2,40.73228529,1,2
27,2,40,4,2,1410,11,2,1,5000,48,1,2,39.56357311,1,2
27,1,41,4,2,1709,3,6,2,6000,48,1,2,40.73228529,1,2
27,1,34,7,1,2599,5,2,1,9000,55,1,2,40.73228529,1,2
27,1,34,7,1,2410,5,2,1,9000,48,1,2,40.73228529,1,2
27,2,29,5,3,1410,11,2,1,6000,50,1,2,39.56357311,1,2
27,2,27,4,2,2630,11,2,1,6000,48,1,2,39.56357311,1,2
27,2,29,5,2,2610,11,2,1,11000,48,1,2,39.56357311,1,2
27,1,33,4,2,1709,5,2,1,6000,48,1,2,40.73228529,1,2
27,2,34,4,2,2630,11,2,1,7000,48,1,2,39.56357311,1,2
27,2,35,6,2,2630,11,2,1,6000,48,1,2,39.56357311,1,2
27,1,63,4,2,3100,3,6,2,4000,50,1,2,35.00919659,1,2
27,1,21,5,2,2630,11,2,1,6500,48,1,2,53.18751759,1,2
27,2,23,8,1,2630,11,2,1,11000,48,1,2,47.45056918,1,2
27,2,23,5,2,2630,11,2,1,5700,63,1,2,123.6183889,1,2
27,1,27,5,6,2630,11,2,1,11000,60,1,2,106.1158922,1,2
27,2,20,4,1,2630,11,2,1,4100,48,1,2,123.6183889,1,2
27,1,25,4,2,2630,11,2,1,6000,60,1,2,106.1158922,1,2
27,2,23,8,1,2610,11,2,1,17000,48,1,2,123.6183889,1,2
27,2,28,8,1,2630,11,2,1,18000,48,1,2,103.0711591,1,2
27,2,28,4,2,2630,11,2,1,7200,50,1,2,103.0711591,1,2
27,2,29,5,2,2630,11,2,1,6300,50,1,2,103.0711591,1,2
27,2,28,5,2,2630,11,2,1,6300,60,1,2,103.0711591,1,2
27,2,28,5,1,2630,11,2,1,5400,60,1,2,103.0711591,1,2
27,1,28,5,2,2630,11,2,1,11000,60,1,2,106.1158922,1,2
27,1,27,8,1,2630,11,2,1,19000,60,1,2,106.1158922,1,2
27,1,28,8,2,2630,11,2,1,21000,63,1,2,106.1158922,1,2
27,2,25,5,2,2630,11,2,1,8300,72,1,2,103.0711591,1,2
27,2,28,5,2,2630,11,2,1,8000,54,1,2,103.0711591,1,2
27,2,29,4,2,2630,11,2,1,7400,48,1,2,103.0711591,1,2
27,2,23,5,1,2630,11,2,1,5200,54,1,2,123.6183889,1,2
27,2,19,5,2,2630,11,2,1,5600,52,1,2,123.6183889,1,2
27,2,23,5,2,2630,11,2,1,8000,60,1,2,123.6183889,1,2
27,2,33,4,2,2630,11,2,1,8000,60,1,2,103.0711591,1,2
27,1,26,5,7,2630,11,2,1,10000,60,1,2,106.1158922,1,2
27,2,35,4,2,2630,11,2,1,8400,60,1,2,103.0711591,1,2
27,2,32,5,2,2630,11,2,1,8000,60,1,2,103.0711591,1,2
27,2,28,4,2,2630,11,2,1,7600,60,1,2,103.0711591,1,2
27,2,37,3,2,1410,5,2,1,6000,48,1,2,103.0711591,1,2
27,1,25,8,1,2610,11,1,1,15000,72,1,2,122.4008633,1,2
27,1,25,8,2,2630,11,2,1,15000,72,1,2,122.4008633,1,2
27,2,21,5,2,2610,11,1,1,8300,72,1,2,142.5893634,1,2
27,2,21,5,2,2630,11,2,1,8300,72,1,2,142.5893634,1,2
27,2,28,5,2,2610,11,1,1,8200,72,1,2,118.8888732,1,2
27,2,33,5,2,1410,10,1,1,6400,60,1,2,118.8888732,1,2
27,2,33,5,2,1410,5,2,1,6500,70,1,2,118.8888732,1,2
27,1,35,5,2,2610,11,1,1,8600,72,1,2,122.4008633,1,2
27,1,35,5,2,2630,11,2,1,8700,72,1,2,122.4008633,1,2
27,2,46,4,2,1410,5,1,1,5800,63,1,2,118.8888732,1,2
27,2,47,4,2,1410,5,2,1,5900,70,1,2,118.8888732,1,2
27,2,23,3,2,2610,11,1,1,8900,72,1,2,142.5893634,1,2
27,2,23,3,2,2630,11,2,1,9000,72,1,2,142.5893634,1,2
27,1,54,4,2,2630,11,2,2,5000,56,1,2,122.4008633,1,2
27,2,34,4,3,1410,3,6,2,6000,65,1,2,118.8888732,1,2
27,2,22,5,2,2630,11,1,1,7800,72,1,2,142.5893634,1,2
27,1,46,4,2,2410,5,6,2,6200,70,1,2,122.4008633,1,2
27,2,41,4,2,2410,5,6,2,6000,60,1,2,118.8888732,1,2
27,2,23,5,2,2630,11,1,1,7500,72,1,2,142.5893634,1,2
27,2,24,5,2,2630,11,1,1,7800,72,1,2,142.5893634,1,2
27,1,35,4,2,2022,11,2,1,8600,60,1,2,208.4596256,1,2
27,1,41,8,2,2630,11,2,1,15000,48,1,2,208.4596256,1,2
27,1,41,8,2,2630,11,2,1,16000,60,1,2,208.4596256,1,2
27,2,25,5,2,2610,11,2,1,6200,48,1,2,202.4783922,1,2
27,1,24,5,2,2630,11,2,1,8000,72,1,2,272.2029939,1,2
27,1,25,5,2,2630,11,2,1,7400,60,1,2,208.4596256,1,2
27,2,25,5,2,2630,11,2,1,8000,60,1,2,202.4783922,1,2
27,2,25,5,2,2630,11,2,1,7000,60,1,2,202.4783922,1,2
27,1,28,8,2,2610,11,2,1,5400,54,1,2,208.4596256,1,2
27,1,28,8,2,2610,11,2,1,5800,56,1,2,208.4596256,1,2
27,2,19,5,2,2610,11,2,1,6700,72,1,2,242.8424483,1,2
27,2,31,5,2,2630,11,2,1,7200,60,1,2,202.4783922,1,2
27,1,23,5,2,2630,11,2,1,7600,56,1,2,272.2029939,1,2
27,2,35,3,2,2630,11,2,1,7000,54,1,2,202.4783922,1,2
27,1,32,5,7,2829,5,2,1,7800,51,1,2,208.4596256,1,2
27,2,25,5,2,2630,11,2,1,7400,48,1,2,202.4783922,1,2
27,2,22,5,2,2630,11,2,1,8400,48,1,2,242.8424483,1,2
27,2,20,5,2,2630,11,2,1,11500,48,1,2,242.8424483,1,2
27,2,27,8,2,1075,5,2,1,8000,56,1,2,202.4783922,1,2
27,1,29,7,2,2630,11,2,1,11000,60,1,2,208.4596256,1,2
27,2,35,5,2,2630,11,2,1,5600,48,1,2,202.4783922,1,2
27,2,36,5,2,2630,11,2,1,4700,56,1,2,202.4783922,1,2
27,2,27,5,2,2630,11,2,1,7000,48,1,2,202.4783922,1,2
27,1,31,5,7,2630,11,2,1,12000,60,1,2,208.4596256,1,2
27,2,26,5,2,2630,11,2,1,6750,48,1,2,202.4783922,1,2
27,2,24,8,4,2100,5,2,1,6000,40,1,2,141.2839678,1,2
27,2,24,8,4,2100,5,2,1,6300,58,1,2,141.2839678,1,2
27,1,30,4,5,3100,3,6,2,5000,58,1,2,121.280292,1,2
27,1,27,4,2,3100,3,5,2,6500,65,1,2,121.280292,1,2
27,1,40,3,2,3100,3,6,2,7000,65,1,2,121.280292,1,2
27,1,40,3,2,3100,3,6,2,6000,65,1,2,121.280292,1,2
27,1,37,2,2,3100,3,6,2,4000,48,1,2,121.280292,1,2
27,1,55,6,1,161,10,1,1,7000,40,1,1,189.0321268,1,2
27,1,56,6,1,161,10,1,1,7000,40,1,1,189.0321268,1,2
27,1,39,5,7,2630,11,1,1,8000,48,1,1,189.0321268,1,2
27,1,40,5,7,2930,11,1,1,8000,48,1,1,189.0321268,1,2
27,2,32,4,2,1410,11,1,1,7000,52,1,2,128.2964691,1,2
27,1,23,8,2,2630,11,1,1,16000,48,1,2,172.4760978,1,2
27,1,23,8,2,2630,11,1,1,16000,48,1,2,172.4760978,1,2
27,2,30,4,2,2610,11,1,1,6800,55,1,2,128.2964691,1,2
27,1,24,8,1,2620,11,1,1,9000,52,1,2,172.4760978,1,2
27,1,24,8,1,2620,11,1,1,9000,52,1,2,172.4760978,1,2
27,1,35,8,2,2310,10,1,1,12000,56,1,2,132.0863605,1,2
27,1,35,8,2,2310,10,1,1,11000,56,1,2,132.0863605,1,2
27,1,33,5,5,2220,11,1,1,8000,55,1,2,132.0863605,1,2
27,2,38,5,6,1410,5,1,1,5500,50,1,2,128.2964691,1,2
27,2,38,5,6,1410,5,1,1,6000,50,1,2,128.2964691,1,2
27,2,29,7,1,2620,11,1,1,8000,48,1,2,119.8644463,1,2
27,2,30,7,1,2620,11,1,1,8000,48,1,2,119.8644463,1,2
27,1,32,4,6,2392,5,1,1,6000,48,1,2,123.4052549,1,2
27,1,33,4,6,2392,5,1,1,6000,48,1,2,123.4052549,1,2
27,2,26,7,1,2610,11,2,1,8000,48,1,2,119.8644463,1,2
27,2,27,7,1,2610,11,2,1,8000,48,1,2,119.8644463,1,2
27,1,38,5,6,2511,5,1,1,5000,48,1,2,123.4052549,1,2
27,1,38,5,6,2511,5,1,1,5000,50,1,2,123.4052549,1,2
27,1,40,4,5,2620,11,1,1,8000,42,1,2,123.4052549,1,2
27,1,40,4,5,2620,11,1,1,8000,42,1,2,123.4052549,1,2
27,1,26,8,1,2620,11,1,1,7600,48,1,2,123.4052549,1,2
27,1,26,8,1,2620,11,1,1,7600,48,1,2,123.4052549,1,2
27,2,25,8,1,2220,11,1,1,4000,48,1,2,119.8644463,1,2
27,2,25,8,1,2220,11,1,1,4500,48,1,2,119.8644463,1,2
27,1,23,8,1,2620,11,1,1,7600,48,1,2,161.1404595,1,2
27,1,24,8,1,2620,11,1,1,7600,48,1,2,161.1404595,1,2
27,1,25,5,7,2630,11,3,1,6800,60,1,2,125.5588369,1,2
27,1,23,5,7,2610,11,1,1,7500,60,1,2,163.9525697,1,2
27,1,29,5,6,2610,11,1,1,7000,60,1,2,125.5588369,1,2
27,1,30,5,6,2610,11,1,1,7000,60,1,2,125.5588369,1,2
27,1,34,7,1,1071,11,1,1,7000,48,1,2,125.5588369,1,2
27,2,29,6,1,2610,11,1,1,5000,48,1,2,121.5741853,1,2
27,2,30,6,1,2610,11,1,1,5000,40,1,2,121.5741853,1,2
27,2,40,4,2,2220,11,1,1,7000,54,1,2,118.0662308,1,2
27,2,41,4,2,2220,11,1,1,7000,54,1,2,118.0662308,1,2
27,1,27,5,6,2630,11,1,1,9000,60,1,2,121.5539199,1,2
27,1,27,5,6,2630,11,1,1,12000,60,1,2,121.5539199,1,2
27,1,28,5,7,2610,11,1,1,8000,56,1,2,121.5539199,1,2
27,1,31,8,1,2610,11,1,1,9000,52,1,2,121.5539199,1,2
27,1,31,8,1,2610,11,1,1,9000,52,1,2,121.5539199,1,2
27,1,24,5,7,2610,11,1,1,8500,52,1,2,162.5282842,1,2
27,1,24,5,7,2610,11,1,1,8500,52,1,2,162.5282842,1,2
27,1,32,8,2,2610,11,1,1,8500,55,1,2,124.4680846,1,2
27,1,23,5,7,2610,11,1,1,7200,54,1,2,162.5282842,1,2
27,1,23,5,7,2610,11,1,1,7200,56,1,2,162.5282842,1,2
27,2,45,6,1,2100,10,1,1,6230,48,1,1,54.80162005,1,2
27,2,23,8,1,2100,10,1,1,4100,48,1,1,63.67151586,1,2
27,1,36,8,1,1080,5,2,2,2500,70,1,1,57.10624083,1,2
27,1,36,8,1,1080,5,1,2,15000,56,1,1,57.10624083,1,2
27,2,24,8,1,2220,11,2,1,6000,48,1,1,63.67151586,1,2
27,2,26,8,1,2620,11,2,1,6600,48,1,1,54.80162005,1,2
27,2,26,8,1,2620,11,2,1,6000,48,1,1,54.80162005,1,2
27,2,24,8,1,2220,11,2,1,6500,48,1,1,63.67151586,1,2
27,2,36,5,6,1074,5,1,1,6000,48,1,1,54.80162005,1,2
27,1,29,6,1,2620,11,1,1,7400,50,1,1,57.10624083,1,2
27,1,29,5,6,2620,11,1,1,9100,50,1,1,57.10624083,1,2
27,1,34,8,1,2220,11,1,1,21500,48,1,1,57.10624083,1,2
27,2,35,8,1,2220,11,1,1,22500,50,1,1,54.80162005,1,2
27,2,26,8,1,2710,5,1,1,12000,50,1,1,54.80162005,1,2
27,2,26,8,1,2710,5,1,1,12000,50,1,1,54.80162005,1,2
27,2,21,7,1,2710,5,1,1,8500,50,1,1,63.67151586,1,2
27,2,21,7,1,2710,5,1,1,8500,50,1,1,63.67151586,1,2
27,1,26,8,1,1050,5,1,1,12500,55,1,1,57.10624083,1,2
27,1,32,8,1,1104,5,1,1,9800,55,1,1,57.10624083,1,2
27,1,32,8,1,1104,5,1,1,10500,60,1,1,57.10624083,1,2
27,2,39,8,2,2652,11,1,1,6000,48,1,2,121.341649,1,2
27,2,40,8,2,2652,11,1,1,5400,48,1,2,121.341649,1,2
27,2,25,7,1,2630,11,2,1,6500,48,1,2,121.341649,1,2
27,2,25,7,1,2630,11,2,1,7000,48,1,2,121.341649,1,2
27,1,27,8,1,2630,11,2,1,7500,48,1,2,124.9260943,1,2
27,1,27,8,1,2610,11,2,1,7500,48,1,2,124.9260943,1,2
27,2,23,5,7,1702,11,2,1,6500,48,1,2,145.5310999,1,2
27,2,23,7,1,2630,11,2,1,6500,48,1,2,145.5310999,1,2
27,2,26,8,1,2630,11,2,1,6000,48,1,2,121.341649,1,2
27,1,34,5,7,1104,5,1,1,6000,48,1,2,124.9260943,1,2
27,2,30,5,2,2790,11,1,1,6000,60,1,2,121.341649,1,2
27,2,30,7,2,2220,11,2,1,5000,56,1,2,121.341649,1,2
27,2,31,7,2,2220,11,1,1,5000,48,1,2,121.341649,1,2
27,2,42,4,2,1074,11,1,1,6500,56,1,2,121.341649,1,2
27,2,43,4,2,1074,11,1,1,7000,50,1,2,121.341649,1,2
27,2,32,8,1,2593,11,3,1,7000,48,1,2,121.341649,1,2
27,2,33,8,2,2593,11,2,1,7000,48,1,2,121.341649,1,2
27,1,36,8,2,2750,5,1,1,10500,55,1,2,166.3800767,1,2
27,1,37,8,1,2750,5,1,1,14500,60,1,2,166.3800767,1,2
27,1,28,5,5,2220,11,1,1,11500,60,1,2,166.3800767,1,2
27,1,28,5,5,2220,11,1,1,12500,50,1,2,166.3800767,1,2
27,2,26,7,1,2620,11,1,1,9400,50,1,2,161.6062119,1,2
27,2,35,7,1,1074,5,1,1,6300,60,1,2,161.6062119,1,2
27,2,35,7,1,1074,5,1,1,8200,54,1,2,161.6062119,1,2
27,1,39,4,5,1074,5,1,1,8400,65,1,2,166.3800767,1,2
27,1,39,4,5,1074,5,1,1,8200,55,1,2,166.3800767,1,2
27,2,34,4,1,1074,5,1,1,7300,55,1,2,161.6062119,1,2
27,2,21,5,7,1410,11,1,1,6300,60,1,2,193.8224011,1,2
27,2,21,5,7,1410,5,1,1,6100,50,1,2,193.8224011,1,2
27,2,30,4,1,1010,5,2,1,6200,70,1,2,161.6062119,1,2
27,2,30,4,1,1010,5,1,1,6300,50,1,2,161.6062119,1,2
27,2,30,7,1,2610,11,1,1,6500,50,1,2,161.6062119,1,2
27,1,28,5,1,2610,11,1,1,8500,70,1,2,166.3800767,1,2
27,1,29,5,1,2610,11,1,1,8800,54,1,2,166.3800767,1,2
27,1,18,5,1,2610,11,2,1,6400,70,1,2,217.2562426,1,2
27,1,28,5,1,2630,11,1,1,9300,70,1,2,166.3800767,1,2
27,2,28,5,1,2630,11,1,1,7600,50,1,2,161.6062119,1,2
27,2,28,4,1,2512,5,2,1,4800,60,1,2,161.6062119,1,2
27,2,24,4,1,2630,11,1,1,5700,50,1,2,193.8224011,1,2
27,1,37,8,1,2680,5,1,1,9800,55,1,2,166.3800767,1,2
27,1,38,8,1,2680,5,1,1,10800,55,1,2,166.3800767,1,2
27,1,30,8,1,1050,10,1,1,12800,50,1,2,166.3800767,1,2
27,1,31,8,1,1050,5,1,1,15500,55,1,2,166.3800767,1,2
27,2,30,8,1,2930,11,1,1,9600,50,1,2,161.6062119,1,2
27,2,31,8,1,2930,11,1,1,13400,55,1,2,161.6062119,1,2
27,2,39,4,2,1410,3,6,2,4000,55,1,2,161.6062119,1,2
27,2,40,4,2,1410,3,6,2,4600,50,1,2,161.6062119,1,2
27,1,26,6,1,1062,5,1,1,9200,60,1,2,166.3800767,1,2
27,2,27,5,1,2620,11,1,1,5400,54,1,2,161.6062119,1,2
27,1,28,4,6,2511,5,1,1,9600,55,1,2,166.3800767,1,2
27,1,29,4,2,2710,11,1,1,6480,48,1,2,123.5949146,1,2
27,1,25,8,1,1701,5,1,1,16000,48,1,2,123.5949146,1,2
27,1,25,8,1,1701,5,1,1,17200,48,1,2,123.5949146,1,2
27,2,30,5,2,2710,11,1,1,5800,48,1,2,120.0486642,1,2
27,1,27,8,1,1080,5,1,1,18000,56,1,2,123.5949146,1,2
27,1,27,8,1,2790,5,1,1,14400,48,1,2,123.5949146,1,2
27,2,25,8,1,1074,11,1,1,5800,48,1,2,120.0486642,1,2
27,2,65,4,2,1629,5,6,2,4600,40,1,2,103.1812297,1,2
27,2,65,4,2,1629,5,6,2,4800,48,1,2,103.1812297,1,2
27,2,35,5,7,2100,5,1,1,5560,48,1,2,120.0486642,1,2
27,2,35,5,7,2100,5,1,1,5460,48,1,2,120.0486642,1,2
27,2,30,8,1,1811,11,1,1,20000,48,1,2,120.0486642,1,2
27,2,31,8,1,1811,11,1,1,20000,48,1,2,120.0486642,1,2
27,2,26,7,1,2630,11,1,1,7650,48,1,2,120.0486642,1,2
27,2,26,7,1,2630,11,1,1,7860,48,1,2,120.0486642,1,2
27,1,25,5,7,2630,11,1,1,10540,48,1,2,123.5949146,1,2
27,1,30,5,6,2630,11,1,1,9480,54,1,2,123.5949146,1,2
27,2,26,8,1,2630,11,1,1,9100,56,1,2,120.0486642,1,2
27,2,34,4,2,1410,11,1,1,5450,48,1,2,120.0486642,1,2
27,2,26,6,2,1050,5,2,1,7000,48,1,2,117.4294543,1,2
27,2,27,6,2,1050,5,1,1,6000,48,1,2,117.4294543,1,2
27,1,28,5,7,1050,5,1,1,9000,48,1,2,120.898333,1,2
27,1,28,5,7,1050,5,1,1,9000,48,1,2,120.898333,1,2
27,1,44,4,5,1329,5,6,2,9500,56,1,2,120.898333,1,2
27,1,45,4,5,2399,11,6,2,8500,56,1,2,120.898333,1,2
27,2,40,3,2,1329,5,6,2,5500,56,1,2,117.4294543,1,2
27,2,40,3,2,1410,3,6,2,6000,60,1,2,117.4294543,1,2
27,1,57,4,2,161,4,2,2,600,20,1,2,121.5697667,1,2
27,2,53,3,2,1329,5,6,1,5600,56,1,2,117.4294543,1,2
27,2,55,3,2,1410,5,2,2,5500,48,1,2,100.9300318,1,2
27,2,39,3,5,1410,3,6,2,6500,56,1,2,117.4294543,1,2
27,2,39,3,2,1410,3,6,2,5000,56,1,2,117.4294543,1,2
27,1,24,8,1,2393,11,3,1,6000,54,1,2,157.8669639,1,2
27,2,46,5,2,1329,5,6,2,6500,68,1,2,117.4294543,1,2
27,2,46,5,2,1410,3,6,2,3000,56,1,2,117.4294543,1,2
27,2,43,4,5,1410,3,6,2,9000,73,1,2,117.4294543,1,2
27,2,43,4,2,1410,3,6,2,9000,70,1,2,117.4294543,1,2
27,2,48,4,2,1410,3,6,2,4200,60,1,2,117.4294543,1,2
27,1,48,4,2,1410,3,6,2,3360,55,1,2,120.898333,1,2
27,2,52,4,2,1329,5,6,2,4600,60,1,2,117.4294543,1,2
27,2,52,4,2,1329,5,6,2,4100,50,1,2,117.4294543,1,2
27,2,35,4,2,2610,11,1,1,6800,55,1,2,117.4294543,1,2
27,2,35,4,4,1410,11,1,1,6500,55,1,2,117.4294543,1,2
27,2,35,4,2,1410,11,1,1,6800,55,1,2,117.4294543,1,2
27,1,29,5,2,2511,3,6,2,3200,35,1,2,120.898333,1,2
27,2,29,5,2,1410,3,6,2,5000,50,1,2,125.2343135,1,2
27,1,30,4,2,3100,5,2,1,8500,48,1,2,128.9337485,1,2
27,2,29,3,2,2630,11,1,1,8000,64,1,2,125.2343135,1,2
27,1,33,5,6,1410,11,1,1,7000,48,1,2,128.9337485,1,2
27,1,33,5,6,1410,11,2,1,7000,48,1,2,128.9337485,1,2
27,2,29,5,2,2610,11,1,1,8500,50,1,2,125.2343135,1,2
27,2,26,4,2,2930,11,1,1,7000,60,1,2,125.2343135,1,2
27,1,24,5,7,1702,11,3,1,5500,54,1,2,168.3594713,1,2
27,1,24,5,7,1811,11,2,1,6000,54,1,2,168.3594713,1,2
27,1,32,8,1,1080,5,2,1,8000,48,1,2,128.9337485,1,2
27,1,28,8,2,1410,11,2,1,7000,70,1,2,128.9337485,1,2
27,1,29,8,1,1410,11,2,1,9000,70,1,2,128.9337485,1,2
27,2,26,8,2,1410,11,2,1,9000,60,1,2,125.2343135,1,2
27,2,26,7,1,1410,11,2,1,9500,72,1,2,125.2343135,1,2
27,1,58,4,2,1622,3,6,2,4000,40,1,2,128.9337485,1,2
27,2,25,5,2,2620,11,1,1,6000,48,1,2,125.2343135,1,2
27,2,25,5,2,2212,11,1,1,6000,48,1,2,125.2343135,1,2
27,2,20,4,1,2220,11,2,1,6000,48,1,2,150.1997668,1,2
27,2,20,4,2,2212,11,2,1,5300,48,1,2,150.1997668,1,2
27,2,25,4,5,1410,3,6,2,8000,70,1,2,122.5231949,1,2
27,2,25,4,2,1410,3,6,2,8000,70,1,2,122.5231949,1,2
27,1,36,1,5,1410,3,6,2,6000,70,1,2,126.1425432,1,2
27,1,36,1,2,1410,3,6,2,3000,40,1,2,126.1425432,1,2
27,2,37,2,5,1410,3,6,2,8000,72,1,2,122.5231949,1,2
27,2,37,2,2,1410,3,6,2,7000,63,1,2,122.5231949,1,2
27,2,30,2,5,1410,3,6,2,4000,56,1,2,122.5231949,1,2
27,1,38,8,2,2410,5,1,1,9000,48,1,2,126.1425432,1,2
27,1,39,8,1,2410,5,1,1,8500,52,1,2,126.1425432,1,2
27,1,26,4,5,1709,5,2,2,4000,48,1,2,126.1425432,1,2
27,1,27,4,5,1702,5,6,2,8000,50,1,2,126.1425432,1,2
27,2,19,6,2,2610,11,1,1,6000,48,1,2,146.9481869,1,2
27,1,27,5,5,1104,11,3,1,7500,52,1,2,126.1425432,1,2
27,1,27,5,5,1104,11,2,1,8000,56,1,2,126.1425432,1,2
27,1,30,5,6,2630,11,1,1,15000,48,1,2,126.1425432,1,2
27,1,30,5,6,2630,11,1,1,13000,52,1,2,126.1425432,1,2
27,2,28,5,2,1074,11,1,1,8500,48,1,2,122.5231949,1,2
27,2,31,4,2,2620,11,1,1,9000,60,1,2,122.5231949,1,2
27,1,29,8,1,2022,11,1,1,12000,52,1,2,126.1425432,1,2
27,1,29,8,1,2022,11,1,1,12000,52,1,2,126.1425432,1,2
27,1,35,4,2,3100,3,6,2,9000,63,1,2,126.1425432,1,2
27,1,35,3,2,3100,3,6,2,9000,63,1,2,126.1425432,1,2
27,1,25,4,2,2511,3,6,2,8000,56,1,2,126.1425432,1,2
27,1,25,4,2,2511,3,6,2,8500,56,1,2,126.1425432,1,2
27,2,36,4,2,1410,11,3,1,6000,52,1,2,122.5231949,1,2
27,2,44,4,2,1410,3,6,2,4500,54,1,2,122.5231949,1,2
27,2,44,4,2,1410,3,6,2,6000,55,1,2,122.5231949,1,2
27,1,51,4,2,2410,5,1,2,7000,54,1,2,126.1425432,1,2
27,2,50,4,1,2392,5,1,2,6000,63,1,2,122.5231949,1,2
27,2,50,4,2,2392,5,4,2,6000,63,1,2,122.5231949,1,2
27,2,36,2,2,1410,3,6,2,5000,52,1,2,122.5231949,1,2
27,2,37,3,2,1410,3,6,2,6000,56,1,2,122.5231949,1,2
27,2,39,4,2,2630,11,1,1,7500,60,1,2,122.5231949,1,2
27,1,32,5,2,3250,5,2,2,11000,56,1,2,126.1425432,1,2
27,1,32,5,2,3250,5,4,2,13000,56,1,2,126.1425432,1,2
27,1,48,4,2,2392,5,1,2,6600,48,1,2,126.1425432,1,2
27,1,48,4,2,2815,5,1,1,6000,48,1,2,126.1425432,1,2
27,1,26,8,1,2630,11,2,1,1800,48,1,2,126.1425432,1,2
27,1,26,8,1,2630,11,2,1,15000,48,1,2,126.1425432,1,2
27,1,28,5,2,3100,3,6,2,8000,56,1,2,38.97040492,1,2
27,1,29,5,2,3100,3,6,2,8000,56,1,2,38.97040492,1,2
27,1,51,5,1,3100,3,6,2,4000,40,1,2,38.97040492,1,2
27,1,36,4,2,3100,3,6,2,8000,56,1,2,38.97040492,1,2
27,1,23,4,2,3100,3,6,2,6000,40,1,1,180.8626132,1,2
27,1,23,4,2,3100,3,6,2,7000,56,1,1,180.8626132,1,2
27,1,21,5,2,3100,3,6,2,5000,56,1,1,180.8626132,1,2
27,1,21,5,2,3100,3,6,2,6000,56,1,1,180.8626132,1,2
27,2,36,3,2,1709,5,1,1,5000,56,1,1,196.277657,1,2
27,1,35,5,7,2710,5,2,1,6000,48,1,1,51.30258866,1,2
27,1,35,8,2,2733,5,1,1,4000,48,1,1,51.30258866,1,2
27,1,30,4,2,3100,5,6,2,10000,56,1,1,51.30258866,1,2
27,1,27,8,1,2630,11,2,1,15000,48,1,1,51.30258866,1,2
27,1,27,8,1,2610,11,1,1,15000,48,1,1,51.30258866,1,2
27,2,43,3,2,1410,3,6,2,6000,63,1,1,49.23218426,1,2
27,2,44,4,2,1410,3,6,2,6500,63,1,1,49.23218426,1,2
27,2,34,5,2,2630,11,1,1,6000,48,1,1,49.23218426,1,2
27,2,34,5,2,2630,11,1,1,7000,56,1,1,49.23218426,1,2
27,1,51,4,2,3100,3,6,2,7000,56,1,1,54.11035397,1,2
27,1,46,3,2,3100,3,6,2,7500,56,1,1,54.11035397,1,2
27,1,45,4,2,3100,3,6,2,7000,56,1,1,54.11035397,1,2
27,1,45,4,2,3100,3,6,2,4000,56,1,1,54.11035397,1,2
27,1,32,8,2,3091,5,1,1,8000,48,1,1,54.11035397,1,2
27,1,61,4,1,2610,5,2,2,6000,56,1,1,44.94710295,1,2
27,1,34,8,1,2220,5,2,1,10000,48,1,1,54.11035397,1,2
27,2,33,8,1,2220,11,2,1,12000,48,1,1,51.92663736,1,2
27,2,34,6,1,2212,11,1,1,7000,48,1,1,51.92663736,1,2
27,2,38,4,2,1410,3,6,2,6000,56,1,1,51.92663736,1,2
27,2,26,7,4,2610,11,1,1,6000,48,1,1,51.92663736,1,2
27,1,37,5,2,2592,11,1,1,9000,48,1,1,54.11035397,1,2
27,1,37,5,2,2620,11,1,1,9000,48,1,1,54.11035397,1,2
27,2,20,3,2,2220,3,6,2,5000,56,1,1,67.58174876,1,2
27,1,18,3,2,2220,3,6,2,6000,56,1,1,53.59886212,1,2
27,1,21,3,2,2410,5,6,2,6000,56,1,1,53.59886212,1,2
27,1,21,3,1,2410,5,3,2,6500,65,1,1,53.59886212,1,2
27,1,20,3,2,2410,5,6,2,6000,56,1,1,53.59886212,1,2
27,1,20,3,1,2410,5,3,2,6600,66,1,1,53.59886212,1,2
27,1,47,3,2,2410,5,6,2,10000,56,1,1,60.61328317,1,2
27,1,41,3,2,2410,5,6,2,10000,56,1,1,60.61328317,1,2
27,2,39,3,2,2410,5,6,2,7000,56,1,1,58.16712964,1,2
27,2,39,3,1,2410,5,6,2,7000,56,1,1,58.16712964,1,2
27,1,19,3,5,2410,5,6,2,10000,56,1,1,53.59886212,1,2
27,1,19,3,2,2410,5,6,2,10000,56,1,1,53.59886212,1,2
27,1,40,2,2,2410,3,6,2,8000,56,1,1,60.61328317,1,2
27,1,40,2,2,2410,3,6,2,8000,56,1,1,60.61328317,1,2
27,2,42,3,2,2410,3,6,2,7000,56,1,1,58.16712964,1,2
27,2,42,3,2,2410,3,6,2,7000,56,1,1,58.16712964,1,2
27,2,51,3,2,2410,3,6,2,6000,56,1,1,58.16712964,1,2
27,1,20,4,2,2410,3,6,2,6000,56,1,1,53.59886212,1,2
27,1,27,3,2,2410,3,6,2,8000,56,1,1,60.61328317,1,2
27,1,27,3,2,2410,5,6,2,8000,56,1,1,60.61328317,1,2
27,2,24,4,2,2410,3,6,2,5000,56,1,1,67.58174876,1,2
27,1,28,3,2,2410,3,6,2,7000,56,1,1,60.61328317,1,2
27,1,23,5,2,1324,3,6,2,6000,56,1,1,53.59886212,1,2
27,1,23,5,2,2220,3,6,2,5000,56,1,1,53.59886212,1,2
27,1,20,5,2,1324,3,6,2,6000,56,1,1,53.59886212,1,2
27,1,20,5,2,2220,3,6,2,5000,56,1,1,53.59886212,1,2
27,2,33,8,1,2630,11,2,1,8800,48,1,1,54.22737111,1,2
27,2,33,5,1,2610,11,2,1,15000,72,1,1,54.22737111,1,2
27,2,29,8,1,2100,5,3,2,5000,48,1,1,54.22737111,1,2
27,1,40,3,1,2392,3,6,2,7000,63,1,1,56.5078425,1,2
27,2,28,4,1,2392,3,6,2,5000,63,1,1,54.22737111,1,2
27,1,47,4,2,3100,3,6,2,7000,63,1,1,56.5078425,1,2
27,2,25,4,2,1410,5,2,1,5000,48,1,1,54.22737111,1,2
27,2,26,4,2,1410,5,1,1,7000,48,1,1,54.22737111,1,2
27,1,36,3,2,1610,3,6,2,8000,56,1,1,56.5078425,1,2
27,1,35,3,2,3100,3,6,2,5000,48,1,1,56.5078425,1,2
27,1,40,4,2,3100,3,6,2,5000,48,1,1,56.5078425,1,2
27,1,40,3,2,1610,3,6,2,8000,56,1,1,56.5078425,1,2
27,1,21,5,7,2620,11,2,1,6000,40,1,1,49.9685201,1,2
27,1,26,8,1,2630,11,2,1,6500,56,1,1,55.97902579,1,2
27,1,28,8,1,2610,11,2,1,7000,55,1,1,55.97902579,1,2
27,1,37,8,6,2393,5,1,1,6000,54,1,1,55.97902579,1,2
27,2,32,6,2,1410,3,6,2,3500,56,1,1,53.71989571,1,2
27,1,43,3,2,2511,3,6,2,6250,48,1,1,55.97902579,1,2
27,1,50,3,1,2610,11,1,1,5000,56,1,1,55.97902579,1,2
27,1,50,5,5,2511,5,6,2,6500,65,1,1,177.8185874,1,2
27,1,34,4,2,2599,3,6,2,6000,51,1,2,40.27599946,1,2
27,2,27,4,2,1329,3,6,2,4000,35,1,2,39.12037927,1,2
27,2,33,5,7,1410,5,1,1,6500,54,1,2,39.12037927,1,2
27,2,34,5,7,1410,5,1,1,7000,54,1,2,39.12037927,1,2
27,1,56,3,2,1622,3,6,2,6000,50,1,2,40.27599946,1,2
27,1,56,3,2,1622,3,6,2,6000,48,1,2,40.27599946,1,2
27,1,24,8,1,2393,5,3,2,6000,48,1,2,52.59170739,1,2
27,1,55,4,2,1622,3,6,2,5000,50,1,2,40.27599946,1,2
27,1,56,4,2,1622,3,6,2,5000,45,1,2,40.27599946,1,2
27,1,42,5,2,2599,3,6,2,7000,56,1,2,40.27599946,1,2
27,1,17,4,2,3250,3,6,2,6000,60,1,2,165.4567218,1,2
27,1,17,4,1,3250,3,6,2,5000,50,1,2,165.4567218,1,2
27,1,29,5,2,1709,11,2,1,6500,48,1,2,126.7107528,1,2
27,2,26,2,2,1709,11,2,1,6500,48,1,2,123.0751012,1,2
27,2,21,4,2,2630,11,2,1,6000,48,1,2,147.6101156,1,2
27,1,27,5,2,2630,11,1,1,8000,48,1,2,126.7107528,1,2
27,1,27,5,2,2630,11,2,1,6000,48,1,2,126.7107528,1,2
27,1,38,8,1,161,10,1,1,3800,40,1,2,127.414467,1,2
27,1,38,8,6,161,10,1,1,4000,40,1,2,127.414467,1,2
27,1,24,4,2,2630,11,1,1,8000,48,1,2,165.4567218,1,2
27,1,25,5,2,2630,11,1,1,6000,48,1,2,126.7107528,1,2
27,2,25,7,2,2630,11,1,1,6000,48,1,2,123.0751012,1,2
27,1,31,5,5,2391,3,6,2,6000,60,1,2,134.9744976,1,2
27,1,31,5,5,2392,3,7,2,6000,50,1,2,134.9744976,1,2
27,2,35,4,2,1410,5,1,1,5500,60,1,2,131.1017382,1,2
27,2,35,4,2,1410,5,1,1,6000,60,1,2,131.1017382,1,2
27,1,36,4,2,3312,3,6,2,10000,60,1,2,134.9744976,1,2
27,2,33,4,2,1410,5,2,1,4000,50,1,2,131.1017382,1,2
27,2,25,8,1,2620,11,1,1,10000,48,1,2,131.1017382,1,2
27,2,25,8,1,2620,11,2,1,10000,48,1,2,131.1017382,1,2
27,1,27,5,2,2393,11,2,1,10000,48,1,2,129.6236437,1,2
27,2,31,4,2,1410,11,2,1,8000,60,1,2,125.9044138,1,2
27,2,32,4,2,1410,11,1,1,6000,48,1,2,125.9044138,1,2
27,2,52,4,2,1410,3,6,2,3000,60,1,2,125.9044138,1,2
27,1,23,3,2,2511,3,6,2,3000,60,1,2,169.2603246,1,2
27,2,44,3,2,1410,3,6,2,3000,40,1,2,125.9044138,1,2
27,1,24,5,2,2630,11,2,1,6300,60,1,2,169.2603246,1,2
27,2,27,7,1,2610,11,2,1,5200,48,1,2,125.9044138,1,2
27,2,33,8,1,1074,5,1,1,8000,48,1,2,125.9044138,1,2
27,2,34,8,1,1074,5,2,1,6000,48,1,2,125.9044138,1,2
27,1,29,4,2,1410,5,2,1,7000,48,1,2,129.6236437,1,2
27,1,29,4,2,1410,11,2,1,6000,48,1,2,129.6236437,1,2
27,2,22,5,2,1410,3,6,2,4000,50,1,2,151.0034516,1,2
27,2,22,5,2,1410,3,6,2,4000,48,1,2,151.0034516,1,2
27,2,27,4,2,3092,5,2,1,5000,48,1,2,125.9044138,1,2
27,2,41,4,4,1410,3,6,2,3000,40,1,2,116.8770745,1,2
27,2,42,4,4,1410,3,6,2,5000,48,1,2,116.8770745,1,2
27,2,29,8,1,1410,11,1,1,11000,42,1,2,116.8770745,1,2
27,2,30,8,1,1410,11,1,1,11000,42,1,2,116.8770745,1,2
27,2,35,4,2,1410,5,6,2,5000,56,1,2,116.8770745,1,2
27,1,37,5,5,2392,5,1,1,9000,48,1,2,120.3296358,1,2
27,1,38,5,5,2310,5,1,1,10000,56,1,2,120.3296358,1,2
27,2,34,5,4,1410,3,6,2,5000,70,1,2,116.8770745,1,2
27,1,43,4,5,1104,5,6,2,7000,55,1,1,55.81805874,1,2
27,1,44,4,5,1104,5,6,2,6700,55,1,1,55.81805874,1,2
27,1,24,5,1,1410,3,6,2,5000,60,1,1,49.35856099,1,2
27,2,26,7,1,1410,5,2,1,9000,50,1,1,53.56542477,1,2
27,2,35,7,1,1410,5,1,1,8000,50,1,1,53.56542477,1,2
27,2,35,7,1,1410,5,1,1,8500,50,1,1,53.56542477,1,2
27,1,25,5,2,2599,3,6,2,7000,56,1,2,121.7417037,1,2
27,1,25,5,2,2599,3,6,2,7200,58,1,2,121.7417037,1,2
27,2,22,5,2,2630,11,1,2,7000,60,1,2,141.8214837,1,2
27,1,25,5,7,2630,11,1,1,6000,56,1,2,121.7417037,1,2
27,2,21,5,2,2630,11,1,1,5800,56,1,2,141.8214837,1,2
27,2,17,4,5,1410,3,6,2,4000,56,1,2,141.8214837,1,2
27,2,15,4,2,1410,3,6,2,3800,56,1,2,141.8214837,1,2
27,2,38,3,2,2630,11,1,1,6000,65,1,2,118.2486266,1,2
27,1,25,5,2,2511,3,6,2,6000,56,1,2,121.7417037,1,2
27,1,25,5,2,2511,3,6,2,7000,60,1,2,121.7417037,1,2
27,2,42,4,2,2610,11,2,1,7000,56,1,2,113.958427,1,2
27,2,42,4,2,2610,11,2,1,7000,56,1,2,113.958427,1,2
27,1,55,3,2,1622,3,6,2,6500,60,1,2,117.3247711,1,2
27,1,56,3,2,1622,3,6,2,6500,60,1,2,117.3247711,1,2
27,1,21,5,2,2220,11,2,1,6300,55,1,2,153.2006683,1,2
27,1,22,5,2,2630,11,2,1,5200,55,1,2,153.2006683,1,2
27,2,34,3,2,2610,11,2,1,6000,56,1,2,113.958427,1,2
27,2,34,3,2,2610,11,2,1,6000,56,1,2,113.958427,1,2
27,2,30,5,2,2610,11,2,1,7500,72,1,2,113.958427,1,2
27,2,28,7,2,1410,3,6,2,4250,63,1,2,113.958427,1,2
27,2,29,7,2,1410,3,6,2,4800,63,1,2,113.958427,1,2
27,2,30,5,2,2620,11,2,1,6600,50,1,2,113.958427,1,2
27,2,30,5,2,2620,11,2,1,6800,50,1,2,113.958427,1,2
27,2,23,5,2,1410,3,6,2,5000,56,1,2,138.1147281,1,2
27,2,23,5,2,1410,3,6,2,5500,56,1,2,138.1147281,1,2
27,1,21,5,2,1329,5,1,2,4500,56,1,2,154.8133069,1,2
27,1,21,5,2,1329,5,1,1,5000,56,1,2,154.8133069,1,2
27,1,32,2,2,1410,3,6,2,5000,56,1,2,118.5597687,1,2
27,1,32,2,2,1410,3,6,2,5500,56,1,2,118.5597687,1,2
27,2,33,3,2,1410,3,6,2,4800,56,1,2,115.1579894,1,2
27,2,33,2,2,1410,3,6,2,5500,60,1,2,115.1579894,1,2
27,2,29,4,2,2620,11,2,1,4500,48,1,2,115.1579894,1,2
27,1,31,5,7,1410,3,6,2,6000,55,1,2,118.5597687,1,2
27,2,25,4,2,1410,3,6,2,6000,60,1,2,115.1579894,1,2
27,2,24,4,2,1410,3,6,2,5500,50,1,2,138.1147281,1,2
27,2,19,5,2,2610,11,1,1,7000,56,1,2,138.1147281,1,2
27,2,24,5,2,2610,11,1,1,7000,56,1,2,138.1147281,1,2
27,2,30,1,2,1410,3,6,2,3500,56,1,2,115.1579894,1,2
27,1,28,4,2,1410,5,1,1,6000,60,1,2,118.5597687,1,2
27,1,28,4,2,1410,5,1,1,4500,54,1,2,118.5597687,1,2
27,2,33,4,2,1410,5,6,2,3000,55,1,2,116.5208058,1,2
27,2,34,4,2,1410,5,2,1,5500,50,1,2,116.5208058,1,2
27,1,47,4,2,2599,5,2,2,8000,63,1,2,119.9628429,1,2
27,1,47,4,2,2432,5,5,2,8000,56,1,2,119.9628429,1,2
27,2,45,4,1,1410,5,1,1,4000,54,1,2,116.5208058,1,2
27,2,45,4,1,1410,5,1,1,5000,54,1,2,116.5208058,1,2
27,2,33,4,2,1410,5,1,1,4000,54,1,2,116.5208058,1,2
27,2,33,4,2,1410,5,1,1,4500,56,1,2,116.5208058,1,2
27,2,34,3,2,1410,5,1,1,4800,54,1,2,116.5208058,1,2
27,2,35,3,2,1410,5,1,1,5000,54,1,2,116.5208058,1,2
27,2,37,3,2,1520,5,1,1,6300,56,1,2,116.5208058,1,2
27,2,38,3,2,1520,5,1,1,6300,54,1,2,116.5208058,1,2
27,1,34,5,6,2824,5,1,1,8500,54,1,2,119.9628429,1,2
27,1,35,5,6,3312,5,1,1,10000,54,1,2,119.9628429,1,2
27,1,34,8,1,2220,11,2,1,11500,48,1,2,119.9628429,1,2
27,1,35,8,1,2220,11,2,1,11500,48,1,2,119.9628429,1,2
27,1,37,3,2,2392,5,6,2,10000,50,1,2,119.9628429,1,2
27,1,38,3,2,2392,5,6,2,9000,50,1,2,119.9628429,1,2
27,1,25,4,2,2620,11,1,1,5400,48,1,1,56.87783433,1,2
27,1,25,4,2,2620,11,1,1,6200,48,1,1,56.87783433,1,2
27,2,24,5,2,2610,11,1,1,3835,48,1,1,63.41685037,1,2
27,2,24,5,2,2610,11,1,1,5500,48,1,1,63.41685037,1,2
27,2,24,5,2,2620,11,2,1,6500,48,1,1,63.41685037,1,2
27,2,24,4,2,2620,11,1,1,6200,48,1,1,63.41685037,1,2
27,2,45,5,2,1410,3,6,2,5000,50,1,1,54.58243128,1,2
27,2,45,5,2,1410,3,6,2,5000,50,1,1,54.58243128,1,2
27,2,32,3,2,1520,5,2,1,6600,60,1,1,54.58243128,1,2
27,2,33,3,2,1520,5,1,1,5950,60,1,1,54.58243128,1,2
27,1,33,5,6,2610,11,2,1,7000,50,1,1,56.87783433,1,2
27,1,33,5,6,2610,11,2,1,8000,60,1,1,56.87783433,1,2
27,2,33,5,2,2620,5,2,1,5600,54,1,1,54.58243128,1,2
27,2,19,5,2,1410,5,3,1,4000,60,1,2,141.2536992,1,2
27,2,32,3,2,1410,5,2,1,4700,54,1,2,117.7752164,1,2
27,2,32,3,2,1410,5,2,1,4000,60,1,2,117.7752164,1,2
27,2,44,4,2,1410,3,6,2,4000,60,1,2,117.7752164,1,2
27,1,28,5,7,3091,11,1,1,8000,48,1,2,123.2104558,1,2
27,1,28,5,7,3091,11,1,1,10000,48,1,2,123.2104558,1,2
27,1,28,5,6,2392,5,2,2,7800,51,1,2,123.2104558,1,2
27,1,28,5,6,2392,5,2,2,7600,51,1,2,123.2104558,1,2
27,2,24,4,2,1410,5,2,1,3500,48,1,2,143.5324881,1,2
27,2,25,4,2,1410,5,1,1,4800,48,1,2,119.6752365,1,2
27,2,28,4,2,1410,5,2,1,5000,50,1,2,119.6752365,1,2
27,2,44,4,2,1520,11,2,1,7000,60,1,2,119.6752365,1,2
27,2,21,5,2,1410,5,2,1,4800,51,1,2,143.5324881,1,2
27,2,21,5,2,1410,5,2,1,4900,51,1,2,143.5324881,1,2
27,2,33,4,2,1410,5,2,2,4200,56,1,2,119.6752365,1,2
27,2,34,4,2,1410,5,2,2,4500,54,1,2,119.6752365,1,2
27,1,25,5,7,2630,11,2,1,10000,50,1,2,123.2104558,1,2
27,2,19,4,2,1410,5,2,1,4000,60,1,2,143.5324881,1,2
27,2,19,4,1,1410,5,2,1,4000,55,1,2,143.5324881,1,2
27,2,29,5,2,1410,11,1,1,5300,54,1,2,119.053039,1,2
27,2,29,5,2,1410,11,2,1,5460,54,1,2,119.053039,1,2
27,2,39,3,2,1329,3,6,2,2000,35,1,2,119.053039,1,2
27,2,40,3,2,1322,3,6,2,3000,50,1,2,119.053039,1,2
27,2,38,3,2,1410,5,1,1,5600,51,1,2,119.053039,1,2
27,2,18,5,2,1410,5,1,1,4850,51,1,2,142.7862557,1,2
27,2,19,5,2,1410,5,1,1,5200,51,1,2,142.7862557,1,2
27,2,20,5,2,1410,5,1,1,5000,48,1,2,142.7862557,1,2
27,2,21,5,2,1410,5,1,1,3600,51,1,2,142.7862557,1,2
27,2,21,5,2,1410,5,1,1,3600,51,1,2,142.7862557,1,2
27,2,23,5,2,2610,11,1,1,5000,42,1,2,142.7862557,1,2
27,2,23,5,2,2610,11,1,1,5000,60,1,2,142.7862557,1,2
27,2,23,8,2,2610,11,2,1,9800,48,1,2,142.7862557,1,2
27,2,24,8,1,2610,11,2,1,8900,48,1,2,142.7862557,1,2
27,1,26,5,7,1071,5,1,1,5000,60,1,2,122.5698785,1,2
27,2,25,8,1,1071,5,1,1,4000,40,1,2,119.053039,1,2
27,2,41,4,2,2392,5,1,1,5000,48,1,2,119.053039,1,2
27,2,20,5,2,2610,11,2,1,8600,48,1,2,142.7862557,1,2
27,2,27,5,2,1410,5,3,2,4000,48,1,2,113.7276251,1,2
27,2,25,5,2,1520,5,2,1,5000,60,1,2,113.7276251,1,2
27,1,29,4,2,2610,11,1,1,7000,66,1,2,117.0871513,1,2
27,1,29,4,2,2610,11,1,1,7200,60,1,2,117.0871513,1,2
27,2,22,3,2,2620,11,1,1,7000,66,1,2,136.3992208,1,2
27,2,23,3,2,2620,11,1,1,6900,54,1,2,136.3992208,1,2
27,2,45,4,2,1520,11,2,1,5000,60,1,2,113.7276251,1,2
27,1,35,3,2,1410,5,2,1,4500,50,1,2,117.0871513,1,2
27,1,35,3,2,1410,5,2,2,4500,60,1,2,117.0871513,1,2
27,2,27,5,2,1410,5,2,2,4000,60,1,2,113.7276251,1,2
27,2,45,4,2,1520,11,2,1,5000,60,1,2,113.7276251,1,2
27,2,29,5,2,2599,3,6,2,4800,56,1,2,113.7276251,1,2
27,2,29,5,2,2599,3,6,2,5200,56,1,2,113.7276251,1,2
30,2,47,4,2,1322,11,1,1,5200,52,1,1,25.51771544,1,2
30,2,48,4,2,1329,11,1,1,5500,52,1,1,25.51771544,1,2
30,2,32,7,3,1329,5,1,2,5000,50,1,1,25.51771544,1,2
30,2,19,5,2,1322,11,1,1,4400,52,1,1,31.28700466,1,2
30,2,39,5,6,1520,11,1,1,6200,60,1,1,25.51771544,1,2
30,2,40,7,2,1520,11,1,1,5900,56,1,1,25.51771544,1,2
30,2,23,5,2,1520,11,1,1,4600,52,1,1,31.28700466,1,2
30,2,23,5,1,1520,11,1,1,4200,48,1,1,31.28700466,1,2
30,2,33,5,2,1520,11,1,1,5100,52,1,1,25.51771544,1,2
30,2,34,5,1,1520,11,1,1,5000,52,1,1,25.51771544,1,2
30,1,23,5,2,1322,11,1,1,4500,52,1,1,26.08612202,1,2
30,1,24,5,2,1329,11,1,1,4700,52,1,1,26.08612202,1,2
30,2,21,5,2,1322,11,1,1,4300,52,1,1,31.28700466,1,2
30,2,22,5,2,1329,11,1,1,4500,52,1,1,31.28700466,1,2
30,1,32,4,2,1322,5,1,1,4800,48,1,1,26.84500015,1,2
30,1,33,4,2,1329,5,1,1,4800,48,1,1,26.84500015,1,2
30,2,32,4,2,1322,5,1,1,4800,48,1,1,25.51771544,1,2
30,2,33,4,2,1329,5,1,1,4800,48,1,1,25.51771544,1,2
30,2,38,4,2,1520,11,1,1,4400,52,1,1,25.51771544,1,2
30,2,39,4,2,1520,11,1,1,4800,56,1,1,25.51771544,1,2
30,2,19,5,2,1520,11,1,1,4600,56,1,1,31.28700466,1,2
30,1,38,5,2,1410,11,1,1,6100,52,1,1,26.84500015,1,2
30,2,39,3,2,1329,11,1,1,7000,66,1,1,25.51771544,1,2
30,2,39,3,2,1430,11,3,1,7500,52,1,1,25.51771544,1,2
30,2,20,5,2,1520,11,1,1,6300,72,1,1,31.28700466,1,2
30,2,20,5,2,1520,11,3,1,6300,52,1,1,31.28700466,1,2
30,1,29,3,2,1520,11,1,1,6500,64,1,1,26.84500015,1,2
30,2,37,4,2,1520,11,1,1,8000,72,1,1,25.51771544,1,2
30,2,37,4,2,1520,11,1,1,7800,56,1,1,25.51771544,1,2
30,2,27,5,2,1520,11,1,1,6000,66,1,1,25.51771544,1,2
30,2,28,5,2,1520,11,1,1,6000,52,1,1,25.51771544,1,2
30,1,28,5,2,1520,11,1,1,6800,72,1,1,26.84500015,1,2
30,1,24,5,2,2610,11,1,1,6500,56,1,1,26.08612202,1,2
30,2,25,5,2,1520,11,1,1,6000,66,1,1,25.51771544,1,2
30,1,27,5,2,1410,11,2,1,4500,60,1,1,26.84500015,1,2
30,1,26,5,1,1410,11,2,1,5000,52,1,1,26.84500015,1,2
30,1,31,5,2,1410,11,1,1,9000,56,1,1,26.84500015,1,2
30,1,32,5,2,1410,11,1,1,9200,52,1,1,26.84500015,1,2
30,2,26,5,2,1410,11,1,1,8000,56,1,1,25.51771544,1,2
30,2,26,5,2,1410,11,1,1,8000,52,1,1,25.51771544,1,2
30,2,32,8,2,2731,11,1,1,5000,52,1,1,25.51771544,1,2
30,2,32,8,2,2731,11,2,1,5200,48,1,1,25.51771544,1,2
30,1,25,5,2,1520,11,1,1,8360,72,1,1,26.84500015,1,2
30,1,22,5,2,1520,11,1,1,8360,72,1,1,26.08612202,1,2
30,1,39,4,1,3100,3,6,2,6000,48,1,1,26.84500015,1,2
30,2,33,4,2,1520,11,2,1,5100,52,1,1,25.51771544,1,2
30,1,24,5,2,2610,11,2,2,6250,48,1,1,26.08612202,1,2
30,2,29,5,2,2599,5,2,1,6300,52,1,1,25.51771544,1,2
30,2,50,5,2,1520,5,3,2,4200,48,1,1,38.1366734,1,2
30,2,50,5,2,1520,5,2,2,4200,48,1,1,38.1366734,1,2
30,2,47,4,1,2393,5,1,1,3950,48,1,1,38.1366734,1,2
30,2,47,5,2,2393,5,1,1,4000,48,1,1,38.1366734,1,2
30,1,27,8,2,1811,5,2,1,6000,48,1,1,40.12032369,1,2
30,2,34,5,5,2100,5,1,1,4800,52,1,1,38.1366734,1,2
30,2,47,5,2,1520,5,2,1,4200,48,1,1,38.1366734,1,2
30,2,47,5,2,1520,5,2,1,4450,48,1,1,38.1366734,1,2
30,1,43,8,1,1080,11,2,1,6500,48,1,1,40.12032369,1,2
30,1,44,8,1,1080,11,2,1,6500,48,1,1,40.12032369,1,2
30,2,32,5,2,2393,5,1,1,4100,48,1,1,38.1366734,1,2
30,1,43,5,2,2393,5,1,1,6500,56,1,1,40.12032369,1,2
30,1,44,5,2,2393,5,1,1,6500,56,1,1,40.12032369,1,2
30,2,42,5,2,1520,5,2,1,4000,48,1,1,38.1366734,1,2
30,2,43,5,2,1520,5,2,1,4300,48,1,1,38.1366734,1,2
30,2,35,5,2,2393,5,1,1,4800,52,1,1,38.1366734,1,2
30,2,35,5,2,2393,5,1,1,4200,48,1,1,38.1366734,1,2
30,1,40,4,6,1030,5,2,1,6500,48,1,1,40.12032369,1,2
30,1,40,4,5,1079,5,2,1,5400,48,1,1,40.12032369,1,2
30,1,44,6,2,2392,5,2,1,7000,48,1,1,40.12032369,1,2
30,2,31,4,2,1410,11,2,1,4800,48,1,1,38.1366734,1,2
30,2,31,4,2,1410,11,2,1,4700,48,1,1,38.1366734,1,2
30,2,29,8,1,2790,11,2,1,8000,48,1,1,38.1366734,1,2
30,2,30,8,1,2640,11,2,1,8000,48,1,1,38.1366734,1,2
30,2,29,4,3,1410,5,2,1,4500,48,1,1,30.72220409,1,2
30,2,30,4,4,1410,5,3,1,5000,50,1,1,30.72220409,1,2
30,2,49,4,3,1520,11,2,1,4800,56,1,1,30.72220409,1,2
30,2,50,4,2,1520,5,3,1,5000,48,1,1,30.72220409,1,2
30,1,41,3,4,2599,3,6,2,7500,56,1,1,32.32019635,1,2
30,1,41,4,2,2599,3,6,2,4000,40,1,1,32.32019635,1,2
30,2,36,5,4,1410,5,2,1,4300,56,1,1,30.72220409,1,2
30,2,37,5,2,1410,5,3,1,6000,48,1,1,30.72220409,1,2
30,2,47,4,3,1410,5,2,1,4200,56,1,1,30.72220409,1,2
30,2,48,1,1,1410,5,3,1,5500,48,1,1,30.72220409,1,2
30,1,37,4,4,2399,3,7,2,5600,56,1,1,32.32019635,1,2
30,1,38,4,3,2599,3,6,2,6000,40,1,1,32.32019635,1,2
30,2,36,4,3,1410,5,2,1,4600,56,1,1,30.72220409,1,2
30,2,36,4,3,1410,5,3,1,5600,48,1,1,30.72220409,1,2
30,2,45,4,4,1410,11,2,1,4800,56,1,1,30.72220409,1,2
30,2,37,4,3,1410,5,2,1,4300,48,1,1,30.72220409,1,2
30,2,38,4,3,1410,5,3,1,4200,48,1,1,30.72220409,1,2
30,1,34,4,3,2399,3,6,2,7800,56,1,1,32.32019635,1,2
30,1,33,4,3,2599,3,6,2,5600,48,1,1,32.32019635,1,2
30,2,27,5,3,1410,5,2,1,4800,48,1,1,30.72220409,1,2
30,2,28,5,3,1410,5,3,1,4700,48,1,1,30.72220409,1,2
30,1,60,4,3,2610,11,2,1,4500,48,1,1,26.84697265,1,2
30,2,45,4,2,1410,11,2,1,5600,48,1,1,30.72220409,1,2
30,2,29,4,2,1410,5,2,1,4500,48,1,1,30.72220409,1,2
30,1,26,7,2,1410,11,2,1,4200,48,1,1,32.32019635,1,2
30,2,26,5,2,1410,5,2,1,4800,56,1,1,30.72220409,1,2
30,1,26,5,2,2732,11,2,1,5200,48,1,1,47.971456,1,2
30,1,26,5,2,2610,11,2,1,6600,52,1,1,47.971456,1,2
30,2,26,5,2,2732,11,2,1,5000,48,1,1,45.59962587,1,2
30,2,26,5,2,2610,11,2,1,5950,48,1,1,45.59962587,1,2
30,1,40,5,5,1410,11,2,1,8000,48,1,1,47.971456,1,2
30,1,40,5,5,1410,11,2,1,8000,48,1,1,47.971456,1,2
30,1,32,8,1,1512,11,2,1,8000,48,1,1,47.971456,1,2
30,1,33,8,1,1512,11,2,1,8000,48,1,1,47.971456,1,2
30,2,35,5,2,1324,5,2,1,4500,52,1,1,45.59962587,1,2
30,2,35,5,2,1709,5,2,1,4200,52,1,1,45.59962587,1,2
30,2,26,7,1,1520,11,1,1,6200,48,1,1,39.78828616,1,2
30,2,27,7,1,1520,11,1,1,6000,48,1,1,39.78828616,1,2
30,2,30,7,2,1410,11,1,1,8100,56,1,1,39.78828616,1,2
30,2,30,7,2,1410,11,1,1,7500,52,1,1,39.78828616,1,2
30,1,39,5,2,1079,5,2,2,4500,48,1,1,41.85784383,1,2
30,1,37,5,2,1410,11,1,1,10150,48,1,1,41.85784383,1,2
30,1,37,5,2,1410,11,1,1,10200,52,1,1,41.85784383,1,2
30,2,35,8,1,1410,11,1,1,12000,48,1,1,39.78828616,1,2
30,2,35,8,1,1410,11,1,1,12000,48,1,1,39.78828616,1,2
30,1,27,7,2,2610,11,2,1,5200,63,1,1,50.89720835,1,2
30,2,28,5,3,1410,11,1,1,6000,63,1,1,48.38072162,1,2
30,1,59,4,3,1410,3,6,2,3500,60,1,1,50.89720835,1,2
30,2,34,6,3,1410,11,1,1,5200,63,1,1,48.38072162,1,2
30,2,47,5,2,3211,11,1,1,6200,54,1,1,48.38072162,1,2
30,2,47,5,2,2396,11,1,1,6800,54,1,1,48.38072162,1,2
30,1,38,8,1,2410,11,1,1,8100,54,1,1,50.89720835,1,2
30,2,38,8,1,2410,5,1,1,6500,48,1,1,48.38072162,1,2
30,1,26,7,3,2930,11,3,1,6800,56,1,1,48.00002744,1,2
30,1,28,7,3,2790,11,2,1,6200,56,1,1,48.00002744,1,2
30,2,43,5,2,2396,11,1,1,4750,56,1,1,45.62678467,1,2
30,2,43,5,3,2819,5,2,1,4750,48,1,1,45.62678467,1,2
30,1,22,7,1,1071,5,2,1,5600,56,1,1,46.64312036,1,2
30,1,33,5,3,1410,5,2,1,5800,49,1,1,48.00002744,1,2
30,2,32,5,3,1410,5,2,1,5400,49,1,1,45.62678467,1,2
30,2,35,4,3,1410,11,2,1,5400,56,1,1,45.62678467,1,2
30,1,45,5,3,1520,5,2,1,6500,56,1,1,48.00002744,1,2
30,2,19,4,3,2630,11,2,1,4200,56,1,1,55.94252464,1,2
30,2,46,5,3,1410,11,2,1,5500,56,1,1,45.62678467,1,2
30,2,47,5,2,1410,11,2,1,8000,56,1,1,45.62678467,1,2
30,2,33,5,2,1410,5,2,1,5500,48,1,1,45.62678467,1,2
30,1,46,5,1,2910,11,2,1,7400,48,1,1,47.79223511,1,2
30,1,46,5,6,2910,11,2,1,7400,48,1,1,47.79223511,1,2
30,2,45,5,3,1410,11,2,1,5400,56,1,1,45.42926612,1,2
30,2,45,5,2,1410,11,2,1,5400,48,1,1,45.42926612,1,2
30,2,21,8,1,2910,11,2,1,5600,48,1,1,55.70034921,1,2
30,2,21,8,1,2910,11,2,1,5600,48,1,1,55.70034921,1,2
30,2,26,7,1,1079,5,1,1,5400,54,1,1,45.42926612,1,2
30,2,29,6,3,3211,5,1,1,5700,54,1,1,45.42926612,1,2
30,2,25,5,2,1410,11,3,1,5000,52,1,1,47.27099312,1,2
30,1,46,4,2,3312,3,6,2,6000,63,1,1,49.72975816,1,2
30,1,23,5,2,2732,11,3,1,6000,48,1,1,48.32395352,1,2
30,1,41,5,2,2599,11,3,1,7000,50,1,1,49.72975816,1,2
30,2,38,5,2,1410,11,3,1,5000,48,1,1,47.27099312,1,2
30,2,32,5,3,1410,5,3,1,5000,50,1,1,47.27099312,1,2
30,2,39,5,2,2610,11,3,1,7000,50,1,1,47.27099312,1,2
30,2,29,5,2,2732,11,1,1,8130,56,1,1,47.27099312,1,2
30,2,29,5,2,2930,11,1,1,8000,56,1,1,47.27099312,1,2
30,1,32,6,1,2630,11,1,1,5500,52,1,1,49.72975816,1,2
30,1,32,5,6,2610,11,1,1,5400,48,1,1,49.72975816,1,2
30,2,29,4,3,3290,5,1,1,4500,48,1,1,47.27099312,1,2
30,2,30,4,3,3212,5,1,1,4700,48,1,1,47.27099312,1,2
30,2,31,5,2,2732,11,1,1,6000,52,1,1,47.27099312,1,2
30,2,31,5,2,2930,11,1,1,6300,56,1,1,47.27099312,1,2
30,1,32,5,2,2732,11,1,1,6000,52,1,1,49.72975816,1,2
30,1,32,5,2,2930,11,1,1,6000,56,1,1,49.72975816,1,2
30,2,41,4,2,1410,5,3,1,4500,45,1,1,47.27099312,1,2
30,1,35,4,2,2599,5,2,1,6500,48,1,1,49.72975816,1,2
30,1,35,4,2,2829,5,1,1,6300,48,1,1,49.72975816,1,2
30,2,36,4,2,2732,11,2,1,6000,52,1,1,47.27099312,1,2
30,2,36,4,2,2732,11,1,1,6000,48,1,1,47.27099312,1,2
30,1,42,3,2,1080,5,4,2,5000,48,1,1,49.72975816,1,2
30,2,26,5,2,2732,11,2,1,5500,48,1,1,47.27099312,1,2
30,1,24,5,2,2220,5,2,1,6000,48,1,1,48.32395352,1,2
30,1,42,5,2,2930,5,2,1,7000,48,1,1,49.72975816,1,2
30,2,38,5,2,2396,11,2,1,5500,48,1,1,47.27099312,1,2
30,2,33,5,2,1410,11,2,1,5000,52,1,1,47.27099312,1,2
30,2,40,5,2,2610,11,2,1,6000,48,1,1,47.27099312,1,2
30,2,42,4,2,1410,11,2,1,4500,48,1,1,47.27099312,1,2
30,1,44,4,3,111,1,6,2,6100,63,1,1,48.39912064,1,2
30,1,50,5,3,1410,11,2,1,3000,48,1,1,48.39912064,1,2
30,1,23,4,5,1079,3,6,1,5000,48,1,1,47.03093164,1,2
30,2,22,5,2,1410,11,2,1,5000,50,1,1,56.40765523,1,2
30,2,22,5,2,1410,11,1,1,5700,54,1,1,56.40765523,1,2
30,1,24,5,3,2630,10,2,1,7500,48,1,1,47.03093164,1,2
30,1,24,5,2,2610,11,1,1,7500,54,1,1,47.03093164,1,2
30,1,21,5,3,1410,5,2,1,5500,48,1,1,47.03093164,1,2
30,1,21,5,2,1410,11,1,1,6000,54,1,1,47.03093164,1,2
30,2,30,5,2,2732,11,2,1,6000,52,1,1,46.00614569,1,2
30,2,30,5,2,2731,11,1,1,6200,56,1,1,46.00614569,1,2
30,1,46,4,5,2817,11,3,1,11000,50,1,1,49.30840257,1,2
30,1,46,4,5,2817,11,2,1,11500,50,1,1,49.30840257,1,2
30,2,18,5,2,2817,11,3,1,6300,52,1,1,57.46739477,1,2
30,2,19,5,2,2817,11,2,1,6300,52,1,1,57.46739477,1,2
30,2,32,5,2,1410,5,4,2,4500,52,1,1,46.87047042,1,2
30,2,33,5,2,1410,3,5,2,4900,50,1,1,46.87047042,1,2
30,1,34,7,1,2395,5,3,1,7600,48,1,1,49.30840257,1,2
30,2,34,7,1,1410,11,3,1,6200,48,1,1,46.87047042,1,2
30,2,34,5,7,1410,11,3,1,6500,48,1,1,46.87047042,1,2
30,1,33,5,2,2511,3,6,2,6500,56,1,1,49.30840257,1,2
30,1,20,4,3,2817,11,3,1,6000,48,1,1,47.91450919,1,2
30,2,27,5,3,1410,11,3,1,5000,52,1,1,46.87047042,1,2
30,2,34,4,3,1410,11,3,1,4700,52,1,1,28.47252842,1,2
30,1,29,8,1,1410,11,3,1,7300,48,1,1,29.9535055,1,2
30,1,46,5,6,3320,5,1,1,9500,48,1,1,29.9535055,1,2
30,1,43,5,6,2511,5,3,1,9200,48,1,1,29.9535055,1,2
30,1,33,5,2,2817,11,3,1,6500,48,1,1,51.74356164,1,2
30,2,34,5,2,2817,11,3,1,4500,48,1,1,49.18522907,1,2
30,2,32,3,2,1410,5,3,2,4700,52,1,2,82.17780914,1,2
30,2,32,3,2,1410,5,3,2,5500,50,1,2,82.17780914,1,2
30,2,26,5,4,1410,3,6,2,4600,50,1,1,186.2258033,1,2
30,2,27,5,4,1410,3,6,2,4600,50,1,1,186.2258033,1,2
30,2,34,4,3,1410,3,6,2,6000,50,1,1,186.2258033,1,2
30,2,35,4,3,1410,3,6,2,5500,52,1,1,186.2258033,1,2
30,1,39,4,2,1622,3,6,2,6300,60,1,1,195.912198,1,2
30,1,39,4,3,1622,3,6,2,6500,50,1,1,195.912198,1,2
30,2,33,4,3,1410,11,3,1,4700,48,1,1,186.2258033,1,2
30,2,34,4,3,1410,11,3,1,4700,52,1,1,186.2258033,1,2
30,1,42,5,3,2511,3,6,2,6500,56,1,1,195.912198,1,2
30,2,40,4,3,1410,11,3,1,4500,50,1,1,186.2258033,1,2
30,2,40,4,3,1410,11,3,1,4500,48,1,1,186.2258033,1,2
30,2,24,8,1,1410,5,3,1,4700,48,1,1,60.28215213,1,2
30,2,24,8,1,1410,5,3,1,5000,48,1,1,60.28215213,1,2
30,1,40,6,1,161,10,1,1,2900,40,1,1,51.72353187,1,2
30,1,41,6,1,161,10,1,1,2900,40,1,1,51.72353187,1,2
30,2,31,4,3,1410,5,3,1,4100,48,1,1,49.16618962,1,2
30,2,32,4,3,1410,5,3,1,4200,52,1,1,49.16618962,1,2
30,1,34,4,3,1410,11,3,1,4800,48,1,1,51.72353187,1,2
30,2,32,4,3,1410,5,3,1,4600,48,1,1,49.16618962,1,2
30,2,32,4,3,1410,5,3,1,4500,48,1,1,49.16618962,1,2
30,1,26,6,1,2511,5,3,1,5700,48,1,1,51.72353187,1,2
30,1,27,5,6,2511,5,3,1,5700,48,1,1,51.72353187,1,2
30,1,23,4,3,1410,5,3,1,5200,48,1,1,50.26136548,1,2
30,1,23,4,4,1410,5,3,2,5200,48,1,1,50.26136548,1,2
30,2,38,4,2,1410,11,3,1,5200,48,1,1,49.16618962,1,2
30,2,38,4,1,1410,11,2,1,5200,48,1,1,49.16618962,1,2
30,2,40,4,2,1410,11,3,1,4800,48,1,1,49.16618962,1,2
30,2,48,4,3,1410,11,3,1,4600,50,1,1,49.97219273,1,2
30,2,48,4,2,1410,11,3,1,4600,50,1,1,49.97219273,1,2
30,2,22,4,3,1410,11,3,1,4200,50,1,1,61.27038413,1,2
30,2,22,4,2,1410,11,3,1,4300,50,1,1,61.27038413,1,2
30,2,39,3,3,1410,11,3,1,4000,48,1,1,49.97219273,1,2
30,2,39,3,2,1410,11,3,1,4000,50,1,1,49.97219273,1,2
30,2,45,4,2,1410,11,3,1,4800,52,1,1,49.97219273,1,2
30,2,45,4,2,1410,11,3,1,4900,52,1,1,49.97219273,1,2
30,1,34,4,2,2420,11,3,1,11500,48,1,1,52.57145862,1,2
30,1,35,4,2,2420,11,3,1,12000,52,1,1,52.57145862,1,2
30,2,34,5,2,1410,11,3,1,4600,50,1,1,49.97219273,1,2
30,2,34,5,2,1410,11,3,1,5200,52,1,1,49.97219273,1,2
30,1,50,4,2,1410,11,3,2,3000,48,1,1,52.57145862,1,2
30,1,50,4,2,1410,11,3,1,3000,48,1,1,52.57145862,1,2
30,2,44,4,2,1410,11,3,1,4800,52,1,1,49.97219273,1,2
30,2,45,4,2,1410,11,3,1,5000,52,1,1,49.97219273,1,2
30,1,52,4,2,1410,11,3,1,3000,48,1,1,52.57145862,1,2
30,1,53,4,2,1410,11,3,1,3000,48,1,1,52.57145862,1,2
30,2,45,4,2,1410,11,3,1,4700,52,1,1,49.97219273,1,2
30,2,45,4,2,1410,11,3,1,4600,52,1,1,49.97219273,1,2
30,1,48,4,2,2511,3,6,2,5200,56,1,1,52.57145862,1,2
30,1,48,4,2,2511,3,6,2,5700,56,1,1,52.57145862,1,2
30,1,34,5,6,2392,5,1,1,6900,48,1,2,318.4692691,1,2
30,1,34,5,6,2392,5,3,1,7200,48,1,2,318.4692691,1,2
30,2,27,4,3,1410,11,3,1,3900,52,1,2,316.8914024,1,2
30,2,28,4,3,1410,11,3,1,4200,52,1,2,316.8914024,1,2
30,1,21,4,3,2392,5,3,2,6200,48,1,2,353.1438853,1,2
30,1,36,3,3,2511,3,6,2,6200,56,1,2,318.4692691,1,2
30,1,37,3,3,2511,3,6,2,6500,56,1,2,318.4692691,1,2
30,1,15,4,3,1410,5,3,1,5200,48,1,2,353.1438853,1,2
30,1,16,4,3,1410,5,3,1,5200,48,1,2,353.1438853,1,2
30,2,38,5,2,1410,11,1,1,7200,51,1,1,192.3507832,1,2
30,2,40,5,2,1410,11,1,1,7200,52,1,1,192.3507832,1,2
30,2,36,5,2,1410,11,1,1,5720,48,1,1,192.3507832,1,2
30,2,36,5,2,1322,11,1,1,4210,48,1,1,192.3507832,1,2
30,2,34,4,2,1410,11,1,1,7100,52,1,1,192.3507832,1,2
30,2,34,4,2,1410,11,1,1,6900,48,1,1,192.3507832,1,2
30,2,36,4,2,1410,11,2,1,6500,54,1,1,192.3507832,1,2
30,2,36,4,2,1410,11,2,1,6300,52,1,1,192.3507832,1,2
30,2,16,4,2,1410,11,2,1,4500,52,1,1,235.8392884,1,2
30,2,16,4,2,1410,11,2,1,5000,50,1,1,235.8392884,1,2
30,2,49,5,6,161,10,7,1,3600,40,1,1,192.3507832,1,2
30,2,31,5,2,1410,11,1,1,7000,50,1,1,192.3507832,1,2
30,2,31,5,2,1410,11,1,1,6500,48,1,1,192.3507832,1,2
30,2,43,5,2,1410,11,1,1,8000,50,1,1,192.3507832,1,2
30,2,44,5,2,1410,11,1,1,6950,52,1,1,192.3507832,1,2
30,1,21,5,2,1410,11,1,1,6000,48,1,1,196.635393,1,2
30,1,21,5,2,2220,5,1,1,6300,48,1,1,196.635393,1,2
30,2,41,4,2,1410,11,2,1,6000,52,1,1,192.3507832,1,2
30,2,42,4,2,1410,11,2,1,6000,52,1,1,192.3507832,1,2
30,2,38,5,2,2220,5,1,1,6500,50,1,1,192.3507832,1,2
30,2,38,5,2,2220,5,1,1,6200,51,1,1,192.3507832,1,2
30,2,25,5,2,1410,5,2,1,5000,52,1,1,192.3507832,1,2
30,2,26,5,2,1410,11,2,1,8000,54,1,1,192.3507832,1,2
30,2,27,5,2,1410,11,1,1,7800,48,1,1,192.3507832,1,2
30,1,30,5,2,1322,5,2,1,3700,44,1,1,202.355764,1,2
30,1,30,5,2,1322,5,1,1,5410,48,1,1,202.355764,1,2
30,1,28,5,2,2220,5,2,1,4500,50,1,1,202.355764,1,2
30,1,29,5,2,2220,5,1,1,6370,48,1,1,202.355764,1,2
30,1,33,8,1,1322,11,1,1,8500,48,1,1,202.355764,1,2
30,2,34,8,1,1410,6,1,1,8400,48,1,1,192.3507832,1,2
30,2,35,8,1,2511,11,1,1,7800,48,1,1,192.3507832,1,2
30,1,30,5,2,1520,11,1,1,4600,48,1,1,202.355764,1,2
30,1,31,5,2,1520,11,2,1,5800,48,1,1,202.355764,1,2
30,1,41,5,2,1322,5,2,1,4000,48,1,1,202.355764,1,2
30,1,41,5,2,1322,5,2,1,5000,50,1,1,202.355764,1,2
30,2,39,5,2,1322,5,2,1,4000,48,1,1,192.3507832,1,2
30,2,40,5,2,1322,5,2,1,5400,50,1,1,192.3507832,1,2
30,2,19,5,2,1410,5,2,1,4300,52,1,1,235.8392884,1,2
30,2,20,5,2,1410,11,2,1,5000,50,1,1,235.8392884,1,2
30,1,18,5,2,1410,11,2,1,4000,50,1,1,196.635393,1,2
30,2,43,4,2,1410,11,1,1,5500,56,1,2,316.2906605,1,2
30,2,44,4,2,1410,11,1,1,7900,52,1,2,316.2906605,1,2
30,1,19,5,2,2610,5,1,1,4800,50,1,2,352.4744182,1,2
30,1,20,5,2,2610,11,1,1,5500,48,1,2,352.4744182,1,2
30,2,29,7,1,2511,5,1,1,6800,48,1,2,316.2906605,1,2
30,2,30,7,1,2511,5,2,1,5000,48,1,2,316.2906605,1,2
30,1,21,5,2,2220,5,1,1,5300,50,1,2,352.4744182,1,2
30,2,28,5,2,1410,11,1,1,7000,54,1,2,316.2906605,1,2
30,2,45,4,2,1410,11,2,1,4500,54,1,2,316.2906605,1,2
30,2,45,4,2,1410,11,2,1,5600,50,1,2,316.2906605,1,2
30,1,32,5,2,1410,11,1,1,5100,48,1,2,317.8655359,1,2
30,2,31,4,2,1410,11,1,1,7000,50,1,2,316.2906605,1,2
30,2,19,5,2,1410,11,1,1,4880,48,1,2,334.5651582,1,2
30,2,20,5,2,1410,11,1,1,4790,48,1,2,334.5651582,1,2
30,2,19,5,2,1410,11,1,1,7100,54,1,2,334.5651582,1,2
30,1,28,5,2,2220,5,1,1,6800,52,1,2,317.8655359,1,2
30,2,21,5,2,1410,11,1,1,5000,48,1,2,334.5651582,1,2
30,1,24,5,2,1410,11,1,1,6000,51,1,2,352.4744182,1,2
30,1,29,5,2,1322,11,1,1,4500,48,1,2,317.8655359,1,2
30,2,29,5,2,1410,11,1,1,6850,51,1,2,316.2906605,1,2
30,2,28,5,2,1322,11,1,1,4800,48,1,2,316.2906605,1,2
30,2,25,5,2,1410,11,1,1,5800,50,1,2,316.2906605,1,2
30,2,26,4,2,2610,11,1,1,5200,48,1,2,316.2906605,1,2
30,2,55,4,1,2610,11,1,1,4000,42,1,2,270.292269,1,2
30,2,34,5,2,1520,11,1,1,5180,48,1,2,314.4779911,1,2
30,2,34,5,2,1520,11,1,1,5240,48,1,2,314.4779911,1,2
30,2,41,4,2,1520,11,2,1,3500,50,1,2,314.4779911,1,2
30,2,41,4,2,1520,11,2,1,4000,50,1,2,314.4779911,1,2
30,2,22,5,2,2610,11,1,1,5060,48,1,2,332.6477573,1,2
30,2,22,5,2,2610,11,1,1,5180,48,1,2,332.6477573,1,2
30,2,44,4,2,1520,11,2,1,4500,48,1,2,314.4779911,1,2
30,2,44,4,2,1520,11,2,1,4700,50,1,2,314.4779911,1,2
30,2,47,4,2,1520,11,1,1,6740,48,1,2,314.4779911,1,2
30,2,47,4,2,1520,11,1,1,6310,48,1,2,314.4779911,1,2
30,1,28,5,2,1410,11,1,1,6280,48,1,2,316.0438409,1,2
30,1,29,5,2,1410,11,1,1,6030,48,1,2,316.0438409,1,2
30,2,25,5,2,1410,11,1,1,6170,48,1,2,314.4779911,1,2
30,2,26,5,2,1410,11,1,1,6170,48,1,2,314.4779911,1,2
30,1,24,5,2,1410,5,2,1,4000,48,1,2,350.4543789,1,2
30,1,25,5,2,1410,5,2,1,4300,48,1,2,316.0438409,1,2
30,1,20,5,4,1410,5,1,1,5140,48,1,2,350.4543789,1,2
30,2,31,5,2,1410,11,1,1,6800,51,1,2,314.4779911,1,2
30,2,40,4,2,1410,11,1,1,5540,48,1,2,314.4779911,1,2
30,2,41,4,2,1520,11,1,1,5000,53,1,2,314.4779911,1,2
30,2,42,4,2,1520,11,1,1,5100,48,1,2,314.4779911,1,2
30,2,46,4,2,1520,11,1,1,6500,50,1,2,314.4779911,1,2
30,2,47,4,2,1520,11,1,1,6100,48,1,2,314.4779911,1,2
30,1,27,5,2,1410,11,1,1,7000,52,1,2,316.0438409,1,2
30,2,28,5,2,1410,11,1,1,7200,51,1,2,314.4779911,1,2
30,2,35,3,2,1520,11,1,1,6000,52,1,2,314.4779911,1,2
30,2,36,4,2,1520,11,1,1,6300,50,1,2,314.4779911,1,2
30,2,31,3,2,1520,11,2,1,5000,52,1,2,314.4779911,1,2
30,2,32,3,2,1520,11,2,1,5000,50,1,2,314.4779911,1,2
30,2,26,5,2,2220,5,2,1,7500,52,1,2,314.4779911,1,2
30,2,26,5,2,2220,5,2,1,7500,52,1,2,314.4779911,1,2
30,2,27,4,2,2610,11,2,1,7000,48,1,2,78.69258955,1,2
30,1,25,5,6,2410,5,2,1,8050,48,1,2,79.08441595,1,2
30,1,25,5,6,2410,5,2,1,8000,48,1,2,79.08441595,1,2
30,2,27,8,2,1702,5,1,1,6000,50,1,1,48.60517226,1,2
30,2,27,8,2,1702,5,1,1,6000,50,1,1,48.60517226,1,2
30,1,58,5,2,2394,10,1,1,7000,50,1,1,51.13333362,1,2
30,1,59,5,2,2394,10,1,1,7500,52,1,1,51.13333362,1,2
30,1,28,5,5,2511,3,6,2,4500,45,1,1,51.13333362,1,2
30,1,28,5,6,2511,3,6,2,5000,45,1,1,51.13333362,1,2
30,1,58,4,2,2394,10,1,1,7000,50,1,1,51.13333362,1,2
30,1,58,4,2,2394,10,1,1,7000,50,1,1,51.13333362,1,2
30,2,45,4,2,3011,5,1,1,5000,50,1,1,48.60517226,1,2
30,2,45,4,2,3011,10,1,1,5000,50,1,1,48.60517226,1,2
30,1,59,4,2,2394,10,1,1,11000,50,1,1,51.13333362,1,2
30,1,52,8,1,2394,10,1,1,9000,50,1,1,51.13333362,1,2
30,1,52,8,1,2394,10,1,1,9500,48,1,1,51.13333362,1,2
30,1,51,4,2,2394,10,1,1,8500,52,1,1,51.13333362,1,2
30,1,30,4,5,2511,3,6,2,4500,50,1,1,199.0384564,1,2
30,1,31,5,6,2410,5,3,1,6200,48,1,1,199.0384564,1,2
30,1,39,4,5,2394,5,2,1,5600,48,1,1,199.0384564,1,2
30,1,39,4,5,2394,5,3,1,5600,48,1,1,199.0384564,1,2
30,1,49,4,5,2410,11,5,2,10000,50,1,1,199.0384564,1,2
30,1,50,4,5,2410,10,5,2,11500,58,1,1,199.0384564,1,2
30,1,27,5,7,2410,5,3,1,6000,48,1,1,199.0384564,1,2
30,1,27,5,7,2410,5,3,1,6800,48,1,1,199.0384564,1,2
30,1,29,8,1,2410,5,1,1,6000,48,1,1,199.0384564,1,2
30,1,29,8,1,2410,11,1,1,6000,48,1,1,199.0384564,1,2
30,2,24,8,1,1520,5,1,1,5500,48,1,1,231.9730706,1,2
30,2,25,8,1,1520,11,1,1,5500,48,1,1,189.1974917,1,2
30,2,42,4,2,1410,10,3,1,6500,48,1,1,189.1974917,1,2
30,1,27,7,1,2410,5,1,1,6500,48,1,1,199.0384564,1,2
30,1,27,7,1,2410,11,1,1,6000,50,1,1,199.0384564,1,2
30,2,48,5,2,2394,10,3,1,5400,54,1,1,189.1974917,1,2
30,2,41,4,2,1520,11,1,1,4500,50,1,1,189.1974917,1,2
30,1,32,4,2,2511,3,6,2,5000,50,1,2,82.86599925,1,2
30,1,26,4,2,1410,5,1,1,6000,50,1,2,82.86599925,1,2
30,2,38,4,1,1410,5,1,2,4000,45,1,2,82.45543687,1,2
30,2,39,4,2,1410,5,1,2,4000,45,1,2,82.45543687,1,2
30,1,66,4,2,3100,3,6,2,7000,40,1,2,71.22291414,1,2
30,2,24,7,1,1410,5,1,1,7000,50,1,2,87.21950955,1,2
30,2,24,7,1,1410,5,1,1,7000,50,1,2,87.21950955,1,2
30,2,27,8,1,145,9,1,1,4000,48,1,2,82.9133701,1,2
30,2,17,5,2,1520,11,2,1,5200,48,1,2,319.9968676,1,2
30,2,31,5,2,1520,11,2,1,6100,48,1,2,302.5181138,1,2
30,1,23,8,1,2640,11,2,1,11000,48,1,2,337.1262876,1,2
30,2,28,4,2,1410,5,1,1,4200,50,1,2,302.5181138,1,2
30,2,33,5,2,2610,11,2,1,6500,54,1,2,302.5181138,1,2
30,1,32,4,5,2511,3,5,2,10400,50,1,2,304.024413,1,2
30,2,44,4,2,1410,11,2,1,5410,48,1,2,302.5181138,1,2
30,2,43,4,2,1520,11,2,1,5300,48,1,2,302.5181138,1,2
30,2,30,4,3,1410,5,2,1,4200,48,1,2,320.852545,1,2
30,2,30,4,1,1410,5,2,1,4200,48,1,2,320.852545,1,2
30,1,36,5,3,2220,5,2,1,4900,48,1,2,322.450135,1,2
30,1,37,5,2,2220,5,2,1,5000,50,1,2,322.450135,1,2
30,2,31,5,3,2220,5,2,1,4600,48,1,2,320.852545,1,2
30,2,32,5,2,1410,5,2,1,4500,45,1,2,320.852545,1,2
30,1,32,4,5,1629,5,2,1,6000,48,1,2,322.450135,1,2
30,1,32,4,5,1629,5,2,1,6000,48,1,2,322.450135,1,2
30,1,43,5,4,3011,5,2,1,6500,48,1,2,322.450135,1,2
30,2,33,4,1,1410,5,2,1,4800,48,1,2,320.852545,1,2
30,1,23,5,1,2012,5,2,1,4600,48,1,2,357.5581838,1,2
30,1,23,5,2,3240,5,2,1,6000,50,1,2,357.5581838,1,2
30,1,21,4,2,1410,11,2,1,5500,50,1,2,357.5581838,1,2
30,1,28,5,6,2220,5,2,1,7000,48,1,2,322.450135,1,2
30,1,28,6,2,2220,5,2,1,5000,50,1,2,322.450135,1,2
30,2,28,7,2,2220,5,2,1,4500,45,1,2,320.852545,1,2
30,2,41,4,1,1520,5,2,1,4800,48,1,2,320.852545,1,2
30,1,43,5,6,3011,5,2,1,6500,48,1,2,322.450135,1,2
30,2,41,4,2,1520,5,2,1,4800,50,1,2,320.852545,1,2
30,2,32,5,1,1410,5,2,1,4800,48,1,2,320.852545,1,2
30,1,29,5,2,2930,11,2,1,6000,54,1,2,326.0329143,1,2
30,2,26,5,2,2930,11,2,1,5000,50,1,2,324.4175733,1,2
30,1,41,5,2,1410,11,2,1,6500,53,1,2,326.0329143,1,2
30,2,37,5,2,1410,11,2,1,5500,48,1,2,324.4175733,1,2
30,1,23,5,2,2610,11,2,1,6800,50,1,2,361.5310525,1,2
30,2,50,4,2,2610,5,2,1,5000,49,1,2,324.4175733,1,2
30,1,24,5,2,2930,11,2,1,7800,52,1,2,361.5310525,1,2
30,2,35,5,2,1410,5,2,1,5000,50,1,2,324.4175733,1,2
30,2,35,5,2,1410,11,2,1,5000,50,1,2,324.4175733,1,2
30,2,54,4,2,1410,5,2,1,5000,50,1,2,324.4175733,1,2
30,2,55,4,2,1410,11,2,1,5000,50,1,2,278.8352904,1,2
30,2,35,4,2,2930,11,2,1,5000,50,1,2,324.4175733,1,2
30,2,35,4,2,2930,11,2,1,5000,50,1,2,324.4175733,1,2
30,1,19,5,2,1410,5,2,1,6000,50,1,2,361.5310525,1,2
30,1,28,5,2,2220,5,2,1,5000,52,1,2,326.0329143,1,2
30,1,28,4,2,2220,11,2,1,5000,50,1,2,326.0329143,1,2
30,1,54,4,1,2822,11,2,1,5000,42,1,2,326.0329143,1,2
30,1,54,4,1,2511,11,2,1,5500,40,1,2,326.0329143,1,2
30,1,29,5,2,2610,11,2,1,5500,50,1,2,326.0329143,1,2
30,1,29,5,2,2610,11,2,1,5500,48,1,2,326.0329143,1,2
30,1,30,4,1,2100,11,2,1,5000,52,1,2,326.0329143,1,2
30,1,30,4,2,3250,5,2,1,6000,50,1,2,326.0329143,1,2
30,2,48,4,2,2750,11,2,1,4000,48,1,2,324.4175733,1,2
30,2,48,4,2,2610,11,2,1,4500,45,1,2,324.4175733,1,2
30,1,28,5,2,2750,11,2,1,4500,48,1,2,326.0329143,1,2
30,1,28,5,2,2610,11,2,1,6000,50,1,2,326.0329143,1,2
30,2,24,5,2,2750,11,2,1,5500,52,1,2,343.1616241,1,2
30,2,24,5,2,2610,11,2,1,5000,50,1,2,343.1616241,1,2
30,2,36,5,1,2732,5,2,1,5500,50,1,2,324.4175733,1,2
30,2,36,5,2,2732,11,2,1,5500,48,1,2,324.4175733,1,2
30,1,25,5,1,1410,5,2,1,4500,48,1,2,326.0329143,1,2
30,1,35,5,2,1410,5,2,1,5000,50,1,2,326.0329143,1,2
30,2,23,5,1,2732,11,2,1,5000,52,1,2,343.1616241,1,2
30,2,24,5,2,2732,11,2,1,5500,50,1,2,343.1616241,1,2
30,1,26,3,2,2610,11,2,1,7000,50,1,2,272.8424219,1,2
30,2,36,4,1,2610,5,2,1,5500,48,1,2,271.490615,1,2
30,1,37,4,2,2610,11,2,1,6000,54,1,2,272.8424219,1,2
30,2,33,4,2,2610,11,2,1,5000,45,1,2,271.490615,1,2
30,2,55,4,2,1520,5,2,1,4000,45,1,2,233.3448331,1,2
30,1,28,4,2,2511,3,6,2,5000,45,1,2,272.8424219,1,2
30,1,61,4,1,1410,5,2,1,3500,40,1,2,234.5067044,1,2
30,1,60,4,1,1410,11,2,1,3500,48,1,2,234.5067044,1,2
30,2,46,5,2,1520,5,2,1,4000,45,1,2,271.490615,1,2
30,2,47,4,2,1520,5,2,1,4000,48,1,2,271.490615,1,2
30,2,45,4,1,2930,11,2,1,4500,50,1,2,271.490615,1,2
30,2,45,4,2,2930,11,2,1,5000,50,1,2,271.490615,1,2
30,2,37,4,2,1520,5,2,1,5000,50,1,2,271.490615,1,2
30,2,37,4,2,1520,5,2,1,5000,50,1,2,271.490615,1,2
30,1,18,4,2,1621,11,2,1,5000,56,1,2,302.5492325,1,2
30,1,19,4,2,1621,11,2,1,5500,50,1,2,302.5492325,1,2
30,1,16,4,2,2720,11,2,1,5500,52,1,2,302.5492325,1,2
30,1,16,4,2,2720,11,2,1,6000,55,1,2,302.5492325,1,2
30,1,30,3,2,2750,11,2,1,7000,55,1,2,272.8424219,1,2
30,2,25,4,2,2732,11,2,1,5000,50,1,2,271.490615,1,2
30,2,25,4,2,2732,11,2,1,5000,50,1,2,271.490615,1,2
30,2,24,4,2,2732,11,2,1,4500,48,1,2,287.1766761,1,2
30,2,25,4,2,2732,11,2,1,5500,50,1,2,271.490615,1,2
30,1,43,4,1,2220,5,2,1,5000,45,1,2,272.8424219,1,2
30,1,43,4,2,2220,5,2,1,5000,50,1,2,272.8424219,1,2
30,1,22,5,1,2610,11,2,1,5500,50,1,2,302.5492325,1,2
30,1,22,5,2,2610,11,2,1,6000,55,1,2,302.5492325,1,2
30,2,19,5,1,2610,11,2,1,4500,45,1,2,287.1766761,1,2
30,2,20,5,2,2610,11,2,1,5000,50,1,2,287.1766761,1,2
30,2,19,4,2,1410,11,2,1,4500,50,1,2,287.1766761,1,2
30,2,20,4,2,1410,11,2,1,4000,48,1,2,287.1766761,1,2
30,2,18,5,2,1410,11,2,2,4740,52,1,1,219.577563,1,2
30,1,43,3,2,1410,11,2,1,11750,60,1,1,188.4028137,1,2
30,1,43,3,2,1410,11,2,1,7350,54,1,1,188.4028137,1,2
30,2,38,5,2,2220,11,2,1,7640,60,1,1,179.0877021,1,2
30,2,39,5,2,1071,3,7,2,1510,50,1,1,179.0877021,1,2
30,1,27,5,7,1322,11,2,1,11580,56,1,1,188.4028137,1,2
30,1,27,5,7,1410,11,2,1,6860,52,1,1,188.4028137,1,2
30,1,34,5,6,3314,3,6,2,6850,54,1,1,188.4028137,1,2
30,2,30,7,1,1410,5,6,2,6400,48,1,1,179.0877021,1,2
30,2,30,6,1,1410,5,1,1,6500,48,1,1,179.0877021,1,2
30,1,26,5,2,2511,3,6,2,4240,52,1,1,188.4028137,1,2
30,1,27,5,2,1410,11,1,1,6350,64,1,1,188.4028137,1,2
30,1,27,5,2,1410,11,1,1,6400,61,1,1,188.4028137,1,2
30,2,23,4,2,1410,11,1,1,6000,64,1,1,219.577563,1,2
30,2,23,4,2,1410,11,1,1,6200,52,1,1,219.577563,1,2
30,2,30,4,2,1410,5,3,1,5020,60,1,1,179.0877021,1,2
30,2,30,5,2,1410,5,2,1,5100,58,1,1,179.0877021,1,2
30,2,22,5,2,1410,11,1,1,7060,63,1,1,219.577563,1,2
30,2,22,5,2,1410,11,2,1,7130,54,1,1,219.577563,1,2
30,2,47,4,2,1520,11,1,1,4050,62,1,1,179.0877021,1,2
30,2,47,4,2,1520,11,1,1,4500,48,1,1,179.0877021,1,2
30,1,24,5,7,2610,11,1,1,6500,64,1,1,183.0768769,1,2
30,1,24,5,7,2610,11,1,1,6650,54,1,1,183.0768769,1,2
30,1,20,5,2,1520,11,3,1,4850,64,1,1,183.0768769,1,2
30,1,20,5,2,1520,11,2,1,4350,48,1,1,183.0768769,1,2
30,2,19,5,2,1410,11,2,1,6770,63,1,1,219.577563,1,2
30,2,19,5,2,1410,11,2,1,7240,52,1,1,219.577563,1,2
30,2,18,5,2,1410,11,2,1,6920,63,1,1,219.577563,1,2
30,2,18,5,2,1410,11,2,1,5570,52,1,1,219.577563,1,2
30,2,40,4,2,1410,5,6,2,4500,49,1,2,312.6952769,1,2
30,2,41,4,2,1410,5,6,2,4500,49,1,2,312.6952769,1,2
30,2,54,4,2,1071,3,7,2,1100,56,1,2,312.6952769,1,2
30,2,54,4,2,1071,3,6,2,1100,56,1,2,312.6952769,1,2
30,2,41,4,2,1410,11,1,1,6800,56,1,2,312.6952769,1,2
30,2,42,4,2,1410,11,1,1,7100,58,1,2,312.6952769,1,2
30,2,30,4,2,1410,11,1,1,6760,56,1,2,312.6952769,1,2
30,2,31,4,2,1410,11,1,1,6250,58,1,2,312.6952769,1,2
30,1,25,5,7,2511,5,1,1,7450,48,1,2,314.2522502,1,2
30,1,40,8,1,2410,5,1,1,7500,56,1,2,314.2522502,1,2
30,1,40,8,1,2410,5,1,1,7150,58,1,2,314.2522502,1,2
30,2,30,5,2,1410,11,1,1,6250,53,1,2,312.6952769,1,2
30,2,21,5,2,1410,11,1,1,6500,54,1,2,92.65040369,1,2
30,2,34,5,2,1410,11,2,1,7030,50,1,2,87.58968667,1,2
30,2,35,4,2,1520,5,2,1,5800,60,1,2,87.58968667,1,2
30,2,25,5,2,1520,11,1,1,4960,54,1,2,87.58968667,1,2
30,1,35,5,2,2610,11,1,1,7150,54,1,2,88.02581352,1,2
30,1,36,5,2,2610,11,1,1,7160,54,1,2,88.02581352,1,2
30,2,33,5,2,2610,11,1,1,6970,53,1,2,87.58968667,1,2
30,2,34,5,2,2610,11,1,1,6980,53,1,2,87.58968667,1,2
30,2,43,4,2,1520,11,1,1,5650,56,1,2,87.58968667,1,2
30,2,43,4,2,1520,11,2,1,5540,52,1,2,87.58968667,1,2
30,1,21,5,2,1410,11,2,1,7860,52,1,2,97.60997623,1,2
30,2,43,4,2,1520,11,1,1,5150,50,1,2,87.58968667,1,2
30,2,44,4,2,1520,11,2,1,5430,54,1,2,87.58968667,1,2
30,1,39,4,5,3011,10,1,1,6840,58,1,2,88.02581352,1,2
30,1,39,4,5,3011,5,1,1,6970,58,1,2,88.02581352,1,2
30,2,27,5,2,1410,11,1,1,7540,60,1,2,87.58968667,1,2
30,2,28,5,2,1410,11,1,1,7640,60,1,2,87.58968667,1,2
30,2,20,4,2,1520,11,2,1,3540,56,1,2,92.65040369,1,2
30,2,20,4,2,1520,11,2,1,4650,52,1,2,92.65040369,1,2
30,1,15,5,2,2610,11,4,2,4400,48,1,2,335.2107973,1,2
30,2,26,5,2,1410,5,1,1,5100,60,1,2,300.7992609,1,2
30,2,27,5,2,1410,5,1,1,5400,60,1,2,300.7992609,1,2
30,2,50,4,2,1410,3,2,2,4400,48,1,2,300.7992609,1,2
30,2,19,5,2,2640,11,1,1,8050,60,1,2,318.1787036,1,2
30,2,19,5,2,2610,11,1,1,8300,66,1,2,318.1787036,1,2
30,2,37,4,2,1629,3,6,2,3800,47,1,2,300.7992609,1,2
30,2,38,4,2,2790,11,3,1,5600,48,1,2,300.7992609,1,2
30,2,40,4,2,2610,11,1,1,11570,55,1,2,300.7992609,1,2
30,2,41,3,2,2790,11,2,1,8500,54,1,2,300.7992609,1,2
30,1,18,5,2,2610,11,1,1,7500,55,1,2,335.2107973,1,2
30,1,19,5,2,2610,11,2,1,8700,60,1,2,335.2107973,1,2
30,2,39,4,2,1410,11,1,1,8800,56,1,2,300.7992609,1,2
30,2,40,4,2,1410,11,1,1,7680,51,1,2,300.7992609,1,2
30,1,24,5,2,2410,5,2,1,5500,56,1,1,192.3549665,1,2
30,1,25,5,2,2410,5,3,1,7500,48,1,1,197.9508146,1,2
30,1,22,5,2,1410,5,2,1,5500,48,1,1,192.3549665,1,2
30,1,22,5,2,1410,11,3,1,6200,48,1,1,192.3549665,1,2
30,2,60,5,2,1410,5,2,1,5700,50,1,1,156.299289,1,2
30,2,30,5,2,1410,11,2,1,4500,48,1,1,188.1636256,1,2
30,2,42,4,2,1410,11,3,1,4200,48,1,1,188.1636256,1,2
30,1,42,5,1,2511,3,6,2,7500,52,1,1,197.9508146,1,2
30,1,43,5,2,2511,3,7,2,5700,50,1,1,197.9508146,1,2
30,2,40,4,2,1410,5,2,1,5300,48,1,1,188.1636256,1,2
30,2,40,4,2,1410,11,3,1,4700,48,1,1,188.1636256,1,2
30,1,44,5,1,1410,5,2,1,5700,48,1,1,197.9508146,1,2
30,1,45,5,2,1410,11,2,1,5000,48,1,1,197.9508146,1,2
30,2,38,5,2,1410,5,2,1,6500,56,1,1,188.1636256,1,2
30,2,39,5,2,1410,11,2,1,4500,48,1,1,188.1636256,1,2
30,1,28,8,1,2930,5,2,1,8500,48,1,1,197.9508146,1,2
30,2,23,8,2,1410,5,2,1,5700,48,1,1,230.7054582,1,2
30,2,24,8,2,1410,5,2,1,5900,48,1,1,230.7054582,1,2
30,2,46,5,2,1410,11,2,1,6000,48,1,1,188.1636256,1,2
30,2,33,5,2,2630,11,2,1,6500,55,1,1,188.1636256,1,2
30,2,24,3,2,1520,11,3,1,4000,48,1,1,230.7054582,1,2
30,2,22,4,2,2220,5,2,1,5000,48,1,1,230.7054582,1,2
30,2,23,4,2,2220,5,2,1,5000,48,1,1,230.7054582,1,2
30,1,27,4,1,1410,5,2,1,6200,56,1,2,323.7246415,1,2
30,1,27,4,2,1410,5,2,1,6700,56,1,2,323.7246415,1,2
30,2,25,4,1,1410,5,2,1,5900,54,1,2,322.1207369,1,2
30,2,25,4,2,1410,5,2,1,6500,56,1,2,322.1207369,1,2
30,2,46,4,2,1410,5,2,1,6500,56,1,2,322.1207369,1,2
30,2,46,4,1,1410,5,2,1,5200,56,1,2,322.1207369,1,2
30,2,18,5,2,1410,5,4,2,3500,48,1,2,340.7320821,1,2
30,2,18,5,1,1410,5,2,1,4500,48,1,2,340.7320821,1,2
30,1,60,6,1,161,9,1,1,2500,48,1,2,279.7849805,1,2
30,2,29,5,2,1410,5,2,1,5800,54,1,2,322.1207369,1,2
30,2,29,5,2,1410,5,2,1,6500,56,1,2,322.1207369,1,2
30,1,25,4,2,1410,5,2,1,5500,50,1,2,323.7246415,1,2
30,1,26,4,2,1410,5,2,1,7000,60,1,2,323.7246415,1,2
30,2,38,4,5,1071,5,2,1,4700,54,1,2,322.1207369,1,2
30,2,38,4,1,1071,5,4,2,4700,48,1,2,322.1207369,1,2
30,2,39,4,2,1071,5,2,1,6000,50,1,2,322.1207369,1,2
30,2,40,4,2,1071,5,3,1,6000,54,1,2,322.1207369,1,2
30,1,27,5,7,1410,11,2,1,7000,50,1,2,323.7246415,1,2
30,1,22,7,2,1410,11,2,1,7000,52,1,2,358.9714573,1,2
30,1,23,8,1,1410,11,2,1,8500,56,1,2,358.9714573,1,2
30,1,23,8,1,1410,11,2,1,7000,52,1,2,358.9714573,1,2
30,1,25,8,1,2610,5,2,1,6400,48,1,2,323.7246415,1,2
30,1,25,8,1,2610,5,2,1,8500,48,1,2,323.7246415,1,2
30,2,46,4,2,1629,11,2,1,5000,48,1,2,322.1207369,1,2
30,2,47,4,5,1629,5,2,1,5400,52,1,2,322.1207369,1,2
30,2,17,4,1,1629,11,2,1,4500,48,1,2,340.7320821,1,2
30,2,17,4,2,1629,5,2,1,4850,48,1,2,340.7320821,1,2
30,2,49,4,2,1520,11,3,1,5000,48,1,2,322.1207369,1,2
30,2,50,4,2,1520,11,2,1,5500,48,1,2,322.1207369,1,2
30,2,26,8,1,2610,11,2,1,7000,48,1,2,322.1207369,1,2
30,2,26,8,1,2610,11,2,1,5200,48,1,2,322.1207369,1,2
30,2,44,4,2,1410,11,2,1,6000,50,1,2,322.1207369,1,2
30,2,44,4,2,1410,5,2,1,6200,60,1,2,322.1207369,1,2
30,1,44,5,3,1629,11,3,1,6500,48,1,2,323.7246415,1,2
30,1,44,5,2,1629,5,2,1,6700,48,1,2,323.7246415,1,2
30,2,39,4,2,1410,11,3,1,5000,48,1,2,322.1207369,1,2
30,2,39,4,2,1410,11,2,1,5500,48,1,2,322.1207369,1,2
30,2,39,4,2,1410,11,2,1,6000,48,1,2,322.1207369,1,2
30,1,18,5,2,1410,5,2,1,4500,48,1,2,358.9714573,1,2
30,2,35,5,2,1410,11,2,1,6500,50,1,2,322.1207369,1,2
30,2,35,5,2,1410,5,2,1,6550,56,1,2,322.1207369,1,2
30,1,61,3,1,1629,11,3,1,5000,52,1,2,278.239719,1,2
30,1,61,3,1,1629,5,2,1,5000,48,1,2,278.239719,1,2
30,2,26,5,2,1410,11,2,1,5500,48,1,2,322.1207369,1,2
30,2,26,5,2,1410,5,2,1,5750,56,1,2,322.1207369,1,2
30,2,27,5,2,2826,11,2,1,6200,56,1,2,80.77340322,1,2
30,1,29,5,6,2610,5,2,1,6500,56,1,2,81.17559041,1,2
30,1,29,5,2,2610,5,2,1,7500,50,1,2,81.17559041,1,2
30,2,27,5,2,1410,5,2,1,5800,48,1,2,80.77340322,1,2
30,2,27,5,2,1410,5,2,1,5500,48,1,2,80.77340322,1,2
30,2,20,5,2,1080,11,2,1,6270,56,1,2,85.44029212,1,2
30,2,54,5,1,1520,5,2,1,5500,48,1,2,80.77340322,1,2
30,2,30,5,2,2610,11,2,1,5850,56,1,2,80.77340322,1,2
30,2,21,5,2,2610,11,2,1,5500,48,1,2,85.44029212,1,2
30,2,31,5,2,2610,11,2,1,6700,56,1,2,80.77340322,1,2
30,1,29,5,2,2610,5,2,1,6800,48,1,2,81.17559041,1,2
30,1,29,5,2,2610,5,2,1,8500,50,1,2,81.17559041,1,2
30,1,24,5,6,2610,5,2,1,6500,50,1,2,90.01390766,1,2
30,1,24,5,2,2610,5,2,1,7400,56,1,2,90.01390766,1,2
30,2,24,5,2,2610,5,2,1,5850,48,1,2,85.44029212,1,2
30,2,24,5,2,2610,5,2,1,6700,50,1,2,85.44029212,1,2
30,1,22,5,2,2610,11,2,1,5950,56,1,2,90.01390766,1,2
30,1,37,5,1,1080,5,2,1,6300,48,1,2,81.17559041,1,2
30,1,28,5,2,2610,5,2,1,7500,56,1,2,81.17559041,1,2
30,2,33,4,2,2610,5,2,1,6800,48,1,2,80.77340322,1,2
30,2,24,4,6,2610,5,2,1,6700,48,1,2,85.44029212,1,2
30,1,24,5,2,2610,11,2,1,6500,56,1,2,90.01390766,1,2
30,2,24,5,2,2610,11,2,1,6500,52,1,2,85.44029212,1,2
30,1,29,4,2,1080,11,2,1,8000,56,1,2,81.17559041,1,2
30,1,27,5,2,2610,5,2,1,7500,56,1,2,81.17559041,1,2
30,1,27,5,2,2610,5,2,1,7500,54,1,2,81.17559041,1,2
30,2,20,5,2,2610,5,2,1,7200,56,1,2,85.44029212,1,2
30,2,20,5,2,2610,5,2,1,7200,54,1,2,85.44029212,1,2
30,1,56,5,1,1080,5,2,1,4500,48,1,2,81.17559041,1,2
30,1,56,5,1,1080,5,2,1,4000,48,1,2,81.17559041,1,2
30,1,20,5,2,2610,11,2,1,6000,56,1,2,90.01390766,1,2
30,1,42,5,1,3211,3,7,2,7200,44,1,2,308.8732872,1,2
30,1,43,5,2,3211,3,7,2,7350,50,1,2,308.8732872,1,2
30,2,30,8,1,2410,5,2,1,5400,48,1,2,307.3429641,1,2
30,2,41,4,2,1410,3,7,2,4200,54,1,2,307.3429641,1,2
30,2,41,4,2,1410,3,7,2,3400,46,1,2,307.3429641,1,2
30,2,36,7,1,1410,11,2,1,6700,56,1,2,307.3429641,1,2
30,2,36,7,1,1410,11,2,1,6770,50,1,2,307.3429641,1,2
30,1,34,8,1,2220,5,2,1,6500,48,1,2,308.8732872,1,2
30,2,31,4,2,1322,3,7,2,3800,45,1,2,307.3429641,1,2
30,1,46,5,2,1610,3,7,2,3800,39,1,2,308.8732872,1,2
30,1,46,5,2,1610,3,7,2,5800,44,1,2,308.8732872,1,2
30,2,20,5,2,1410,5,2,2,3900,40,1,2,325.1004859,1,2
30,1,33,8,2,2930,11,2,1,7300,55,1,2,308.8732872,1,2
30,1,33,8,1,2930,5,2,1,8600,52,1,2,308.8732872,1,2
30,1,30,5,2,2610,11,2,1,7200,55,1,2,351.7637836,1,2
30,1,29,4,2,3100,3,6,2,6500,50,1,2,351.7637836,1,2
30,1,30,4,2,3100,3,6,2,6500,50,1,2,351.7637836,1,2
30,2,34,4,2,1410,5,2,2,8600,48,1,2,350.0209582,1,2
30,2,35,4,2,1410,5,2,1,5900,60,1,2,350.0209582,1,2
30,2,32,4,2,1410,5,2,1,8050,60,1,2,350.0209582,1,2
30,2,33,4,2,1410,5,2,1,7100,60,1,2,350.0209582,1,2
30,2,23,4,2,1410,5,2,1,6400,56,1,2,370.2443097,1,2
30,2,24,4,2,1410,5,2,1,6900,58,1,2,370.2443097,1,2
30,2,39,4,2,1410,5,2,1,4700,58,1,2,350.0209582,1,2
30,2,40,4,2,1410,5,2,1,4800,56,1,2,350.0209582,1,2
30,1,20,5,2,2610,5,2,2,4200,48,1,2,390.0634733,1,2
30,1,21,5,2,2610,11,2,1,4500,55,1,2,390.0634733,1,2
30,2,31,4,2,1410,5,2,1,6870,60,1,2,350.0209582,1,2
30,2,32,4,2,1410,5,2,1,5300,63,1,2,350.0209582,1,2
30,1,29,4,2,2511,3,6,2,5300,54,1,2,351.7637836,1,2
30,1,30,4,2,2511,3,6,2,5200,52,1,2,351.7637836,1,2
30,2,21,4,2,2610,5,2,2,4700,56,1,2,370.2443097,1,2
30,2,22,4,2,2610,11,2,1,4750,56,1,2,370.2443097,1,2
30,2,18,5,2,1410,11,2,2,3100,50,1,2,370.2443097,1,2
30,2,19,5,2,1410,11,2,1,4200,54,1,2,370.2443097,1,2
30,1,21,5,2,2610,11,2,1,6500,56,1,2,390.0634733,1,2
30,1,28,5,3,1410,5,2,2,5000,48,1,2,351.7637836,1,2
30,1,29,6,1,1410,11,2,1,5000,48,1,2,351.7637836,1,2
30,2,24,5,2,1410,5,2,2,6200,58,1,2,370.2443097,1,2
30,2,25,5,2,1410,11,2,1,5800,55,1,2,350.0209582,1,2
30,2,34,5,2,1410,5,3,1,5100,60,1,2,350.0209582,1,2
30,2,35,5,2,1410,5,3,1,5400,65,1,2,350.0209582,1,2
30,2,17,3,2,1410,11,3,1,3800,60,1,2,370.2443097,1,2
30,2,17,3,2,1410,11,2,1,4600,60,1,2,370.2443097,1,2
30,2,39,4,2,1410,5,3,2,3550,60,1,2,350.0209582,1,2
30,2,39,4,2,1410,5,2,1,3650,60,1,2,350.0209582,1,2
30,2,42,4,2,1410,11,3,1,4370,58,1,2,350.0209582,1,2
30,2,43,4,2,1410,11,2,1,4500,60,1,2,350.0209582,1,2
30,2,43,4,2,1410,5,2,1,3670,55,1,2,350.0209582,1,2
30,2,48,4,1,1410,11,3,1,3800,42,1,2,350.0209582,1,2
30,2,24,4,2,1410,11,3,1,5200,62,1,2,370.2443097,1,2
30,2,24,4,2,1410,11,2,1,5500,62,1,2,370.2443097,1,2
30,1,16,4,2,111,1,6,2,4200,50,1,2,88.92706049,1,2
30,1,18,4,2,1520,11,2,1,4800,56,1,2,88.43591345,1,2
30,1,18,4,2,1520,11,2,1,4950,56,1,2,88.43591345,1,2
30,1,31,4,2,2511,3,6,2,4920,55,1,2,79.75253685,1,2
30,1,32,4,2,2511,3,6,2,4800,50,1,2,79.75253685,1,2
30,2,28,4,2,2610,11,2,1,5300,58,1,2,79.35740022,1,2
30,2,29,4,2,2610,11,2,1,5150,56,1,2,79.35740022,1,2
30,1,40,4,2,3100,3,6,2,5500,60,1,2,79.75253685,1,2
30,2,39,4,2,1410,5,2,1,5100,58,1,2,79.35740022,1,2
30,1,23,4,2,3100,3,6,2,5800,55,1,2,88.43591345,1,2
30,1,21,4,2,3100,3,6,2,5000,55,1,2,88.43591345,1,2
30,1,27,4,2,2610,11,2,1,5500,60,1,2,79.75253685,1,2
30,1,28,4,2,2610,11,2,1,5800,54,1,2,79.75253685,1,2
30,1,33,4,2,2511,3,6,2,4800,53,1,2,79.75253685,1,2
30,1,34,4,2,2511,3,6,2,4500,50,1,2,79.75253685,1,2
30,2,32,4,2,1410,5,2,1,4650,50,1,2,79.35740022,1,2
30,2,32,4,2,1410,5,2,1,4500,54,1,2,79.35740022,1,2
30,2,40,4,2,1520,11,2,1,4500,55,1,2,79.35740022,1,2
30,2,41,4,2,1520,11,2,1,4900,50,1,2,79.35740022,1,2
30,2,15,4,2,1410,3,2,2,3000,50,1,2,83.94247595,1,2
30,2,30,4,2,1520,11,2,1,4900,55,1,2,79.35740022,1,2
30,2,31,4,2,1520,11,2,1,5050,56,1,2,79.35740022,1,2
30,1,31,4,2,3100,3,6,2,5600,55,1,2,79.75253685,1,2
30,1,32,4,2,3100,3,6,2,5800,56,1,2,79.75253685,1,2
30,2,30,4,2,1520,11,2,1,4900,55,1,2,79.35740022,1,2
30,2,31,4,2,1520,11,2,1,5150,56,1,2,79.35740022,1,2
30,2,27,3,2,1520,11,2,1,4500,54,1,2,79.35740022,1,2
30,2,27,3,2,1520,11,2,1,4800,60,1,2,79.35740022,1,2
30,1,30,5,2,1520,11,2,1,4950,58,1,2,79.75253685,1,2
30,1,30,5,2,1520,11,2,1,4850,56,1,2,79.75253685,1,2
30,2,30,4,2,1520,5,2,1,4950,55,1,2,79.35740022,1,2
30,2,30,4,2,1520,5,2,1,4800,54,1,2,79.35740022,1,2
30,2,33,4,2,1520,11,2,1,4800,50,1,2,79.35740022,1,2
30,2,34,4,2,1520,11,2,1,4950,54,1,2,79.35740022,1,2
30,2,18,4,2,1410,11,2,1,4800,50,1,2,83.94247595,1,2
30,2,19,4,2,1410,11,2,1,4700,54,1,2,83.94247595,1,2
30,2,21,4,2,1520,11,2,1,6100,60,1,2,83.94247595,1,2
30,1,16,4,2,3100,3,6,2,2500,55,1,2,88.43591345,1,2
30,2,37,4,2,1410,3,6,2,4500,48,1,1,176.9119403,1,2
30,2,42,4,2,1329,11,7,2,3800,48,1,1,176.9119403,1,2
30,2,19,4,2,1410,11,2,1,4000,42,1,1,216.9098842,1,2
30,2,40,4,2,1410,11,1,1,4200,52,1,1,176.9119403,1,2
30,2,37,5,2,1329,11,1,1,4600,53,1,1,176.9119403,1,2
30,2,22,5,2,1410,3,6,2,4000,48,1,1,216.9098842,1,2
30,1,24,8,2,2220,11,2,1,5000,60,1,1,180.8526501,1,2
30,1,24,8,2,2610,11,1,1,5000,52,1,1,180.8526501,1,2
30,1,41,4,2,2511,3,6,2,3000,40,1,1,186.1138813,1,2
30,2,19,5,2,2732,11,3,1,5200,48,1,1,216.9098842,1,2
30,1,32,5,6,2829,5,2,1,7000,48,1,1,186.1138813,1,2
30,2,28,4,2,1329,11,2,1,5200,48,1,1,176.9119403,1,2
30,2,28,4,2,1329,11,3,1,5600,55,1,1,176.9119403,1,2
30,2,30,5,2,2029,5,6,2,4000,48,1,1,176.9119403,1,2
30,1,29,8,2,2610,11,2,1,6300,50,1,1,179.9734702,1,2
30,1,29,8,2,2610,11,2,1,9000,54,1,1,179.9734702,1,2
30,1,29,5,7,1520,11,2,1,7000,60,1,1,179.9734702,1,2
30,2,27,5,2,1329,11,2,1,6000,48,1,1,171.0751266,1,2
30,2,27,5,2,1329,11,2,1,5100,51,1,1,171.0751266,1,2
30,2,29,5,2,1329,11,2,1,5300,52,1,1,171.0751266,1,2
30,2,29,4,2,1410,11,2,1,5500,55,1,1,171.0751266,1,2
30,2,65,4,2,1071,5,6,2,2500,40,1,1,142.1046207,1,2
30,2,32,8,1,1080,5,3,1,7000,48,1,1,171.0751266,1,2
30,2,32,8,1,1080,5,2,1,7000,48,1,1,171.0751266,1,2
30,1,28,8,1,2022,5,2,1,7500,48,1,1,179.9734702,1,2
30,1,28,8,1,2022,5,3,1,9000,48,1,1,179.9734702,1,2
30,2,19,4,2,2610,11,4,2,4500,54,1,2,314.4354248,1,2
30,2,37,4,2,1329,11,2,1,5700,54,1,2,297.2604461,1,2
30,2,37,4,2,1329,11,2,1,5000,48,1,2,297.2604461,1,2
30,2,28,5,2,1410,5,7,2,3500,54,1,2,297.2604461,1,2
30,2,36,4,2,1329,11,2,1,10000,60,1,2,297.2604461,1,2
30,2,36,4,2,1329,11,2,1,5000,50,1,2,297.2604461,1,2
30,2,34,4,2,1329,11,2,1,10000,48,1,2,297.2604461,1,2
30,2,34,4,2,1329,11,2,1,5000,48,1,2,297.2604461,1,2
30,2,44,4,5,1410,11,3,1,4500,48,1,2,297.2604461,1,2
30,2,44,4,2,1410,11,3,1,5200,54,1,2,297.2604461,1,2
30,1,26,5,2,2599,11,2,1,8600,54,1,2,298.7405662,1,2
30,1,27,5,2,2599,11,3,1,7800,60,1,2,298.7405662,1,2
30,2,25,5,5,1410,11,3,1,6200,48,1,2,297.2604461,1,2
30,2,26,5,2,1410,11,3,1,6300,48,1,2,297.2604461,1,2
30,2,25,5,5,1410,11,2,1,5600,48,1,2,297.2604461,1,2
30,2,25,5,2,1410,5,3,1,6500,56,1,2,297.2604461,1,2
30,2,37,4,5,1329,11,2,1,5500,50,1,2,297.2604461,1,2
30,2,37,4,2,1329,11,3,1,5700,50,1,2,297.2604461,1,2
30,2,33,5,2,2732,11,2,1,5800,48,1,2,297.2604461,1,2
30,2,33,5,2,2732,11,3,1,6500,48,1,2,297.2604461,1,2
30,2,22,4,5,1410,11,2,1,5800,48,1,2,314.4354248,1,2
30,2,22,4,2,1410,5,3,1,5300,46,1,2,314.4354248,1,2
30,2,27,8,1,3240,11,2,1,6000,48,1,2,297.2604461,1,2
30,2,28,8,1,3240,11,3,1,6200,48,1,2,297.2604461,1,2
30,2,40,5,5,1329,3,6,2,3800,42,1,2,297.2604461,1,2
30,2,40,5,2,1329,3,6,2,3800,40,1,2,297.2604461,1,2
30,2,25,4,5,1410,11,2,1,4300,48,1,2,288.5654964,1,2
30,2,25,4,2,1410,11,2,1,5500,60,1,2,288.5654964,1,2
30,1,32,5,2,2599,11,2,1,6000,60,1,2,290.0023227,1,2
30,1,32,5,2,2599,11,3,2,6000,54,1,2,290.0023227,1,2
30,2,33,5,2,1410,3,6,2,2000,40,1,2,288.5654964,1,2
30,2,34,5,5,1410,3,6,2,3500,48,1,2,288.5654964,1,2
30,2,30,3,2,2610,11,2,1,4800,48,1,2,288.5654964,1,2
30,2,30,3,2,2610,11,2,1,4200,48,1,2,288.5654964,1,2
30,2,26,5,2,1329,11,2,1,6000,54,1,2,288.5654964,1,2
30,2,26,5,2,1329,11,3,1,5800,50,1,2,288.5654964,1,2
30,2,17,4,5,1410,5,6,2,3500,48,1,2,305.2381023,1,2
30,2,36,4,2,1329,11,2,1,5000,60,1,2,288.5654964,1,2
30,2,36,4,2,1329,11,2,1,5300,48,1,2,288.5654964,1,2
30,2,37,4,2,1329,11,2,1,4500,48,1,2,288.5654964,1,2
30,2,34,4,2,1329,11,2,1,5800,48,1,2,288.5654964,1,2
30,1,25,8,2,2610,11,1,1,4800,50,1,2,290.0023227,1,2
30,2,17,4,2,1410,11,1,1,4300,52,1,2,305.2381023,1,2
30,1,24,4,2,2610,11,2,1,5500,54,1,2,321.5774861,1,2
30,1,27,5,2,2610,11,3,1,5500,48,1,2,290.0023227,1,2
30,2,29,4,2,1410,11,1,1,5700,48,1,2,288.5654964,1,2
30,2,26,5,2,1410,11,3,1,5500,48,1,2,288.5654964,1,2
30,2,24,4,2,1410,11,1,1,4700,52,1,2,305.2381023,1,2
30,2,30,4,2,1329,11,1,1,5100,54,1,2,288.5654964,1,2
30,2,31,4,2,1329,11,3,1,5000,48,1,2,288.5654964,1,2
30,2,44,4,2,1520,11,3,1,5800,48,1,2,288.5654964,1,2
30,2,20,4,2,2610,11,4,2,4500,48,1,2,305.2381023,1,2
30,2,19,4,2,1329,11,1,1,4200,53,1,2,305.2381023,1,2
30,2,37,5,5,1329,11,2,1,5500,54,1,2,80.81251326,1,2
30,2,36,5,2,1329,11,2,1,5500,48,1,2,80.81251326,1,2
30,2,42,4,5,1410,5,2,2,4200,48,1,2,80.81251326,1,2
30,2,15,4,2,1410,5,4,2,4000,48,1,2,85.48166184,1,2
30,2,15,4,5,1410,3,6,2,4000,48,1,2,85.48166184,1,2
30,2,37,4,2,1321,5,4,2,4000,48,1,2,80.81251326,1,2
30,2,33,4,2,1410,11,2,1,6500,48,1,2,80.81251326,1,2
30,2,34,4,5,1410,11,2,1,6500,58,1,2,80.81251326,1,2
30,2,30,4,2,1410,11,3,1,5000,48,1,2,80.81251326,1,2
30,2,30,4,5,1410,11,2,1,5000,48,1,2,80.81251326,1,2
30,2,54,4,2,1321,5,4,2,3500,48,1,2,80.81251326,1,2
30,2,54,4,2,1321,5,4,2,3600,48,1,2,80.81251326,1,2
30,2,24,5,2,2732,11,2,1,5000,50,1,2,85.48166184,1,2
30,2,25,5,2,2732,11,2,1,5500,48,1,2,80.81251326,1,2
30,2,26,5,2,2732,11,2,1,5000,52,1,2,80.81251326,1,2
30,2,27,7,1,2732,11,3,1,6000,48,1,2,80.81251326,1,2
30,1,22,5,2,3100,5,4,2,6500,48,1,2,90.0574919,1,2
30,2,30,4,2,1410,11,2,1,5000,50,1,2,80.81251326,1,2
30,2,31,5,2,1410,11,2,1,5500,48,1,2,80.81251326,1,2
30,1,28,5,7,2732,11,2,1,4500,50,1,2,81.21489518,1,2
30,1,29,5,7,2732,11,2,1,6800,55,1,2,81.21489518,1,2
30,2,27,4,2,1410,11,2,1,5300,52,1,2,80.81251326,1,2
30,2,28,4,2,1410,11,3,1,5300,48,1,2,80.81251326,1,2
30,2,27,5,2,1410,11,2,1,5200,50,1,2,80.81251326,1,2
30,2,28,5,2,1410,11,3,1,5000,48,1,2,80.81251326,1,2
30,1,33,4,2,3100,3,6,2,2500,48,1,2,81.21489518,1,2
30,1,33,3,2,3100,3,6,2,6000,48,1,2,81.21489518,1,2
30,1,23,4,2,1520,3,6,2,6000,40,1,2,90.0574919,1,2
30,1,24,4,2,1520,3,6,2,6800,48,1,2,90.0574919,1,2
30,2,16,4,2,1520,3,6,2,4200,48,1,2,85.48166184,1,2
30,2,17,4,2,1520,3,6,2,5500,48,1,2,85.48166184,1,2
30,2,50,4,3,1410,11,2,1,5500,52,1,2,303.1367603,1,2
30,2,45,4,2,1410,11,2,1,6700,55,1,2,303.1367603,1,2
30,1,30,4,3,1410,11,2,1,4800,58,1,2,304.6461398,1,2
30,1,30,4,2,1410,11,2,1,4800,54,1,2,304.6461398,1,2
30,2,37,5,3,1410,11,2,1,5500,58,1,2,303.1367603,1,2
30,2,53,4,4,1410,11,2,1,4800,60,1,2,303.1367603,1,2
30,2,53,4,4,1410,11,2,1,4500,56,1,2,303.1367603,1,2
30,2,28,5,3,1410,11,2,1,4800,58,1,2,303.1367603,1,2
30,2,28,5,3,1410,11,2,1,5600,57,1,2,303.1367603,1,2
30,1,19,4,3,1410,11,2,1,5200,60,1,2,337.8157074,1,2
30,1,19,4,3,1410,11,2,1,4800,52,1,2,337.8157074,1,2
30,2,26,5,3,1410,11,2,1,16000,60,1,2,303.1367603,1,2
30,2,27,5,3,1410,11,2,1,6000,54,1,2,303.1367603,1,2
30,2,44,4,3,1410,11,2,1,18500,60,1,2,303.1367603,1,2
30,2,45,4,3,1410,11,2,1,5800,55,1,2,303.1367603,1,2
30,2,22,3,3,1520,3,6,2,7000,48,1,2,320.651258,1,2
30,2,23,4,3,1520,5,2,1,4000,50,1,2,320.651258,1,2
30,2,38,5,3,1410,11,2,1,17000,58,1,2,303.1367603,1,2
30,2,39,5,3,1410,11,2,1,6200,54,1,2,303.1367603,1,2
30,2,21,5,3,1410,11,2,1,11000,58,1,2,320.651258,1,2
30,2,21,5,3,1410,11,2,1,5400,55,1,2,320.651258,1,2
30,2,28,5,3,1410,11,2,1,14000,60,1,2,303.1367603,1,2
30,2,29,5,3,1410,11,2,1,6000,55,1,2,303.1367603,1,2
30,2,19,5,3,1410,11,2,1,5000,54,1,2,320.651258,1,2
30,2,41,5,3,1410,11,2,1,16500,56,1,2,303.1367603,1,2
30,2,42,5,3,1410,11,2,1,5800,55,1,2,303.1367603,1,2
30,2,34,5,3,1410,11,2,1,15500,60,1,2,303.1367603,1,2
30,2,35,5,3,1410,11,2,1,5800,55,1,2,303.1367603,1,2
30,1,30,5,7,1610,11,4,2,6000,62,1,2,347.2539915,1,2
30,2,41,4,5,1410,11,2,1,6000,60,1,2,345.53351,1,2
30,2,21,5,5,1410,6,2,1,5500,62,1,2,365.4975878,1,2
30,1,15,4,5,1520,3,6,2,4000,56,1,2,385.0626595,1,2
30,2,31,5,2,1410,11,2,1,5200,60,1,2,345.53351,1,2
30,1,30,5,7,1610,5,2,2,6000,56,1,2,347.2539915,1,2
30,1,31,5,2,3240,11,2,1,6200,63,1,2,82.23101075,1,2
30,1,31,5,2,3240,11,2,1,5800,56,1,2,82.23101075,1,2
30,2,50,4,2,3240,11,2,1,4800,57,1,2,81.82359444,1,2
30,2,50,4,2,3240,11,2,1,5200,56,1,2,81.82359444,1,2
30,1,26,8,2,3240,11,2,1,5800,62,1,2,82.23101075,1,2
30,1,26,5,2,3240,11,2,1,5800,60,1,2,82.23101075,1,2
30,1,26,8,2,3240,11,2,1,5600,60,1,2,82.23101075,1,2
30,1,26,5,2,3240,11,2,1,5500,58,1,2,82.23101075,1,2
30,2,28,4,2,1410,11,2,1,5800,54,1,2,81.82359444,1,2
30,2,28,4,1,1410,11,2,1,6200,58,1,2,81.82359444,1,2
30,1,32,5,2,2790,11,2,1,5800,56,1,2,82.23101075,1,2
30,1,32,5,2,2790,11,2,1,6500,60,1,2,82.23101075,1,2
30,2,22,5,2,1520,11,2,1,5500,59,1,2,86.55116082,1,2
30,2,22,5,2,1520,11,2,1,5500,55,1,2,86.55116082,1,2
30,1,27,5,7,3240,11,2,1,5200,56,1,2,82.23101075,1,2
30,2,33,4,1,1410,11,2,1,5800,58,1,2,81.82359444,1,2
30,2,33,4,2,1410,11,2,1,5880,59,1,2,81.82359444,1,2
30,1,32,5,2,1010,5,2,1,6500,60,1,2,82.23101075,1,2
30,1,32,5,1,1010,5,2,1,6300,61,1,2,82.23101075,1,2
30,1,27,4,2,2220,11,2,1,6000,62,1,2,82.23101075,1,2
30,1,28,4,1,2220,11,2,1,6000,63,1,2,82.23101075,1,2
30,2,55,4,2,2220,11,2,1,5400,58,1,2,70.32697239,1,2
30,2,55,4,2,2220,11,2,1,5500,59,1,2,70.32697239,1,2
30,2,31,5,2,1410,11,2,1,6200,62,1,2,81.82359444,1,2
30,2,31,5,2,1410,11,2,1,6600,65,1,2,81.82359444,1,2
30,1,32,5,5,2220,11,2,1,6000,50,1,2,82.23101075,1,2
30,1,33,5,5,2220,11,2,2,6200,58,1,2,82.23101075,1,2
30,2,31,8,1,2640,11,2,1,7500,58,1,2,81.82359444,1,2
30,2,31,8,1,2620,11,2,1,7300,58,1,2,81.82359444,1,2
30,2,44,5,2,2220,11,2,1,5500,58,1,2,81.82359444,1,2
30,2,44,5,2,2220,11,2,1,5800,57,1,2,81.82359444,1,2
30,1,24,5,2,2220,11,2,1,6000,60,1,2,91.18424111,1,2
30,1,24,5,2,2220,11,2,1,6000,60,1,2,91.18424111,1,2
30,1,26,5,3,1410,5,2,1,7400,60,1,2,291.7405983,1,2
30,1,26,5,3,1410,5,2,1,7200,54,1,2,291.7405983,1,2
30,1,29,5,6,2910,5,2,1,6000,56,1,2,291.7405983,1,2
30,1,29,5,6,2910,5,2,1,6100,56,1,2,291.7405983,1,2
30,1,45,4,2,2511,3,6,2,5500,50,1,2,304.7005863,1,2
30,2,46,4,2,1410,3,5,2,4000,40,1,2,303.190937,1,2
30,1,29,8,1,1701,5,2,1,6500,48,1,2,304.7005863,1,2
30,1,30,8,2,1701,5,2,1,6500,54,1,2,304.7005863,1,2
30,1,56,6,1,161,5,2,1,1400,48,1,2,306.3928037,1,2
30,1,56,6,1,161,5,2,1,1400,48,1,2,306.3928037,1,2
30,2,32,5,2,1410,11,3,1,4500,48,1,2,303.190937,1,2
30,1,32,6,1,2610,11,1,1,8000,56,1,2,289.2279999,1,2
30,1,32,6,2,2610,11,2,1,8000,56,1,2,289.2279999,1,2
30,2,43,5,2,1410,3,1,2,4500,48,1,2,287.79501,1,2
30,2,25,4,2,1520,5,2,1,5500,48,1,1,187.6839118,1,2
30,2,25,4,2,1520,5,1,1,6000,48,1,1,187.6839118,1,2
30,2,40,4,2,1410,5,1,1,6200,56,1,1,187.6839118,1,2
30,2,41,4,2,1410,5,2,1,6100,54,1,1,187.6839118,1,2
30,2,18,5,2,1520,5,4,1,5700,52,1,1,230.117286,1,2
30,2,19,5,2,1520,5,2,1,6200,54,1,1,230.117286,1,2
30,2,24,4,2,1520,5,2,1,6000,53,1,1,230.117286,1,2
30,2,24,4,2,1520,5,2,1,6000,52,1,1,230.117286,1,2
30,1,18,4,2,3240,5,3,2,4500,55,1,1,191.864567,1,2
30,2,18,4,2,1410,5,2,1,4100,42,1,1,230.117286,1,2
30,1,32,4,2,1410,5,2,1,6700,53,1,1,197.4461488,1,2
30,1,32,4,2,1410,5,1,1,6450,48,1,1,197.4461488,1,2
30,2,34,4,2,1410,5,2,1,6500,50,1,1,187.6839118,1,2
30,2,34,4,5,1410,5,1,1,6100,48,1,1,187.6839118,1,2
30,2,20,4,2,1410,5,1,1,4800,62,1,1,230.117286,1,2
30,2,20,4,4,1410,5,2,1,4850,55,1,1,230.117286,1,2
30,2,15,4,2,3240,5,2,2,5400,56,1,1,230.117286,1,2
30,2,31,5,2,1410,5,2,1,5500,48,1,1,187.6839118,1,2
30,2,32,5,2,1410,5,2,1,5800,48,1,1,187.6839118,1,2
30,1,28,5,4,1520,5,1,1,6100,55,1,1,197.4461488,1,2
30,2,28,5,2,1520,5,1,1,6000,52,1,1,187.6839118,1,2
30,2,29,5,4,1520,5,1,1,6000,51,1,1,187.6839118,1,2
30,1,35,4,7,2511,10,1,1,11000,48,1,1,197.4461488,1,2
30,1,36,4,7,3314,5,1,1,9500,52,1,1,197.4461488,1,2
30,2,31,5,2,1410,5,2,1,6200,48,1,1,187.6839118,1,2
30,2,31,5,2,1520,5,1,1,6700,48,1,1,187.6839118,1,2
30,2,18,5,4,1410,5,2,1,4500,52,1,1,230.117286,1,2
30,2,28,5,2,1520,5,4,1,4200,52,1,1,187.6839118,1,2
30,2,29,5,4,1520,5,2,1,4500,53,1,1,187.6839118,1,2
30,2,35,4,2,1410,5,1,1,4500,52,1,1,187.6839118,1,2
30,2,36,4,2,1410,5,1,1,5500,55,1,1,187.6839118,1,2
30,2,18,4,2,1520,5,2,2,3200,50,1,1,230.117286,1,2
30,2,18,4,2,2610,5,4,2,4150,66,1,2,320.1798275,1,2
30,2,18,4,2,2610,5,3,1,4800,62,1,2,320.1798275,1,2
30,2,36,5,2,1520,5,3,1,5200,50,1,2,302.6910802,1,2
30,2,37,5,2,1520,5,3,1,5600,55,1,2,302.6910802,1,2
30,1,19,3,3,1520,5,3,1,4900,60,1,2,337.3190413,1,2
30,1,19,3,2,1520,5,3,1,5400,60,1,2,337.3190413,1,2
30,1,32,4,2,1410,5,4,1,4800,57,1,2,303.48248,1,2
30,1,32,4,2,1410,5,4,1,5480,57,1,2,303.48248,1,2
30,2,54,4,1,1410,5,2,2,4800,56,1,2,301.9788659,1,2
30,2,24,5,2,1410,5,3,1,4900,65,1,2,319.4264632,1,2
30,1,42,5,2,1520,5,3,1,6900,62,1,2,303.48248,1,2
30,1,42,5,2,1520,5,3,1,6700,62,1,2,303.48248,1,2
30,2,36,4,2,1520,5,3,1,6300,55,1,2,301.9788659,1,2
30,2,36,4,2,1520,5,3,1,6250,55,1,2,301.9788659,1,2
30,2,17,5,4,1512,5,4,2,3100,52,1,2,319.4264632,1,2
30,1,25,8,1,1410,5,2,1,5500,56,1,2,303.48248,1,2
30,1,25,8,1,1410,5,2,1,6550,54,1,2,303.48248,1,2
30,1,36,4,2,1322,11,2,1,6000,48,1,2,303.48248,1,2
30,1,36,4,2,1322,5,2,1,6150,52,1,2,303.48248,1,2
30,2,31,4,2,1322,11,2,1,5200,48,1,2,301.9788659,1,2
30,2,31,4,2,1410,5,2,1,4200,52,1,2,301.9788659,1,2
30,2,21,4,2,1410,5,2,1,4800,70,1,2,319.4264632,1,2
30,2,21,4,2,1410,5,2,1,6340,70,1,2,319.4264632,1,2
30,1,16,4,2,1410,3,7,2,5100,50,1,2,336.5253495,1,2
30,1,16,4,2,1410,3,6,2,4900,50,1,2,336.5253495,1,2
30,2,35,5,2,1410,11,1,1,11000,48,1,2,301.9788659,1,2
30,2,36,4,2,1410,5,3,1,5130,55,1,2,301.9788659,1,2
30,2,37,4,2,1410,5,3,1,5200,45,1,2,301.9788659,1,2
30,2,43,4,2,1410,11,2,1,4600,70,1,2,275.5343889,1,2
30,2,43,4,2,1410,11,2,1,5000,72,1,2,275.5343889,1,2
30,1,26,5,6,1410,11,2,1,4550,68,1,2,276.9063306,1,2
30,2,44,4,2,2220,11,2,1,6200,52,1,2,275.5343889,1,2
30,2,44,4,2,3240,10,2,1,6350,70,1,2,275.5343889,1,2
30,1,60,4,1,1062,3,6,2,3200,70,1,2,237.9996137,1,2
30,1,37,5,7,161,10,1,1,5200,56,1,2,278.4441869,1,2
30,1,37,5,7,161,10,1,1,5200,56,1,2,278.4441869,1,2
30,2,37,5,7,161,10,1,1,3600,48,1,2,277.0646258,1,2
30,2,37,5,7,161,10,1,1,3600,48,1,2,277.0646258,1,2
30,2,64,3,1,1074,3,6,2,3000,56,1,2,236.8204366,1,2
30,2,64,3,1,1074,3,6,2,3200,60,1,2,236.8204366,1,2
30,2,54,4,2,3240,5,4,2,4400,60,1,2,275.5343889,1,2
30,2,54,4,2,3240,11,3,2,5100,62,1,2,275.5343889,1,2
30,1,19,4,2,2930,5,2,1,6000,56,1,2,307.0556155,1,2
30,1,20,4,2,2930,5,2,1,6500,60,1,2,307.0556155,1,2
30,2,38,4,2,1410,5,3,1,5850,63,1,2,275.5343889,1,2
30,2,39,4,3,1410,11,2,1,6800,63,1,2,275.5343889,1,2
30,2,39,4,2,1410,11,2,1,4830,70,1,2,275.5343889,1,2
30,2,39,4,2,1410,5,2,1,4500,67,1,2,275.5343889,1,2
30,2,23,5,4,1410,5,2,1,5450,70,1,2,291.4540893,1,2
30,2,18,5,2,1410,5,2,1,5760,70,1,2,291.4540893,1,2
30,2,22,7,2,1410,5,2,1,5500,63,1,2,291.4540893,1,2
30,2,23,7,4,1410,11,2,1,6200,60,1,2,291.4540893,1,2
30,2,51,3,2,1071,3,6,2,2500,60,1,2,275.5343889,1,2
30,2,52,3,2,1062,3,6,2,1700,56,1,2,275.5343889,1,2
30,1,26,5,6,1410,5,2,1,3700,48,1,2,276.9063306,1,2
30,2,31,4,2,3240,11,4,1,5350,66,1,2,275.5343889,1,2
30,2,31,4,3,3240,11,2,2,6300,66,1,2,275.5343889,1,2
31,1,30,5,5,2211,5,2,1,8100,60,1,1,132.9792775,1,2
31,1,31,5,5,2211,5,2,1,8000,54,1,1,132.9792775,1,2
31,2,26,6,2,2610,11,2,1,4300,54,1,1,137.0186577,1,2
31,1,31,6,2,3011,10,1,1,7200,48,1,1,132.9792775,1,2
31,1,31,7,2,3011,10,1,1,7500,48,1,1,132.9792775,1,2
31,1,28,5,2,2431,5,2,1,5500,56,1,1,132.9792775,1,2
31,1,28,5,2,2431,5,2,1,6000,56,1,1,132.9792775,1,2
31,1,30,8,1,2710,11,1,1,5430,40,1,1,132.9792775,1,2
31,1,31,8,1,2710,11,2,1,5330,40,1,1,132.9792775,1,2
31,2,35,4,2,1702,11,2,1,4600,48,1,1,137.0186577,1,2
31,2,30,8,1,2817,11,2,1,8500,40,1,1,137.0186577,1,2
31,2,30,8,1,2817,11,1,1,8500,48,1,1,137.0186577,1,2
31,2,25,5,1,2733,11,1,1,6100,48,1,1,137.0186577,1,2
31,2,40,4,2,1410,11,2,1,4000,53,1,1,137.0186577,1,2
31,2,20,4,2,2930,11,2,1,6100,50,1,1,146.1647029,1,2
31,2,23,5,2,2930,11,2,1,4850,48,1,1,146.1647029,1,2
31,1,26,5,2,2610,11,2,1,8800,56,1,1,132.9792775,1,2
31,2,22,5,2,2610,11,2,1,5000,56,1,1,146.1647029,1,2
31,2,20,5,2,2610,11,2,2,4500,56,1,1,146.1647029,1,2
31,2,26,5,2,1410,11,2,1,5580,48,1,1,137.0186577,1,2
31,1,25,5,6,2640,11,1,1,7500,58,1,1,132.9792775,1,2
31,1,25,5,6,2640,11,1,1,7900,56,1,1,132.9792775,1,2
31,2,23,8,2,2640,11,2,2,4800,58,1,1,146.1647029,1,2
31,2,23,8,2,2640,11,2,2,5500,48,1,1,146.1647029,1,2
31,2,42,5,2,1410,11,2,1,6400,60,1,1,143.3916186,1,2
31,2,43,5,2,1410,11,2,1,5500,60,1,1,143.3916186,1,2
31,2,21,5,2,1410,11,2,1,6200,60,1,1,152.9630612,1,2
31,2,21,5,2,1410,11,2,1,5200,60,1,1,152.9630612,1,2
31,1,43,5,6,1410,11,1,1,7600,48,1,1,139.1643602,1,2
31,1,43,5,6,2410,6,1,1,7800,56,1,1,139.1643602,1,2
31,2,37,4,2,1520,5,2,1,5100,56,1,1,143.3916186,1,2
31,2,37,4,2,1520,11,2,1,5200,56,1,1,143.3916186,1,2
31,1,45,5,2,1709,5,2,1,5200,56,1,1,139.1643602,1,2
31,1,45,5,6,1709,5,2,1,5600,56,1,1,139.1643602,1,2
31,2,30,7,1,2817,5,2,1,4800,48,1,1,143.3916186,1,2
31,2,30,5,6,2640,11,2,1,4800,56,1,1,143.3916186,1,2
31,2,34,8,2,2733,11,2,1,4900,48,1,1,143.3916186,1,2
31,2,39,8,1,3011,5,1,1,4980,40,1,1,143.3916186,1,2
31,2,39,8,1,3011,10,1,1,5000,40,1,1,143.3916186,1,2
31,2,24,5,2,3290,5,1,1,6200,48,1,1,152.9630612,1,2
31,2,24,5,2,2029,5,2,1,6000,48,1,1,152.9630612,1,2
31,1,60,4,2,2592,5,3,2,4000,48,1,1,115.5977436,1,2
31,1,60,4,2,2511,5,3,2,2100,48,1,1,115.5977436,1,2
31,2,38,4,2,2013,5,2,1,7000,56,1,1,143.3916186,1,2
31,1,36,7,2,2023,5,2,1,7500,56,1,1,139.1643602,1,2
31,1,32,5,2,2013,5,2,1,7500,56,1,1,139.1643602,1,2
31,1,24,5,2,3240,11,4,2,3500,48,1,1,182.1010193,1,2
31,1,49,4,5,2395,5,1,1,7000,48,1,1,139.1643602,1,2
31,1,50,4,5,2395,5,1,1,7500,48,1,1,139.1643602,1,2
31,2,43,8,5,2100,5,1,1,9000,48,1,1,143.3916186,1,2
31,2,43,8,5,2100,5,1,1,9500,48,1,1,143.3916186,1,2
31,2,40,4,2,1410,11,2,1,6500,50,1,1,123.8437868,1,2
31,1,24,5,2,1410,11,2,1,5500,54,1,1,157.2761367,1,2
31,2,25,8,2,3315,5,2,1,10000,35,1,1,123.8437868,1,2
31,2,48,4,2,1410,5,2,2,4200,48,1,1,123.8437868,1,2
31,2,46,5,2,1520,5,2,1,5300,56,1,1,123.8437868,1,2
31,2,44,4,2,1520,5,2,1,5800,56,1,1,123.8437868,1,2
31,2,57,4,2,1410,5,2,1,6200,56,1,1,102.8716138,1,2
31,1,56,5,4,2394,5,2,1,10500,48,1,1,120.1928085,1,2
31,2,54,4,2,1410,3,6,2,5000,56,1,1,123.8437868,1,2
31,2,31,5,2,1410,11,2,1,5570,48,1,1,123.8437868,1,2
31,1,56,3,2,3100,3,6,2,6500,48,1,1,120.1928085,1,2
31,2,37,6,1,1322,5,6,2,5000,50,1,1,123.8437868,1,2
31,1,22,5,2,2640,11,2,1,7300,60,1,1,157.2761367,1,2
31,1,37,5,2,2511,3,6,2,6500,56,1,1,120.1928085,1,2
31,2,40,5,2,1410,11,2,1,5200,48,1,1,123.8437868,1,2
31,2,18,5,2,1410,11,3,2,4100,48,1,1,132.1104046,1,2
31,2,23,7,2,1410,11,3,1,6200,48,1,1,132.1104046,1,2
31,2,45,8,1,2394,11,1,1,8000,48,1,1,120.3715311,1,2
31,2,45,8,1,2394,11,1,1,8100,48,1,1,120.3715311,1,2
31,2,32,8,3,1520,5,2,1,6500,56,1,1,111.4217656,1,2
31,2,32,8,3,1520,5,2,1,6800,56,1,1,111.4217656,1,2
31,1,32,8,1,1520,5,2,1,7720,56,1,1,108.1369949,1,2
31,1,32,8,1,1520,5,2,1,7880,56,1,1,108.1369949,1,2
31,2,28,8,3,1410,5,3,2,5000,48,1,1,111.4217656,1,2
31,2,28,8,3,1410,5,3,1,5000,48,1,1,111.4217656,1,2
31,1,52,5,6,3011,10,2,1,7000,40,1,1,108.1369949,1,2
31,1,52,5,6,3011,10,2,1,7300,40,1,1,108.1369949,1,2
31,1,47,8,2,3011,10,2,1,8100,40,1,1,108.1369949,1,2
31,1,47,8,1,3011,10,2,1,8300,40,1,1,108.1369949,1,2
31,1,45,4,5,2220,10,1,1,7000,44,1,1,128.0541191,1,2
31,1,45,4,5,2220,10,1,1,7000,44,1,1,128.0541191,1,2
31,2,52,6,1,1323,10,1,1,9000,48,1,1,131.9438926,1,2
31,2,52,6,1,1323,10,1,1,9000,48,1,1,131.9438926,1,2
31,2,25,8,1,2512,5,2,1,7000,48,1,1,133.0471024,1,2
31,1,23,5,2,2220,3,6,2,4800,48,1,1,168.9639409,1,2
31,1,40,7,1,1104,5,1,1,15000,48,1,1,129.1248057,1,2
31,1,40,7,1,1104,5,1,1,14700,48,1,1,129.1248057,1,2
31,2,35,7,1,1410,10,1,1,5500,40,1,1,133.0471024,1,2
31,2,36,7,1,1410,10,1,1,8750,40,1,1,133.0471024,1,2
31,2,36,4,2,1329,5,2,1,5700,48,1,1,133.0471024,1,2
31,2,36,4,2,1329,5,2,1,6100,48,1,1,133.0471024,1,2
31,2,31,4,2,1329,5,2,1,6300,48,1,1,133.0471024,1,2
31,2,31,4,2,1329,5,2,1,6500,48,1,1,133.0471024,1,2
31,1,41,4,2,1702,5,2,1,5700,48,1,1,129.1248057,1,2
31,1,42,4,2,1702,5,2,1,5700,48,1,1,129.1248057,1,2
31,1,51,4,6,2511,5,1,1,7200,40,1,1,129.6268588,1,2
31,1,52,4,6,2511,5,1,1,6850,40,1,1,129.6268588,1,2
31,1,36,8,1,3011,10,2,2,7000,48,1,1,129.6268588,1,2
31,1,37,8,1,3011,10,2,2,7000,48,1,1,129.6268588,1,2
31,2,56,8,1,1520,5,1,1,7500,48,1,1,110.9461066,1,2
31,2,56,8,1,1520,5,1,1,7500,48,1,1,110.9461066,1,2
31,1,28,8,1,2640,11,2,1,8300,48,1,1,129.6268588,1,2
31,1,28,8,1,2640,11,2,1,8300,48,1,1,129.6268588,1,2
31,2,48,5,2,1520,11,2,2,4400,48,1,1,123.6681219,1,2
31,1,23,8,1,2599,5,2,1,5800,48,1,1,157.05305,1,2
31,2,34,5,2,1520,11,2,1,6300,56,1,1,123.6681219,1,2
31,2,65,8,2,1811,5,2,2,5000,35,1,1,102.7256966,1,2
31,2,65,8,3,1811,5,2,2,5000,35,1,1,102.7256966,1,2
31,2,47,5,2,1520,11,2,2,4100,48,1,1,123.6681219,1,2
31,1,35,8,1,1410,11,2,1,6000,44,1,1,120.0223223,1,2
31,1,36,8,1,1410,11,2,1,7100,44,1,1,120.0223223,1,2
31,1,43,8,2,1200,10,1,1,12500,48,1,1,120.0223223,1,2
31,1,43,8,2,1200,10,1,1,13500,48,1,1,120.0223223,1,2
31,2,44,8,2,1200,10,1,1,8500,48,1,1,123.6681219,1,2
31,2,44,8,2,1200,10,1,1,9500,48,1,1,123.6681219,1,2
31,1,56,5,2,1410,5,2,1,8050,48,1,1,120.0223223,1,2
31,1,59,4,1,1709,5,2,2,3000,48,1,1,131.6360525,1,2
31,2,22,5,2,1410,11,2,1,4500,48,1,1,144.6882918,1,2
31,2,22,5,2,1410,11,2,1,4500,48,1,1,144.6882918,1,2
31,2,54,8,1,1200,10,1,1,7500,48,1,1,135.6346309,1,2
31,2,54,8,1,1200,10,2,1,8000,48,1,1,135.6346309,1,2
31,1,25,5,5,3240,11,1,1,7000,48,1,1,131.6360525,1,2
31,1,26,5,5,3240,11,1,1,7000,48,1,1,131.6360525,1,2
31,1,30,5,6,2829,10,1,1,5500,48,1,1,132.9792775,1,2
31,1,30,5,6,2829,10,1,1,6000,48,1,1,132.9792775,1,2
31,2,31,8,1,1702,5,1,1,6000,48,1,1,137.0186577,1,2
31,2,32,8,1,1702,5,2,1,6500,48,1,1,137.0186577,1,2
31,2,24,8,1,2817,11,2,1,9800,48,1,1,146.1647029,1,2
31,2,24,8,1,2817,11,2,1,11000,48,1,1,146.1647029,1,2
31,2,40,5,2,1410,11,2,1,7000,48,1,1,137.0186577,1,2
31,2,40,5,3,1410,11,2,1,6000,48,1,1,137.0186577,1,2
31,1,38,5,3,2022,10,2,1,7000,40,1,1,132.9792775,1,2
31,1,23,7,1,2630,5,2,1,9000,48,1,1,174.0076406,1,2
31,1,24,7,1,2610,11,2,1,10000,48,1,1,174.0076406,1,2
31,1,33,8,1,3011,10,1,1,6500,48,1,1,132.9792775,1,2
31,1,34,8,1,3011,5,1,1,6500,48,1,1,132.9792775,1,2
31,2,32,4,2,1520,5,6,2,3500,48,1,1,151.8550729,1,2
31,2,32,4,2,1520,5,5,2,4700,48,1,1,151.8550729,1,2
31,1,29,3,1,2511,3,6,2,5000,56,1,1,147.3783076,1,2
31,1,29,3,2,2511,3,6,2,5200,48,1,1,147.3783076,1,2
31,1,48,4,2,3100,3,6,2,10500,48,1,1,147.3783076,1,2
31,1,48,4,2,3100,3,6,2,6500,48,1,1,147.3783076,1,2
31,1,36,4,3,2511,3,6,2,5500,48,1,1,147.3783076,1,2
31,1,36,4,3,2511,3,6,2,6000,48,1,1,147.3783076,1,2
31,2,36,8,1,2220,10,1,1,5500,48,1,1,151.8550729,1,2
31,2,36,8,1,2220,10,1,1,6000,48,1,1,151.8550729,1,2
31,2,24,5,2,3240,5,2,1,5500,56,1,1,161.9914542,1,2
31,2,24,5,2,3240,5,1,1,6000,54,1,1,161.9914542,1,2
31,1,29,9,1,3011,11,1,1,9500,44,1,1,138.4377409,1,2
31,1,29,9,1,3011,11,1,1,10500,52,1,1,138.4377409,1,2
31,2,28,9,1,3011,11,1,1,8300,44,1,1,142.6429275,1,2
31,2,28,9,1,3011,11,1,1,9500,52,1,1,142.6429275,1,2
31,1,36,5,7,2410,5,2,2,7000,48,1,1,138.4377409,1,2
31,1,33,5,5,2610,11,1,1,9200,48,1,1,138.4377409,1,2
31,1,33,4,5,2610,11,1,1,9200,50,1,1,138.4377409,1,2
31,1,39,5,6,2732,11,2,1,8200,56,1,1,138.4377409,1,2
31,1,39,5,6,2732,11,2,1,8300,73,1,1,138.4377409,1,2
31,2,33,8,1,1102,5,1,1,6200,40,1,1,142.6429275,1,2
31,2,34,8,1,1102,5,1,1,6700,40,1,1,142.6429275,1,2
31,1,44,5,2,2220,10,1,1,8500,56,1,1,162.5302281,1,2
31,1,44,5,2,2220,5,1,1,8400,48,1,1,162.5302281,1,2
31,1,49,5,5,2599,5,2,2,6100,48,1,1,162.5302281,1,2
31,1,50,5,5,2599,5,2,2,6300,48,1,1,162.5302281,1,2
31,2,39,8,5,161,10,1,1,6500,48,1,1,167.4672484,1,2
31,2,41,4,2,1410,11,2,1,6500,48,1,1,133.5931913,1,2
31,2,42,5,2,1410,11,2,1,6000,48,1,1,133.5931913,1,2
31,1,61,4,2,2410,11,2,2,3500,48,1,1,107.6985645,1,2
31,1,62,4,2,2410,11,3,2,4500,56,1,1,107.6985645,1,2
31,1,34,5,2,1520,5,2,1,6000,56,1,1,129.6547956,1,2
31,1,34,5,2,1520,5,2,1,5200,56,1,1,129.6547956,1,2
31,2,47,5,2,1520,5,2,1,5400,48,1,1,133.5931913,1,2
31,2,48,5,2,1520,5,3,2,5100,56,1,1,133.5931913,1,2
31,1,38,8,1,2211,11,2,1,7500,40,1,1,129.6547956,1,2
31,2,34,5,1,2610,11,2,1,6500,50,1,1,133.5931913,1,2
31,2,35,5,5,2610,11,2,1,5300,48,1,1,133.5931913,1,2
31,1,48,5,2,1520,5,1,2,6000,48,1,1,129.6547956,1,2
31,1,48,5,2,1520,5,1,2,6000,48,1,1,129.6547956,1,2
31,2,44,5,2,1520,5,1,1,7000,60,1,1,133.5931913,1,2
31,2,44,5,2,1520,5,1,2,7000,48,1,1,133.5931913,1,2
31,1,39,5,2,2592,3,6,2,5500,50,1,1,129.6547956,1,2
31,1,39,4,3,2592,3,6,2,7500,56,1,1,129.6547956,1,2
31,1,47,5,2,1702,5,2,1,5000,48,1,1,129.6547956,1,2
31,1,47,5,2,1702,5,2,1,5500,56,1,1,129.6547956,1,2
31,2,41,5,2,1322,11,2,1,6000,48,1,1,133.5931913,1,2
31,2,41,4,2,1322,11,2,1,6000,48,1,1,133.5931913,1,2
31,2,44,5,3,1410,3,6,2,4000,48,1,1,133.5931913,1,2
31,2,44,5,2,1520,5,2,2,7000,48,1,1,133.5931913,1,2
31,2,44,5,2,1520,5,2,1,8300,56,1,1,133.5931913,1,2
31,1,48,5,2,2220,5,2,2,7500,56,1,1,129.6547956,1,2
31,1,49,5,2,1520,5,2,1,7600,56,1,1,129.6547956,1,2
31,1,33,8,2,2610,11,1,1,7000,48,1,1,129.6547956,1,2
31,2,33,5,5,2640,11,1,1,8000,48,1,1,133.5931913,1,2
31,2,34,5,5,2750,11,1,1,8000,48,1,1,133.5931913,1,2
31,2,35,6,1,2220,5,2,1,7000,48,1,1,133.5931913,1,2
31,1,28,7,1,2410,5,2,1,8000,48,1,1,129.6547956,1,2
31,2,35,4,2,1520,5,1,1,7000,56,1,1,137.0186577,1,2
31,2,35,4,2,1520,5,1,1,9000,70,1,1,137.0186577,1,2
31,1,37,8,2,1520,5,1,1,8000,50,1,1,132.9792775,1,2
31,1,38,8,2,1520,5,1,1,10000,56,1,1,132.9792775,1,2
31,1,29,8,1,2814,5,2,1,9000,48,1,1,132.9792775,1,2
31,1,29,8,1,2814,5,2,1,9000,48,1,1,132.9792775,1,2
31,1,36,5,2,1103,5,2,1,7000,48,1,1,163.528571,1,2
31,2,31,5,2,1410,5,2,1,5500,48,1,1,168.495917,1,2
31,2,31,5,2,1410,5,2,1,5500,48,1,1,168.495917,1,2
31,1,29,6,1,2211,11,1,1,15000,48,1,1,163.528571,1,2
31,1,30,6,1,2211,11,1,1,11000,48,1,1,163.528571,1,2
31,2,30,8,1,2100,10,1,1,7000,48,1,1,168.495917,1,2
31,2,30,8,1,2100,10,1,1,6700,40,1,1,168.495917,1,2
31,1,30,7,1,3011,10,2,1,6500,48,1,1,163.528571,1,2
31,1,30,7,2,3011,10,2,1,5000,40,1,1,163.528571,1,2
31,2,47,4,2,1520,5,2,1,5000,48,1,1,168.495917,1,2
31,1,33,6,1,1062,10,1,1,6500,48,1,1,163.528571,1,2
31,2,48,4,2,1520,5,2,1,6500,48,1,1,168.495917,1,2
31,2,43,5,2,1520,11,1,1,6000,48,1,1,152.6283782,1,2
31,1,49,5,2,1410,5,1,1,5500,56,1,1,148.1288155,1,2
31,1,50,5,2,1410,5,1,1,5500,56,1,1,148.1288155,1,2
31,1,49,5,2,1520,3,6,2,4500,48,1,1,148.1288155,1,2
31,1,49,5,2,1520,3,6,2,4500,48,1,1,148.1288155,1,2
31,2,46,5,2,1410,5,2,1,6500,48,1,1,152.6283782,1,2
31,2,47,5,2,1410,11,2,1,6800,48,1,1,152.6283782,1,2
31,1,38,7,2,3212,5,1,1,9000,48,1,1,148.1288155,1,2
31,2,36,5,2,1811,5,1,1,6000,48,1,1,152.6283782,1,2
31,2,39,8,1,2022,5,2,1,10000,40,1,1,152.6283782,1,2
31,2,39,8,1,2022,10,1,1,10000,40,1,1,152.6283782,1,2
31,2,28,8,1,3290,11,2,1,8600,48,1,1,152.6283782,1,2
31,2,27,8,1,1410,5,2,1,5000,48,1,1,152.6283782,1,2
31,2,27,8,1,1410,5,2,1,5000,48,1,1,152.6283782,1,2
31,1,47,5,2,2511,10,1,1,8000,48,1,1,148.1288155,1,2
31,2,40,4,2,1520,11,2,1,5000,48,1,1,152.6283782,1,2
31,2,47,5,2,1323,10,1,1,8000,48,1,1,152.6283782,1,2
31,1,31,5,2,2395,5,2,1,5000,48,1,1,148.1288155,1,2
31,1,43,8,1,1811,10,1,1,5000,40,1,1,148.1288155,1,2
31,1,41,4,5,3011,5,5,2,5500,48,1,1,131.7207986,1,2
31,1,42,4,5,3011,5,1,2,6200,48,1,1,131.7207986,1,2
31,2,35,6,1,1430,11,1,1,11000,54,1,1,135.7219512,1,2
31,1,22,4,2,2512,5,2,1,7200,52,1,1,172.3608806,1,2
31,2,34,5,2,1410,3,6,2,5500,48,1,1,135.7219512,1,2
31,1,26,5,7,2220,5,2,1,6600,56,1,1,131.7207986,1,2
31,1,26,5,7,2220,5,2,1,6500,56,1,1,131.7207986,1,2
31,2,39,4,2,1410,3,6,2,5200,52,1,1,135.7219512,1,2
31,2,30,5,3,1410,5,2,1,6000,60,1,1,144.3708784,1,2
31,1,30,5,7,3011,5,1,1,6000,48,1,1,140.114751,1,2
31,1,30,5,7,3011,5,1,1,6500,48,1,1,140.114751,1,2
31,1,51,4,1,3100,3,7,2,5500,56,1,1,140.114751,1,2
31,1,27,5,6,2640,11,3,1,5800,48,1,1,120.8902523,1,2
31,1,48,5,1,3315,5,1,1,9000,48,1,1,120.8902523,1,2
31,1,49,5,6,3315,5,1,1,5000,48,1,1,120.8902523,1,2
31,1,27,6,1,2640,11,3,1,6500,54,1,1,120.8902523,1,2
31,1,32,5,5,2220,5,3,1,5500,48,1,1,120.8902523,1,2
31,1,24,4,2,2511,3,6,2,5000,56,1,1,186.6450671,1,2
31,1,32,4,4,2511,3,6,2,5000,56,1,1,142.6369904,1,2
31,1,32,4,3,2511,3,6,2,5000,56,1,1,142.6369904,1,2
31,1,27,4,2,2511,3,6,2,2000,48,1,1,135.0900597,1,2
31,2,27,5,2,1430,5,2,1,6000,48,1,1,139.1935571,1,2
31,2,27,5,2,1410,5,1,1,6000,48,1,1,139.1935571,1,2
31,2,30,4,2,1430,3,6,2,4000,56,1,1,139.1935571,1,2
31,2,31,4,2,1430,3,6,2,4000,56,1,1,139.1935571,1,2
31,1,24,3,2,1812,3,6,2,3380,48,1,1,179.8730667,1,2
31,2,38,4,2,1512,5,2,1,6500,48,1,1,141.6372642,1,2
31,2,31,4,2,1410,5,1,2,4500,56,1,1,141.6372642,1,2
31,2,31,4,2,1410,5,2,2,4500,56,1,1,141.6372642,1,2
31,2,45,4,2,1410,3,6,2,3500,56,1,1,141.6372642,1,2
31,2,26,4,2,1520,5,2,1,4500,48,1,1,137.0186577,1,2
31,2,27,4,2,1410,3,6,2,5000,54,1,1,137.0186577,1,2
31,2,28,4,2,1410,3,6,2,3500,54,1,1,137.0186577,1,2
31,1,34,5,5,2220,11,2,1,7000,48,1,1,132.9792775,1,2
31,1,35,4,4,2610,5,2,1,7000,48,1,1,132.9792775,1,2
31,2,34,4,1,2220,11,2,1,4000,48,1,1,137.0186577,1,2
31,2,22,5,2,1410,5,2,1,6000,48,1,1,146.1647029,1,2
31,1,25,5,6,2013,5,3,1,6500,48,1,1,138.2284595,1,2
31,1,49,8,1,161,4,1,1,4000,56,1,1,138.2284595,1,2
31,1,49,8,1,161,4,1,1,5200,40,1,1,138.2284595,1,2
31,1,26,8,1,2220,5,2,2,7000,48,1,1,138.2284595,1,2
31,2,26,8,1,2220,5,2,2,7000,48,1,1,142.427289,1,2
31,2,33,4,2,1520,5,1,1,8000,48,1,1,142.427289,1,2
31,2,24,4,2,1420,5,2,1,10000,54,1,1,150.7323499,1,2
31,1,27,8,1,2651,5,2,1,9400,48,1,1,137.1348799,1,2
31,1,28,5,5,2410,11,2,1,8600,40,1,1,137.1348799,1,2
31,2,47,4,2,1410,3,6,2,5000,60,1,1,141.3004908,1,2
31,1,46,4,5,2910,5,2,2,8000,48,1,1,137.1348799,1,2
31,1,47,4,5,2910,5,2,2,3500,48,1,1,137.1348799,1,2
31,1,36,5,5,1520,5,2,1,13390,48,1,1,173.0332768,1,2
31,1,36,5,6,1520,5,2,1,13390,48,1,1,173.0332768,1,2
31,2,27,8,1,1520,11,2,1,6000,48,1,1,178.2893378,1,2
31,2,28,8,1,1520,11,2,1,6200,48,1,1,178.2893378,1,2
31,2,31,4,2,1410,11,2,1,4200,50,1,1,178.2893378,1,2
31,2,31,4,2,1410,5,2,1,4800,50,1,1,178.2893378,1,2
31,1,23,4,2,2220,11,2,1,4500,48,1,1,226.4195806,1,2
31,1,24,4,2,2220,5,2,1,4700,48,1,1,226.4195806,1,2
31,1,32,5,6,3011,10,1,1,3500,40,1,1,173.0332768,1,2
31,1,32,5,6,3011,10,1,1,5255,4,1,1,173.0332768,1,2
31,1,25,8,1,2630,11,4,2,9000,52,1,1,139.9781869,1,2
31,1,25,8,1,2630,11,3,2,8000,48,1,1,139.9781869,1,2
31,1,49,5,2,1511,11,2,1,12000,48,1,1,139.9781869,1,2
31,1,49,5,2,1511,11,2,1,13600,48,1,1,139.9781869,1,2
31,1,34,5,2,2592,3,6,2,6000,60,1,1,139.9781869,1,2
31,1,47,5,5,1329,5,2,1,7000,48,1,1,140.3670152,1,2
31,1,47,5,5,1511,5,2,1,12000,60,1,1,140.3670152,1,2
31,1,24,5,5,2512,5,2,2,6000,48,1,1,183.6747318,1,2
31,1,24,5,5,2512,5,2,2,6600,56,1,1,183.6747318,1,2
31,2,31,4,2,1520,11,2,1,5200,48,1,1,144.6308054,1,2
31,2,37,7,1,1410,5,2,1,8000,48,1,1,144.6308054,1,2
31,2,37,7,1,1410,5,2,1,5000,48,1,1,144.6308054,1,2
31,2,26,6,4,1430,11,2,1,5500,48,1,2,261.6997175,1,2
31,2,27,5,6,1410,11,2,1,5750,48,1,2,261.6997175,1,2
31,1,26,4,2,3315,5,3,2,4000,48,1,2,261.2018386,1,2
31,1,34,4,5,3011,5,2,1,10000,42,1,2,261.2018386,1,2
31,1,35,4,5,3315,5,2,1,9000,42,1,2,261.2018386,1,2
31,1,25,4,5,2511,3,6,2,5500,42,1,2,261.2018386,1,2
31,1,24,5,7,1410,11,2,1,5500,48,1,2,256.224708,1,2
31,2,31,7,1,1410,11,2,1,7000,50,1,2,245.1072877,1,2
31,1,28,5,6,3315,3,6,2,9000,54,1,2,239.2158119,1,2
31,1,27,5,7,3311,5,2,1,8500,40,1,2,234.1367431,1,2
31,2,23,8,1,2610,11,2,1,18800,48,1,2,307.8597305,1,2
31,2,23,8,1,2750,11,2,1,18000,50,1,2,307.8597305,1,2
31,1,29,4,6,2511,3,6,2,6000,50,1,2,234.1367431,1,2
31,1,32,4,5,3011,11,2,1,6500,44,1,2,234.1367431,1,2
31,1,27,5,7,2220,11,2,1,5000,48,1,2,234.1367431,1,2
31,2,33,3,2,2610,11,2,1,5700,48,1,2,278.2072462,1,2
31,2,33,4,2,2610,11,2,1,5700,48,1,2,278.2072462,1,2
31,1,38,5,7,2592,5,1,1,7500,48,1,2,277.677962,1,2
31,1,38,5,7,2592,5,1,1,6500,48,1,2,277.677962,1,2
31,2,31,4,2,2930,11,1,1,5200,52,1,2,278.2072462,1,2
31,2,31,4,2,2930,11,1,1,5200,48,1,2,278.2072462,1,2
31,2,35,4,2,1520,5,2,1,5300,48,1,2,278.2072462,1,2
31,2,35,4,2,1520,5,1,1,5200,48,1,2,278.2072462,1,2
31,1,28,5,2,2829,10,1,1,7200,48,1,2,277.677962,1,2
31,1,28,5,2,2829,11,1,1,5800,48,1,2,277.677962,1,2
31,2,24,5,2,3230,10,1,1,5400,48,1,2,365.1108383,1,2
31,2,24,5,2,3230,11,1,1,5200,48,1,2,365.1108383,1,2
31,2,30,5,2,2930,11,1,1,7900,48,1,2,278.2072462,1,2
31,2,30,5,2,2930,11,1,1,6700,48,1,2,278.2072462,1,2
31,1,31,5,7,2511,11,1,1,8300,48,1,2,277.677962,1,2
31,1,31,5,7,2511,11,1,1,8300,48,1,2,277.677962,1,2
31,2,37,3,2,1520,11,1,1,4500,48,1,2,278.2072462,1,2
31,2,38,3,2,1520,11,1,1,4600,48,1,2,278.2072462,1,2
31,1,40,7,2,2610,11,2,2,5600,48,1,2,277.677962,1,2
31,2,24,7,1,2610,11,2,1,6000,48,1,2,365.1108383,1,2
31,2,25,7,1,2610,11,2,1,6200,48,1,2,278.2072462,1,2
31,1,28,4,2,2511,3,6,2,8500,50,1,2,277.677962,1,2
31,1,28,4,2,2511,3,6,2,8500,50,1,2,277.677962,1,2
31,1,26,3,2,2511,3,6,2,8000,50,1,2,277.677962,1,2
31,1,26,3,2,2511,3,6,2,8000,50,1,2,277.677962,1,2
31,2,18,4,2,1520,11,2,1,6000,48,1,2,365.1108383,1,2
31,2,18,4,2,1520,11,2,1,6000,48,1,2,365.1108383,1,2
31,2,19,4,2,2610,11,2,1,6500,48,1,2,365.1108383,1,2
31,2,20,4,2,2610,11,2,1,6500,48,1,2,365.1108383,1,2
31,1,26,4,6,2610,11,2,1,6500,48,1,2,277.677962,1,2
31,1,27,4,6,2610,11,2,1,6000,48,1,2,277.677962,1,2
31,2,24,5,2,2610,11,2,1,7000,48,1,2,365.1108383,1,2
31,2,24,5,2,2610,11,2,1,7000,48,1,2,365.1108383,1,2
31,2,22,5,2,2930,11,2,1,7000,48,1,2,365.1108383,1,2
31,2,22,5,2,2930,11,2,1,7000,48,1,2,365.1108383,1,2
31,2,26,7,2,2930,11,2,1,5000,48,1,2,278.2072462,1,2
31,2,26,7,2,2930,11,2,1,6100,48,1,2,278.2072462,1,2
31,1,29,5,6,2790,11,2,1,8000,48,1,2,277.677962,1,2
31,1,29,5,6,2790,11,3,1,8000,48,1,2,277.677962,1,2
31,2,27,5,2,2220,11,2,1,6000,48,1,2,278.2072462,1,2
31,2,27,5,2,2220,11,3,1,6000,48,1,2,278.2072462,1,2
31,1,26,5,6,2610,11,2,1,8000,50,1,2,277.677962,1,2
31,2,22,5,2,2670,11,1,1,5300,50,1,2,365.1108383,1,2
31,2,22,5,2,2640,11,2,1,5300,50,1,2,365.1108383,1,2
31,2,18,5,2,2630,11,2,1,5700,48,1,2,365.1108383,1,2
31,2,19,5,2,2610,11,2,1,6100,50,1,2,365.1108383,1,2
31,1,18,5,2,2511,3,6,2,4000,50,1,2,290.8259934,1,2
31,2,32,4,2,2610,11,2,1,8400,48,1,2,278.2072462,1,2
31,2,32,4,2,2610,11,2,1,7900,48,1,2,278.2072462,1,2
31,1,31,6,2,2640,11,2,1,7600,48,1,2,277.677962,1,2
31,1,31,6,2,2640,11,2,1,6700,48,1,2,277.677962,1,2
31,1,25,4,2,2640,11,2,1,7200,48,1,2,277.677962,1,2
31,1,25,4,2,2640,11,2,1,6900,48,1,2,277.677962,1,2
31,1,39,4,3,2511,5,1,1,6000,48,1,2,254.6638918,1,2
31,1,39,4,2,2511,5,1,1,6700,50,1,2,254.6638918,1,2
31,2,39,4,2,2732,11,1,1,5200,50,1,2,255.1493087,1,2
31,2,40,4,2,2732,11,1,1,5500,54,1,2,255.1493087,1,2
31,1,23,8,2,2829,11,2,1,6300,48,1,2,266.7222086,1,2
31,2,42,4,2,2930,11,1,1,8200,48,1,2,255.1493087,1,2
31,2,43,4,2,2930,11,2,1,6500,48,1,2,255.1493087,1,2
31,1,31,5,2,2733,11,3,1,6200,48,1,2,254.6638918,1,2
31,1,33,4,2,2599,11,2,1,12000,40,1,2,254.6638918,1,2
31,1,33,4,2,2599,11,2,1,5800,48,1,2,254.6638918,1,2
31,1,39,3,2,2511,3,6,2,6500,50,1,2,254.6638918,1,2
31,1,39,3,2,2511,3,2,2,7500,52,1,2,254.6638918,1,2
31,2,36,3,2,2220,11,1,1,10000,48,1,2,255.1493087,1,2
31,2,37,3,2,2220,11,1,1,6800,48,1,2,255.1493087,1,2
31,1,24,5,2,2599,11,2,1,4900,48,1,2,266.7222086,1,2
31,1,26,5,7,2930,11,2,1,4800,48,1,2,254.6638918,1,2
31,1,23,5,2,2814,11,2,1,4600,48,1,2,266.7222086,1,2
31,2,51,5,2,1701,11,1,1,6500,48,1,2,255.1493087,1,2
31,2,51,5,2,1701,11,1,1,5800,48,1,2,255.1493087,1,2
31,1,25,5,2,1701,11,2,1,4500,48,1,2,254.6638918,1,2
31,1,26,5,2,1701,11,2,1,4900,48,1,2,254.6638918,1,2
31,2,28,7,2,2930,11,2,1,5600,48,1,2,255.1493087,1,2
31,2,28,7,1,2733,11,2,1,5700,48,1,2,255.1493087,1,2
31,1,29,5,6,2599,11,1,1,7500,48,1,2,254.6638918,1,2
31,1,29,5,6,2599,11,1,1,7500,40,1,2,254.6638918,1,2
31,2,23,5,2,3211,11,2,1,4800,48,1,2,334.8502932,1,2
31,1,26,8,1,2814,11,2,1,9000,48,1,2,254.6638918,1,2
31,1,26,8,1,2814,11,2,1,9000,48,1,2,254.6638918,1,2
31,2,23,8,1,2220,11,2,1,10000,48,1,2,334.8502932,1,2
31,2,24,8,1,2220,11,2,1,10000,48,1,2,334.8502932,1,2
31,1,24,4,2,2220,11,2,1,6000,48,1,2,266.7222086,1,2
31,1,24,5,2,2220,11,2,1,6000,48,1,2,266.7222086,1,2
31,1,39,5,6,2220,11,1,1,7800,40,1,2,254.6638918,1,2
31,1,39,5,6,2220,11,1,1,6900,40,1,2,254.6638918,1,2
31,2,38,4,2,2930,11,1,1,5500,40,1,2,255.1493087,1,2
31,2,38,4,2,2733,11,1,1,5700,40,1,2,255.1493087,1,2
31,2,30,4,2,2220,11,2,1,4000,48,1,2,255.1493087,1,2
31,2,30,4,2,2220,11,2,1,4700,48,1,2,255.1493087,1,2
31,2,34,3,2,2220,11,2,1,5500,48,1,2,255.1493087,1,2
31,2,34,4,2,2220,11,3,1,5500,48,1,2,255.1493087,1,2
31,1,30,5,2,2593,5,2,1,7600,48,1,2,254.6638918,1,2
31,2,29,5,2,2930,11,2,1,5600,48,1,2,255.1493087,1,2
31,1,31,5,2,2593,5,2,1,7200,48,1,2,254.6638918,1,2
31,2,29,5,2,2930,11,2,1,5600,48,1,2,255.1493087,1,2
31,1,26,5,2,2710,11,2,1,6200,48,1,2,254.6638918,1,2
31,1,26,5,2,2930,11,2,1,6200,48,1,2,254.6638918,1,2
31,2,24,5,2,2930,11,2,1,5800,48,1,2,334.8502932,1,2
31,2,24,5,2,2930,11,2,1,5800,48,1,2,334.8502932,1,2
31,2,43,5,5,3290,11,1,1,8200,48,1,2,252.0929973,1,2
31,2,44,5,5,3290,11,2,1,8200,48,1,2,252.0929973,1,2
31,2,27,5,7,2813,11,1,1,6500,48,1,2,252.0929973,1,2
31,2,27,5,7,2813,11,1,1,6500,48,1,2,252.0929973,1,2
31,1,27,5,2,2813,11,1,1,7000,48,1,2,251.613395,1,2
31,1,27,5,2,2813,11,1,1,7000,48,1,2,251.613395,1,2
31,1,36,8,1,2100,5,1,1,14000,48,1,2,251.613395,1,2
31,1,36,8,1,2100,5,1,1,11000,60,1,2,251.613395,1,2
31,2,47,5,2,1410,10,1,1,6300,48,1,2,252.0929973,1,2
31,2,47,5,2,1410,5,1,1,5100,48,1,2,252.0929973,1,2
31,1,43,5,2,2511,3,6,2,7600,48,1,2,251.613395,1,2
31,1,44,5,2,2511,3,6,2,8200,45,1,2,251.613395,1,2
31,2,42,5,2,1410,11,2,1,6500,48,1,2,252.0929973,1,2
31,2,42,5,2,1410,5,1,1,6300,48,1,2,252.0929973,1,2
31,1,17,4,1,2640,11,2,1,5200,48,1,2,263.527271,1,2
31,2,34,4,2,1520,5,2,1,5600,48,1,2,252.0929973,1,2
31,2,34,4,2,1520,5,1,1,6200,48,1,2,252.0929973,1,2
31,1,36,4,5,3011,10,1,1,7800,48,1,2,251.613395,1,2
31,1,37,4,5,3011,10,1,1,7800,48,1,2,251.613395,1,2
31,1,42,5,6,3011,10,1,1,6500,48,1,2,251.613395,1,2
31,1,43,5,6,3011,10,1,1,6500,48,1,2,251.613395,1,2
31,2,32,4,2,1410,11,2,1,5400,48,1,2,252.0929973,1,2
31,2,32,4,2,1410,11,2,1,5400,48,1,2,252.0929973,1,2
31,2,27,4,2,1410,5,2,1,4500,48,1,2,252.0929973,1,2
31,2,28,4,2,1410,5,2,1,6000,48,1,2,252.0929973,1,2
31,1,32,4,2,2220,5,1,1,6500,56,1,2,251.613395,1,2
31,1,33,4,2,2220,5,1,1,6100,50,1,2,251.613395,1,2
31,2,30,4,2,3240,5,1,1,5700,50,1,2,252.0929973,1,2
31,2,31,4,2,3240,5,1,1,7000,52,1,2,252.0929973,1,2
31,2,32,6,1,1050,5,2,1,5800,48,1,2,252.0929973,1,2
31,1,32,8,1,1520,5,1,1,9200,48,1,2,251.613395,1,2
31,2,34,8,1,2610,11,2,1,6900,48,1,2,252.0929973,1,2
31,2,34,8,2,2610,11,2,1,7000,40,1,2,252.0929973,1,2
31,1,37,5,6,3315,10,1,1,5700,48,1,2,251.613395,1,2
31,1,37,5,6,3315,10,1,1,5700,48,1,2,251.613395,1,2
31,1,37,5,6,3315,10,1,1,5800,48,1,2,260.3230894,1,2
31,2,25,4,2,2599,5,1,1,4500,48,1,2,260.8192933,1,2
31,2,25,4,2,1410,5,1,1,4800,44,1,2,260.8192933,1,2
31,2,43,8,2,2750,5,1,1,5100,44,1,2,260.8192933,1,2
31,2,43,8,2,2750,5,1,1,5000,48,1,2,260.8192933,1,2
31,2,26,5,2,1520,5,2,1,4800,48,1,2,260.8192933,1,2
31,2,26,5,2,1520,5,2,2,5500,50,1,2,260.8192933,1,2
31,1,56,4,2,2394,10,2,1,5500,40,1,2,260.3230894,1,2
31,1,56,4,2,2394,10,2,1,4000,40,1,2,260.3230894,1,2
31,2,31,3,2,1410,11,2,1,4800,48,1,2,260.8192933,1,2
31,2,31,3,2,1410,11,2,1,5000,48,1,2,260.8192933,1,2
31,1,37,5,6,3315,8,1,1,5800,48,1,2,260.3230894,1,2
31,2,28,4,2,1520,5,2,2,7300,48,1,2,260.8192933,1,2
31,1,24,4,2,1410,11,2,1,5800,48,1,2,272.6493688,1,2
31,2,26,4,2,1410,11,2,1,6200,48,1,2,260.8192933,1,2
31,2,26,5,2,1410,11,2,1,6700,48,1,2,260.8192933,1,2
31,1,45,4,5,3092,5,2,2,9000,48,1,2,260.3230894,1,2
31,1,46,4,5,3092,5,2,2,10000,50,1,2,260.3230894,1,2
31,1,27,4,5,2511,3,6,2,6000,60,1,2,260.3230894,1,2
31,1,28,4,2,2511,3,6,2,6500,50,1,2,260.3230894,1,2
31,1,31,4,5,3315,3,6,2,8000,60,1,2,260.3230894,1,2
31,1,32,4,5,3315,5,2,1,7500,48,1,2,260.3230894,1,2
31,2,31,5,2,2610,11,1,1,7000,48,1,2,260.8192933,1,2
31,2,32,5,2,2817,11,2,1,6800,50,1,2,260.8192933,1,2
31,2,34,4,2,1520,11,1,1,5200,48,1,2,260.8192933,1,2
31,2,35,3,2,1520,11,2,1,5500,48,1,2,260.8192933,1,2
31,1,24,8,1,2610,11,3,1,10000,48,1,1,167.1704703,1,2
31,1,24,8,1,2610,11,3,1,10000,48,1,1,167.1704703,1,2
31,1,32,5,7,3011,5,2,1,7200,54,1,1,127.7542083,1,2
31,1,32,5,7,3011,5,3,1,7300,54,1,1,127.7542083,1,2
31,1,38,5,7,3011,5,1,1,8600,48,1,2,285.6642751,1,2
31,1,39,5,7,3011,5,2,1,8400,52,1,2,285.6642751,1,2
31,1,33,5,6,2731,11,3,1,8000,56,1,2,285.6642751,1,2
31,2,33,8,1,1520,5,2,1,9000,48,1,2,286.2087821,1,2
31,2,33,8,1,1520,11,3,1,6200,48,1,2,286.2087821,1,2
31,1,29,5,7,2732,11,2,1,6800,48,1,2,226.0169458,1,2
31,1,29,5,7,2220,11,3,2,4800,56,1,2,226.0169458,1,2
31,1,27,5,7,2610,5,2,1,7000,48,1,2,226.0169458,1,2
31,1,24,8,2,2732,11,2,1,5000,54,1,2,236.7188318,1,2
31,1,24,8,1,2732,11,3,1,6500,48,1,2,236.7188318,1,2
31,1,46,4,6,3011,5,2,1,9200,48,1,2,226.0169458,1,2
31,1,46,5,6,3011,10,3,1,7500,54,1,2,226.0169458,1,2
31,1,26,5,7,2732,11,2,1,7500,48,1,2,226.0169458,1,2
31,2,30,4,2,1520,11,2,1,8000,48,1,2,258.157872,1,2
31,2,35,5,1,1520,11,2,1,6300,60,1,2,258.157872,1,2
31,1,28,8,1,2732,5,2,1,9300,48,1,2,257.6667313,1,2
31,1,39,5,6,2511,3,6,2,6300,48,1,2,257.6667313,1,2
31,1,39,5,6,2511,3,6,2,6700,48,1,2,257.6667313,1,2
31,2,27,4,1,1520,5,3,2,4700,60,1,2,258.157872,1,2
31,2,27,3,2,1311,5,2,2,6500,63,1,2,258.157872,1,2
31,2,27,3,2,1311,5,2,2,6350,62,1,2,258.157872,1,2
31,2,33,4,1,2733,11,2,1,5300,48,1,2,286.2299535,1,2
31,2,31,4,1,1520,5,2,1,5500,66,1,2,286.2299535,1,2
31,2,32,4,2,1520,5,2,1,8000,60,1,2,286.2299535,1,2
31,1,36,5,1,1410,5,2,1,4800,60,1,2,285.6854062,1,2
31,2,31,4,2,1410,5,2,1,4900,60,1,2,286.2299535,1,2
31,1,18,5,1,1812,5,6,2,4000,48,1,2,299.2125895,1,2
31,1,39,4,1,1410,5,2,1,9000,48,1,2,285.6854062,1,2
31,1,39,4,2,1410,5,2,1,9000,48,1,2,285.6854062,1,2
31,2,32,4,2,1410,11,2,1,5000,48,1,2,286.2299535,1,2
31,2,32,4,2,1410,5,2,1,6000,48,1,2,286.2299535,1,2
31,1,35,5,2,2511,3,6,2,7000,48,1,2,285.6854062,1,2
31,1,36,5,2,2511,3,6,2,9000,48,1,2,285.6854062,1,2
31,1,16,4,1,1520,3,2,2,4350,54,1,2,299.2125895,1,2
31,1,27,5,6,1520,5,2,1,5800,50,1,2,285.6854062,1,2
31,2,23,5,2,1520,5,2,1,6250,60,1,2,375.6395984,1,2
31,2,41,4,2,1520,5,2,2,5300,60,1,2,286.2299535,1,2
31,2,35,4,2,3240,5,2,1,6000,57,1,2,286.2299535,1,2
31,1,28,3,1,1520,5,2,2,5400,54,1,2,285.6854062,1,2
31,2,27,4,1,1520,5,2,1,6000,54,1,2,286.2299535,1,2
31,1,34,3,1,1702,5,2,1,6200,56,1,2,285.6854062,1,2
31,2,34,4,1,1520,5,2,1,8400,54,1,2,286.702124,1,2
31,2,35,4,2,1520,5,2,1,8000,66,1,2,286.702124,1,2
31,2,48,4,1,3240,5,2,1,8200,70,1,2,286.702124,1,2
31,1,26,8,1,2826,5,2,1,8200,48,1,2,286.1566784,1,2
31,2,25,4,2,1520,3,2,2,6000,48,1,2,286.702124,1,2
31,2,26,4,2,1410,5,2,1,5000,48,1,2,286.702124,1,2
31,2,42,3,1,1520,3,2,2,7000,48,1,2,286.702124,1,2
31,1,28,4,6,2220,5,2,1,7800,54,1,2,286.1566784,1,2
31,1,30,5,6,1520,5,2,1,6000,48,1,2,286.1566784,1,2
31,1,30,5,6,1520,5,2,1,7000,48,1,2,286.1566784,1,2
31,2,37,4,1,1410,5,3,2,4300,48,1,2,286.702124,1,2
31,1,31,8,1,3011,5,2,1,6000,48,1,1,122.4626139,1,2
31,1,31,8,1,3011,5,2,1,7000,52,1,1,122.4626139,1,2
31,1,23,5,7,1512,11,2,1,6500,48,1,1,160.2462497,1,2
31,2,32,6,1,2391,10,1,1,4800,40,1,1,126.1825398,1,2
31,2,32,6,1,2391,10,1,1,4800,40,1,1,126.1825398,1,2
31,2,40,4,2,1410,3,6,2,4000,48,1,1,126.1825398,1,2
31,2,44,3,2,1520,5,3,1,6200,48,1,2,249.4793241,1,2
31,2,32,5,2,1520,11,2,1,5800,52,1,2,249.4793241,1,2
31,2,32,5,2,1520,11,2,1,6500,56,1,2,249.4793241,1,2
31,1,45,5,6,2816,11,1,1,6500,48,1,2,249.0046942,1,2
31,1,45,5,6,2816,11,1,1,6300,48,1,2,249.0046942,1,2
31,2,33,4,1,2733,11,2,1,4600,48,1,2,249.4793241,1,2
31,2,44,4,2,1520,11,2,1,7500,48,1,2,249.4793241,1,2
31,1,26,5,2,1520,11,3,1,6500,48,1,2,249.0046942,1,2
31,1,26,5,2,1520,3,6,2,6000,48,1,2,249.0046942,1,2
31,2,26,5,2,1410,5,2,1,4200,48,1,2,249.4793241,1,2
31,2,27,5,2,1410,5,2,1,4500,48,1,2,249.4793241,1,2
31,2,37,5,2,1410,5,2,1,4800,48,1,2,249.4793241,1,2
31,2,37,3,2,1520,5,2,1,6200,56,1,2,262.6432045,1,2
31,2,37,3,2,1520,5,2,2,5800,56,1,2,262.6432045,1,2
31,2,49,4,2,1410,5,2,1,5500,52,1,2,264.7121186,1,2
31,1,31,5,6,3240,11,3,1,7200,58,1,2,299.9749507,1,2
31,1,31,5,6,3240,11,3,1,7000,48,1,2,299.9749507,1,2
31,2,31,4,2,2212,11,3,1,6500,56,1,2,300.5467354,1,2
31,2,31,4,2,2212,11,3,1,6700,48,1,2,300.5467354,1,2
31,1,31,3,2,2395,3,6,2,6500,56,1,2,299.9749507,1,2
31,1,31,3,2,2395,3,6,2,6700,56,1,2,299.9749507,1,2
31,2,31,4,2,1520,3,6,2,4000,48,1,2,300.5467354,1,2
31,2,31,4,2,1520,5,3,1,4500,54,1,2,300.5467354,1,2
31,1,30,4,1,2410,5,2,1,5400,50,1,2,299.9749507,1,2
31,1,31,4,2,2410,5,2,1,5900,48,1,2,299.9749507,1,2
31,2,25,5,2,1410,11,2,1,4200,54,1,2,300.5467354,1,2
31,2,26,5,2,1410,11,2,1,4000,50,1,2,300.5467354,1,2
31,2,43,4,2,3240,11,2,1,4750,48,1,2,300.5467354,1,2
31,2,21,5,2,3240,11,2,1,4200,48,1,2,394.4285132,1,2
31,2,22,5,2,3240,11,3,1,4000,50,1,2,394.4285132,1,2
31,1,38,4,5,1702,11,2,1,6800,54,1,2,299.9749507,1,2
31,1,38,4,2,1702,11,3,1,7000,54,1,2,299.9749507,1,2
31,2,33,4,2,3240,11,2,1,5200,52,1,2,300.5467354,1,2
31,1,28,5,2,3240,11,3,1,5000,54,1,2,299.9749507,1,2
31,1,27,5,2,3240,11,2,1,4700,52,1,2,299.9749507,1,2
31,2,34,4,2,3240,11,3,1,5300,55,1,2,300.5467354,1,2
31,2,26,7,1,1410,5,3,1,5500,48,1,2,300.5467354,1,2
31,2,43,4,2,3240,11,3,1,5600,48,1,2,300.5467354,1,2
31,2,43,4,2,3240,11,3,1,5176,48,1,2,300.5467354,1,2
31,2,32,4,2,3240,11,2,1,5500,48,1,2,300.5467354,1,2
31,2,33,4,1,3240,11,3,1,5250,50,1,2,300.5467354,1,2
31,2,42,3,2,3240,11,2,1,6500,54,1,2,300.5467354,1,2
31,2,43,3,2,3240,11,3,1,5250,48,1,2,300.5467354,1,2
31,2,42,4,2,3240,11,2,1,6870,54,1,2,258.358734,1,2
31,2,33,4,2,1410,5,3,2,4250,50,1,2,258.358734,1,2
31,2,33,4,2,1410,5,2,2,4200,48,1,2,258.358734,1,2
31,2,41,4,2,1520,5,2,1,4480,52,1,2,258.358734,1,2
31,2,41,4,2,3240,11,2,1,4850,56,1,2,258.358734,1,2
31,2,37,4,2,3240,11,2,1,6200,55,1,2,258.358734,1,2
31,2,42,4,2,3240,11,2,1,6400,60,1,2,258.358734,1,2
31,1,40,4,2,2750,11,2,1,8230,48,1,2,257.8672112,1,2
31,1,40,4,2,2750,11,3,1,7950,48,1,2,257.8672112,1,2
31,2,35,4,2,1410,5,2,1,6300,48,1,2,258.358734,1,2
31,2,36,4,2,1410,5,3,1,6020,54,1,2,258.358734,1,2
31,2,29,7,1,3240,11,3,1,7800,60,1,2,258.358734,1,2
31,1,38,4,2,1410,5,3,1,7050,48,1,2,257.8672112,1,2
31,2,38,5,2,3240,11,2,1,4800,52,1,2,258.358734,1,2
31,2,39,5,2,3240,11,3,1,4820,48,1,2,258.358734,1,2
31,2,31,5,2,1520,5,2,1,11000,60,1,2,258.358734,1,2
31,2,25,4,2,1410,10,2,1,9400,54,1,2,258.358734,1,2
31,1,45,4,2,1622,3,6,2,5000,48,1,2,259.0407096,1,2
31,1,45,4,2,1622,3,6,2,5000,48,1,2,259.0407096,1,2
31,2,44,5,2,1520,5,2,2,5250,54,1,2,259.5344692,1,2
31,2,45,5,2,1520,5,3,2,5320,54,1,2,259.5344692,1,2
31,1,26,7,2,1410,5,3,1,6500,56,1,2,259.0407096,1,2
31,1,26,7,1,1410,11,3,1,6800,56,1,2,259.0407096,1,2
31,2,23,5,2,1410,5,3,1,5500,58,1,2,340.6052463,1,2
31,1,29,3,2,1622,3,6,2,7000,52,1,2,259.0407096,1,2
31,1,30,4,2,1520,5,2,1,5400,60,1,2,259.0407096,1,2
31,1,30,4,2,1520,5,2,1,6430,60,1,2,259.0407096,1,2
31,2,37,4,1,3240,5,2,2,5200,58,1,2,259.5344692,1,2
31,2,37,4,2,3240,5,3,2,5200,58,1,2,259.5344692,1,2
31,2,44,1,1,1520,5,3,1,4500,56,1,2,259.5344692,1,2
31,2,40,4,1,1520,5,3,1,4950,54,1,2,259.5344692,1,2
31,2,41,3,1,1520,5,2,1,4950,48,1,2,259.5344692,1,2
31,2,34,4,2,1520,5,2,1,5200,48,1,2,259.5344692,1,2
31,2,32,5,2,1410,5,3,1,4500,54,1,2,259.5344692,1,2
31,2,32,5,2,1410,5,2,1,4500,54,1,2,259.5344692,1,2
31,2,44,4,2,3240,5,2,2,5350,60,1,2,259.5344692,1,2
31,1,22,5,7,2910,5,1,1,11000,48,1,2,298.6340283,1,2
31,1,31,5,2,2599,3,6,2,6000,40,1,2,285.1330013,1,2
31,1,49,3,2,3100,3,6,2,5800,38,1,2,285.1330013,1,2
33,2,28,8,1,2710,11,1,1,6800,68,1,1,17.11922547,1,2
33,2,29,8,2,2630,5,1,1,6800,65,1,1,17.11922547,1,2
33,2,38,8,1,1410,5,1,1,7400,67,1,1,17.11922547,1,2
33,2,39,8,1,1410,5,1,1,7400,67,1,1,17.11922547,1,2
33,1,35,5,7,1410,5,1,1,8800,59,1,1,11.04572238,1,2
33,1,36,5,7,1410,5,1,1,9000,48,1,1,11.04572238,1,2
33,2,46,5,3,1702,5,2,1,3500,58,1,1,10.98668397,1,2
33,2,44,4,2,1410,5,1,1,5050,55,1,1,10.98668397,1,2
33,2,45,4,2,1410,5,1,1,5400,61,1,1,10.98668397,1,2
33,1,45,4,3,2511,4,6,2,4500,58,1,1,11.04572238,1,2
33,2,55,4,2,1410,5,2,2,7030,62,1,1,9.126157551,1,2
33,2,55,4,2,1410,5,2,2,7000,59,1,1,9.126157551,1,2
33,1,46,4,3,2599,4,5,2,4500,56,1,1,11.04572238,1,2
33,1,36,8,1,2220,5,1,1,25000,56,1,1,13.93517543,1,2
33,1,38,5,6,2930,4,6,2,5000,60,1,1,15.99005762,1,2
33,2,54,5,2,1410,4,1,1,2000,54,1,1,15.90459217,1,2
33,2,21,5,2,1410,10,1,1,3500,54,1,1,24.49581087,1,2
33,2,31,6,1,1410,5,1,1,9000,48,1,1,15.90459217,1,2
33,2,32,6,1,1410,5,1,1,9000,58,1,1,15.90459217,1,2
33,1,29,5,3,2220,5,2,2,4000,56,1,2,24.23411443,1,2
33,1,30,5,3,2220,5,2,2,4500,63,1,2,24.23411443,1,2
33,2,36,4,1,1410,5,1,1,5000,63,1,2,23.74457193,1,2
33,2,36,4,3,1410,5,1,1,5500,63,1,2,23.74457193,1,2
33,2,15,4,3,1410,5,2,2,3500,63,1,2,26.62487301,1,2
33,2,25,4,3,1410,5,2,1,5000,63,1,2,23.74457193,1,2
33,2,26,4,3,1410,5,1,1,5500,63,1,2,23.74457193,1,2
33,1,24,5,3,1410,5,1,1,5000,63,1,2,24.71134345,1,2
33,1,24,5,1,1410,5,1,1,5500,63,1,2,24.71134345,1,2
33,2,21,4,3,1410,5,1,1,5200,63,1,2,26.62487301,1,2
33,2,22,4,1,1410,5,1,1,5000,63,1,2,26.62487301,1,2
33,2,24,4,3,1410,5,1,1,4000,63,1,2,26.62487301,1,2
33,2,25,4,3,1410,5,1,1,4200,63,1,2,23.74457193,1,2
33,2,26,8,3,3212,5,2,2,3000,56,1,2,23.74457193,1,2
33,2,26,8,3,3212,5,2,2,3500,56,1,2,23.74457193,1,2
33,1,22,4,3,1410,5,2,1,4000,63,1,2,24.71134345,1,2
33,1,22,4,3,1410,5,2,2,4500,63,1,2,24.71134345,1,2
33,1,24,5,3,1702,5,2,2,13420,63,1,2,24.71134345,1,2
33,1,24,5,3,1702,5,2,1,12400,63,1,2,24.71134345,1,2
33,1,30,5,6,2220,5,1,1,6000,56,1,2,24.23411443,1,2
33,1,30,5,6,2220,5,1,1,6000,63,1,2,24.23411443,1,2
33,2,26,4,3,1410,5,1,1,5000,63,1,2,23.74457193,1,2
33,2,26,4,3,1410,5,1,1,5000,63,1,2,23.74457193,1,2
33,1,30,8,1,2220,5,1,1,15000,63,1,2,24.23411443,1,2
33,1,30,8,1,2220,5,1,1,15000,56,1,2,24.23411443,1,2
33,2,30,5,7,1410,5,1,1,10000,63,1,2,23.74457193,1,2
33,2,30,5,7,1410,5,1,1,10000,63,1,2,23.74457193,1,2
33,1,21,5,3,1410,3,2,2,4000,63,1,2,24.71134345,1,2
33,1,22,5,3,1410,5,5,2,5400,63,1,2,24.71134345,1,2
33,2,33,4,3,1410,5,2,1,5000,63,1,2,23.74457193,1,2
33,2,34,4,3,1410,5,2,1,5420,63,1,2,23.74457193,1,2
33,2,30,6,3,1410,5,2,1,5420,63,1,2,23.74457193,1,2
33,2,30,6,3,1410,5,1,1,5400,63,1,2,23.74457193,1,2
33,2,41,4,3,1410,5,1,1,6420,63,1,2,23.74457193,1,2
33,2,41,4,3,1410,5,1,1,6400,63,1,2,23.74457193,1,2
33,1,17,4,3,1410,5,1,1,4500,63,1,2,24.71134345,1,2
33,1,18,4,3,1410,5,1,1,5420,63,1,2,24.71134345,1,2
33,2,36,5,3,1410,5,1,1,5450,63,1,2,23.74457193,1,2
33,2,36,5,3,1410,5,1,1,5420,63,1,2,23.74457193,1,2
33,2,26,8,1,2610,5,1,1,6500,56,1,2,23.55330036,1,2
33,2,24,7,1,1410,5,3,2,4000,56,1,2,26.41039952,1,2
33,2,24,7,4,1410,11,3,2,4000,63,1,2,26.41039952,1,2
33,1,20,5,3,1410,5,1,1,19000,63,1,2,24.51228417,1,2
33,1,20,5,3,1410,5,2,1,5000,63,1,2,24.51228417,1,2
33,2,38,4,3,1410,3,2,2,4000,56,1,2,23.55330036,1,2
33,2,38,4,3,1410,3,6,2,4000,48,1,2,23.55330036,1,2
33,1,25,5,3,1702,5,2,2,6000,63,1,2,24.03889941,1,2
33,1,25,5,3,1702,5,2,1,4000,56,1,2,24.03889941,1,2
33,2,35,4,3,1410,5,1,1,6000,63,1,2,23.55330036,1,2
33,2,35,4,3,1410,5,1,1,6000,63,1,2,23.55330036,1,2
33,1,22,4,3,1410,5,2,1,4450,63,1,2,24.51228417,1,2
33,1,22,4,3,1410,5,1,1,5000,63,1,2,24.51228417,1,2
33,2,19,4,3,1410,5,2,1,4000,63,1,2,26.41039952,1,2
33,2,20,4,3,1410,5,1,1,5500,63,1,2,26.41039952,1,2
33,2,38,5,3,1410,5,1,1,6250,63,1,2,23.55330036,1,2
33,2,38,5,3,1410,5,1,1,5840,63,1,2,23.55330036,1,2
33,2,37,5,3,1410,5,1,1,5000,63,1,2,145.7714947,1,2
33,2,37,5,3,1410,5,1,1,5420,63,1,2,145.7714947,1,2
33,2,31,5,3,1410,5,1,1,5000,63,1,2,145.7714947,1,2
33,2,31,5,3,1410,5,1,1,5420,63,1,2,145.7714947,1,2
33,2,32,5,3,1410,5,1,1,5000,63,1,2,145.7714947,1,2
33,2,32,5,3,1410,5,1,1,5450,63,1,2,145.7714947,1,2
33,1,44,4,3,2392,5,2,2,4000,63,1,2,148.7768697,1,2
33,2,37,2,3,1410,5,2,1,4000,63,1,2,145.7714947,1,2
33,2,37,2,3,1410,5,1,1,4500,63,1,2,145.7714947,1,2
33,2,49,4,3,2392,5,1,2,5000,63,1,2,145.7714947,1,2
33,2,36,4,1,2920,5,1,1,7500,56,1,2,145.7714947,1,2
33,2,37,4,3,2212,5,1,1,7500,63,1,2,145.7714947,1,2
33,1,31,5,5,1410,5,2,1,4000,63,1,2,148.7768697,1,2
33,1,32,5,5,1410,5,2,1,5000,63,1,2,148.7768697,1,2
33,2,27,5,3,1410,5,1,2,4500,63,1,2,145.7714947,1,2
33,1,18,4,3,1410,5,2,2,2500,63,1,2,151.7066503,1,2
33,1,35,5,3,1410,5,1,1,5300,63,1,2,148.7768697,1,2
33,1,35,5,3,1410,5,1,1,4500,63,1,2,148.7768697,1,2
33,2,32,4,3,1520,5,1,1,6200,63,1,2,145.7714947,1,2
33,2,33,4,3,1520,5,1,1,6000,63,1,2,145.7714947,1,2
33,2,55,5,2,1702,5,2,1,7000,60,1,1,80.50717734,1,2
33,2,55,5,2,1702,5,2,1,7300,60,1,1,80.50717734,1,2
33,1,57,5,2,1702,5,2,1,7000,60,1,1,97.44078225,1,2
33,1,57,5,2,1702,5,2,1,7300,60,1,1,97.44078225,1,2
33,2,22,5,2,2220,5,2,1,5200,48,1,1,149.2734442,1,2
33,2,22,5,3,1104,5,2,1,5200,48,1,1,149.2734442,1,2
33,2,36,5,2,2100,5,2,1,5800,48,1,1,96.91996984,1,2
33,2,37,5,2,2100,5,2,1,8200,48,1,1,96.91996984,1,2
33,1,18,3,2,2220,3,6,2,7000,60,1,1,171.9784034,1,2
33,1,19,4,2,2220,3,6,2,7000,60,1,1,171.9784034,1,2
33,1,58,6,1,161,4,1,2,2500,40,1,1,97.44078225,1,2
33,1,59,6,2,161,5,2,1,3000,40,1,1,97.44078225,1,2
33,2,25,5,2,1702,5,2,1,6000,48,1,1,15.42982822,1,2
33,2,34,3,2,2220,5,2,2,5800,48,1,1,15.42982822,1,2
33,2,35,3,2,2220,5,2,1,5800,48,1,1,15.42982822,1,2
33,1,29,3,2,2220,5,2,2,5800,48,1,1,15.51274246,1,2
33,1,30,3,2,2220,5,2,1,6000,48,1,1,15.51274246,1,2
33,2,26,5,2,1702,5,2,1,5400,48,1,1,15.42982822,1,2
33,2,23,5,2,2220,5,2,1,6800,70,1,1,23.76459264,1,2
33,2,23,5,2,2220,5,2,1,7000,70,1,1,23.76459264,1,2
33,1,20,4,1,2930,5,2,2,4800,48,1,1,27.37926174,1,2
33,1,20,4,2,2910,5,2,1,5000,48,1,1,27.37926174,1,2
33,1,29,7,2,1702,5,2,1,6900,48,1,1,15.51274246,1,2
33,1,30,7,2,1702,5,2,1,7000,48,1,1,15.51274246,1,2
33,1,55,4,2,2410,5,2,1,8900,48,1,1,15.51274246,1,2
33,1,55,4,2,2410,5,2,1,9000,48,1,1,15.51274246,1,2
33,1,20,5,5,1020,5,2,1,7000,48,1,1,27.37926174,1,2
33,1,20,5,5,1020,5,2,1,7000,48,1,1,27.37926174,1,2
33,2,23,7,1,2220,5,6,2,4000,48,1,1,23.76459264,1,2
33,2,23,7,1,2220,5,6,2,4000,48,1,1,23.76459264,1,2
33,1,30,5,6,2410,5,2,1,8000,48,1,1,15.51274246,1,2
33,1,30,5,6,2511,5,2,1,8200,48,1,1,15.51274246,1,2
33,1,37,3,2,2022,5,2,1,7000,48,1,1,15.51274246,1,2
33,1,38,3,2,2022,5,2,1,7000,48,1,1,15.51274246,1,2
33,2,34,3,2,1702,5,2,1,6500,56,1,1,15.42982822,1,2
33,2,34,3,2,1702,5,2,1,6500,56,1,1,15.42982822,1,2
33,1,37,4,2,1702,5,2,1,6500,56,1,1,15.51274246,1,2
33,1,37,3,2,1702,5,2,1,6200,56,1,1,15.51274246,1,2
33,2,34,3,2,1702,5,2,1,6200,56,1,1,15.42982822,1,2
33,2,34,3,2,1702,5,2,1,6200,56,1,1,15.42982822,1,2
33,2,21,7,1,2710,5,2,1,4900,48,1,1,23.76459264,1,2
33,2,22,7,1,2710,5,2,1,5200,48,1,1,23.76459264,1,2
33,1,27,5,2,1702,5,2,1,7200,48,1,1,15.51274246,1,2
33,1,28,5,2,1702,5,2,1,7200,56,1,1,15.51274246,1,2
33,2,53,5,2,1410,11,2,1,3500,56,1,1,15.42982822,1,2
33,2,54,5,2,1410,11,2,1,4000,56,1,1,15.42982822,1,2
33,2,29,4,2,2220,3,6,2,6100,56,1,1,15.42982822,1,2
33,1,26,5,2,2220,3,6,2,7800,60,1,1,15.51274246,1,2
33,1,28,5,2,2022,5,2,1,6200,48,1,1,15.51274246,1,2
33,1,29,5,2,2022,5,2,2,6200,48,1,1,15.51274246,1,2
33,1,25,4,2,2220,3,6,2,7000,77,1,1,15.51274246,1,2
33,1,26,4,2,2220,3,6,2,7200,77,1,1,15.51274246,1,2
33,2,23,4,2,2220,3,6,2,5600,77,1,1,23.76459264,1,2
33,2,24,4,2,2220,3,6,2,5600,77,1,1,23.76459264,1,2
33,1,40,7,1,2392,5,2,1,5500,48,1,1,13.74546801,1,2
33,1,40,7,1,2395,5,2,1,5500,48,1,1,13.74546801,1,2
33,2,34,5,2,2930,11,2,1,3900,40,1,1,13.67199969,1,2
33,2,34,5,2,2733,11,2,1,4800,48,1,1,13.67199969,1,2
33,1,49,4,2,1020,5,2,1,5700,51,1,1,13.74546801,1,2
33,2,47,4,2,1020,5,2,1,5500,48,1,1,13.67199969,1,2
33,2,47,5,2,1702,5,2,1,7000,62,1,1,13.67199969,1,2
33,1,33,6,1,2395,5,2,1,7000,48,1,1,13.74546801,1,2
33,1,33,6,1,2395,5,2,1,6200,48,1,1,13.74546801,1,2
33,2,20,5,1,2610,11,2,1,6000,48,1,1,21.05723398,1,2
33,2,20,5,2,2610,11,2,1,6100,48,1,1,21.05723398,1,2
33,2,34,6,1,2930,11,2,1,5000,48,1,1,13.67199969,1,2
33,2,34,6,1,2930,11,2,1,5000,48,1,1,13.67199969,1,2
33,1,51,5,1,2395,5,2,2,6000,56,1,1,13.74546801,1,2
33,2,47,5,2,2392,10,2,2,3500,40,1,1,13.67199969,1,2
33,2,23,8,1,2395,5,2,2,6000,56,1,1,21.05723398,1,2
33,2,23,8,1,2395,5,2,1,6000,56,1,1,21.05723398,1,2
33,1,49,5,2,2593,11,2,1,15000,63,1,1,13.74546801,1,2
33,1,49,5,2,2593,11,2,1,14500,63,1,1,13.74546801,1,2
33,2,48,4,2,1020,5,2,1,8000,60,1,1,13.67199969,1,2
33,2,48,4,2,1020,5,2,1,8000,60,1,1,13.67199969,1,2
33,2,35,5,2,1702,5,2,1,5800,48,1,1,13.67199969,1,2
33,2,35,5,2,1702,5,2,1,5300,48,1,1,13.67199969,1,2
33,2,25,8,1,1702,5,2,1,5800,48,1,1,13.67199969,1,2
33,2,25,8,1,1702,5,2,1,5800,48,1,1,13.67199969,1,2
33,1,30,5,7,1020,5,2,1,8900,63,1,1,13.74546801,1,2
33,1,30,5,7,1020,5,2,1,8900,63,1,1,13.74546801,1,2
33,2,27,5,6,1020,5,2,1,5300,48,1,1,13.67199969,1,2
33,2,27,5,6,1020,5,2,1,5300,48,1,1,13.67199969,1,2
33,1,27,5,7,1020,5,2,1,6400,63,1,1,13.74546801,1,2
33,1,27,5,7,1020,5,2,1,6400,63,1,1,13.74546801,1,2
33,1,21,4,2,1020,5,2,1,6200,63,1,1,24.26010534,1,2
33,1,32,4,2,1020,5,3,1,6500,63,1,1,13.74546801,1,2
33,1,32,4,2,1020,5,2,1,6500,60,1,1,13.74546801,1,2
33,2,29,4,2,1020,5,3,1,6200,63,1,1,13.67199969,1,2
33,2,30,4,2,1020,5,2,1,6200,60,1,1,13.67199969,1,2
33,1,33,6,1,1020,5,2,1,8000,52,1,1,13.74546801,1,2
33,1,33,5,6,1020,5,2,1,8000,52,1,1,13.74546801,1,2
33,2,31,8,1,1020,5,2,1,10000,60,1,1,13.67199969,1,2
33,2,31,8,2,1020,5,2,1,10000,60,1,1,13.67199969,1,2
33,1,33,8,1,1020,5,2,1,12000,48,1,1,13.74546801,1,2
33,1,33,5,7,1020,5,2,1,12000,48,1,1,13.74546801,1,2
33,1,36,6,1,1020,5,2,1,6000,38,1,1,13.74546801,1,2
33,1,36,6,2,1020,5,2,1,6200,33,1,1,13.74546801,1,2
33,2,32,8,1,1020,5,2,1,11000,48,1,1,13.67199969,1,2
33,2,32,8,1,1020,5,2,1,11000,48,1,1,13.67199969,1,2
33,1,30,7,1,1020,5,2,1,7800,56,1,1,13.74546801,1,2
33,1,31,5,7,1020,5,2,1,7800,63,1,1,13.74546801,1,2
33,1,23,5,2,1020,5,2,1,6000,57,1,1,24.26010534,1,2
33,1,23,5,2,1010,5,2,1,6000,60,1,1,24.26010534,1,2
33,1,27,5,2,1020,5,2,1,6500,40,1,1,13.74546801,1,2
33,1,27,5,2,1020,5,2,1,6500,33,1,1,13.74546801,1,2
33,1,25,5,2,1020,5,2,1,6000,57,1,1,13.74546801,1,2
33,1,25,5,2,1020,5,2,1,6000,60,1,1,13.74546801,1,2
33,1,29,5,2,1020,5,2,1,7000,57,1,1,13.74546801,1,2
33,1,29,5,2,1020,5,2,1,7000,63,1,1,13.74546801,1,2
33,1,23,5,2,1020,5,2,1,6000,57,1,1,24.26010534,1,2
33,1,23,5,2,1020,5,2,1,6000,63,1,1,24.26010534,1,2
33,1,24,5,2,1020,5,2,1,6500,57,1,1,24.26010534,1,2
33,1,24,5,2,1020,5,2,1,6500,63,1,1,24.26010534,1,2
33,1,26,5,2,1020,5,2,1,6800,57,1,1,13.74546801,1,2
33,1,26,5,2,1020,5,2,1,6800,57,1,1,13.74546801,1,2
33,1,25,5,2,1020,5,2,1,6000,57,1,1,13.74546801,1,2
33,1,25,5,2,1020,5,2,1,6000,63,1,1,13.74546801,1,2
33,1,23,5,2,1020,5,2,1,6000,57,1,1,24.26010534,1,2
33,1,24,5,2,1020,5,2,1,6000,57,1,1,24.26010534,1,2
33,1,24,5,2,1020,5,2,1,6900,57,1,1,24.26010534,1,2
33,1,24,5,2,1020,5,2,1,6900,63,1,1,24.26010534,1,2
33,1,24,5,2,1020,5,2,1,6300,57,1,1,24.26010534,1,2
33,1,24,5,2,1020,5,2,1,6500,63,1,1,24.26010534,1,2
33,1,23,5,2,1020,5,2,1,6000,57,1,1,24.26010534,1,2
33,1,24,5,2,1020,5,2,1,6000,63,1,1,24.26010534,1,2
33,1,24,5,2,1020,5,2,1,6500,57,1,1,24.26010534,1,2
33,1,24,5,2,1020,5,2,1,6500,63,1,1,24.26010534,1,2
33,1,25,5,2,1020,5,2,1,6200,57,1,1,13.74546801,1,2
33,1,26,5,2,1020,5,2,1,6200,63,1,1,13.74546801,1,2
33,1,22,5,2,1020,5,2,1,5800,57,1,1,24.26010534,1,2
33,1,22,5,2,1020,5,2,1,5800,63,1,1,24.26010534,1,2
33,1,22,5,2,1020,5,2,1,6000,57,1,1,24.26010534,1,2
33,1,22,5,2,1020,5,2,1,6000,63,1,1,24.26010534,1,2
33,1,25,5,2,1020,5,2,1,6200,57,1,1,13.74546801,1,2
33,1,25,5,2,1020,5,2,1,6200,63,1,1,13.74546801,1,2
33,1,23,5,2,1020,5,2,1,6000,57,1,1,24.26010534,1,2
33,1,23,5,2,1020,5,2,1,6000,63,1,1,24.26010534,1,2
33,2,22,8,1,1020,5,2,1,9000,48,1,1,21.05723398,1,2
33,2,22,8,2,1020,5,2,1,9000,63,1,1,21.05723398,1,2
33,2,24,8,1,1020,5,2,1,9000,48,1,1,21.05723398,1,2
33,2,24,8,2,1020,5,2,1,9000,63,1,1,21.05723398,1,2
33,2,25,8,1,1020,5,2,1,11000,48,1,1,13.67199969,1,2
33,2,25,8,2,1020,5,2,1,11000,63,1,1,13.67199969,1,2
33,2,29,6,1,1020,5,2,1,6500,48,1,1,13.67199969,1,2
33,2,29,8,2,1020,5,2,1,8500,60,1,1,13.67199969,1,2
33,2,29,8,1,1020,5,2,1,7000,48,1,1,13.67199969,1,2
33,2,29,6,1,1020,5,2,1,6500,48,1,1,13.67199969,1,2
33,2,31,7,1,2220,5,2,1,13000,48,1,2,149.0258981,1,2
33,2,27,5,2,1410,11,2,1,6400,60,1,2,149.0258981,1,2
33,2,28,5,2,1410,11,2,1,6400,60,1,2,149.0258981,1,2
33,2,33,4,2,1520,11,2,1,6700,60,1,2,149.0258981,1,2
33,2,33,4,2,1520,11,2,1,6200,60,1,2,149.0258981,1,2
33,1,36,5,2,2022,5,2,1,10500,48,1,2,152.0983692,1,2
33,1,36,5,4,2022,11,2,1,10600,48,1,2,152.0983692,1,2
33,2,31,5,2,2680,11,2,1,13300,60,1,2,149.0258981,1,2
33,2,31,5,2,2640,11,2,1,13300,60,1,2,149.0258981,1,2
33,2,29,4,2,2599,5,2,1,5760,48,1,2,149.0258981,1,2
33,1,24,5,5,2599,3,6,2,6400,48,1,2,155.0935583,1,2
33,1,24,5,2,2599,5,6,2,6500,48,1,2,155.0935583,1,2
33,1,24,4,5,2620,11,3,1,5600,48,1,2,155.0935583,1,2
33,1,25,4,5,2620,11,2,1,5700,48,1,2,152.0983692,1,2
33,2,31,4,2,2420,11,2,1,6000,63,1,2,149.0258981,1,2
33,2,31,4,2,2511,5,2,1,6500,63,1,2,149.0258981,1,2
33,2,24,4,2,2593,11,3,1,5500,56,1,2,167.1032699,1,2
33,2,24,4,2,2599,11,2,1,5700,56,1,2,167.1032699,1,2
33,2,42,4,2,2593,11,2,1,5200,48,1,2,149.0258981,1,2
33,2,42,4,2,2599,11,2,1,5400,48,1,2,149.0258981,1,2
33,2,39,4,2,2220,5,2,1,5500,48,1,2,149.0258981,1,2
33,2,40,4,2,1709,5,2,1,5700,48,1,2,149.0258981,1,2
33,2,28,5,2,1410,5,2,1,5000,48,1,2,149.0258981,1,2
33,2,29,5,2,1410,5,2,1,5200,48,1,2,149.0258981,1,2
33,2,30,4,2,2420,11,2,1,6800,63,1,2,149.0258981,1,2
33,2,30,4,2,2511,11,2,1,6300,63,1,2,149.0258981,1,2
33,2,38,4,2,2640,11,2,1,5400,48,1,2,149.0258981,1,2
33,2,39,4,2,2640,11,2,1,5600,48,1,2,149.0258981,1,2
33,2,42,4,2,1709,5,2,1,4900,48,1,2,149.0258981,1,2
33,2,43,4,2,2220,5,2,1,5400,48,1,2,149.0258981,1,2
33,1,43,4,2,2930,11,2,1,9600,54,1,2,152.0983692,1,2
33,1,43,4,2,2930,11,2,1,10100,54,1,2,152.0983692,1,2
33,2,40,4,2,1410,11,2,1,8500,53,1,2,149.0258981,1,2
33,2,40,4,2,1410,11,2,1,9000,53,1,2,149.0258981,1,2
33,1,28,5,2,3091,5,2,1,5800,48,1,2,138.1685289,1,2
33,2,22,5,2,2930,5,2,1,5500,48,1,2,151.7992146,1,2
33,2,33,4,2,2610,5,2,1,5500,50,1,2,135.3774483,1,2
33,1,37,8,1,2100,5,2,1,7000,48,1,2,138.1685289,1,2
33,2,24,8,1,2819,5,2,1,6000,48,1,2,151.7992146,1,2
33,2,35,6,1,2100,5,2,1,6500,48,1,2,135.3774483,1,2
33,2,35,6,1,2100,5,2,1,6000,48,1,2,135.3774483,1,2
33,2,38,6,1,3250,11,2,1,7800,48,1,2,135.3774483,1,2
33,2,38,6,1,3250,5,2,1,7800,48,1,2,135.3774483,1,2
33,1,42,5,7,2410,5,2,1,5600,48,1,2,138.1685289,1,2
33,1,42,5,7,2410,5,2,1,5000,48,1,2,138.1685289,1,2
33,1,50,4,2,3100,3,6,2,5800,56,1,2,138.1685289,1,2
33,1,50,4,2,3100,3,6,2,5800,56,1,2,138.1685289,1,2
33,2,48,4,1,1010,3,6,2,3500,45,1,2,135.3774483,1,2
33,2,25,4,2,2410,5,2,1,3900,48,1,2,135.3774483,1,2
33,2,25,4,2,2410,5,2,1,4100,48,1,2,135.3774483,1,2
33,1,45,4,4,1010,3,6,2,5500,60,1,2,138.1685289,1,2
33,2,39,4,2,1323,5,2,1,6800,55,1,2,135.3774483,1,2
33,2,39,4,2,1323,5,2,1,6800,55,1,2,135.3774483,1,2
33,1,30,3,5,2732,5,2,1,7800,48,1,2,138.1685289,1,2
33,1,31,3,5,2930,5,2,1,7800,56,1,2,138.1685289,1,2
33,2,27,5,2,1512,5,2,1,5500,48,1,2,135.3774483,1,2
33,2,27,5,2,1512,5,2,1,6000,48,1,2,135.3774483,1,2
33,1,36,5,2,2511,3,6,2,5600,36,1,2,138.1685289,1,2
33,1,36,5,2,2511,3,6,2,5000,40,1,2,138.1685289,1,2
33,2,35,5,2,1410,5,2,1,6200,62,1,2,135.3774483,1,2
33,2,35,5,2,1410,11,2,1,6500,62,1,2,135.3774483,1,2
33,1,47,5,6,2392,5,2,2,6500,48,1,2,159.4902159,1,2
33,2,38,4,2,1410,5,2,1,6000,60,1,2,156.2684254,1,2
33,2,39,4,2,1410,5,2,1,5500,48,1,2,156.2684254,1,2
33,1,38,4,2,1702,5,2,1,10000,72,1,2,159.4902159,1,2
33,1,39,4,2,1702,5,2,1,10000,72,1,2,159.4902159,1,2
33,2,44,4,2,1313,11,2,1,5100,48,1,2,156.2684254,1,2
33,2,45,4,1,1322,11,2,1,5100,48,1,2,156.2684254,1,2
33,1,18,5,2,2620,11,2,1,4000,48,1,2,162.6309686,1,2
33,1,19,5,1,2610,11,2,1,4000,48,1,2,162.6309686,1,2
33,2,28,5,2,1313,11,2,1,5000,48,1,2,156.2684254,1,2
33,2,28,5,2,1322,11,2,1,5300,48,1,2,156.2684254,1,2
33,2,37,4,2,2420,11,2,1,12000,72,1,2,156.2684254,1,2
33,2,38,4,2,2511,11,2,1,12000,72,1,2,156.2684254,1,2
33,1,29,5,2,2392,11,2,1,7000,72,1,2,159.4902159,1,2
33,1,30,5,2,2392,11,2,1,7600,72,1,2,159.4902159,1,2
33,2,28,5,2,1073,5,2,1,4000,48,1,2,156.2684254,1,2
33,2,29,5,2,1071,5,2,1,4000,48,1,2,156.2684254,1,2
33,1,33,8,1,1080,11,2,1,11000,48,1,2,159.4902159,1,2
33,1,34,8,1,1080,11,2,1,11000,48,1,2,159.4902159,1,2
33,1,34,5,7,2910,5,2,1,10000,48,1,2,159.4902159,1,2
33,1,35,5,7,2910,5,2,1,10000,60,1,2,159.4902159,1,2
33,2,19,4,2,1313,11,2,1,5000,48,1,2,175.2243416,1,2
33,1,36,5,2,2410,5,2,1,8000,48,1,2,159.4902159,1,2
33,1,37,5,2,2410,5,2,1,8000,48,1,2,159.4902159,1,2
33,2,34,4,2,1430,5,2,1,6000,48,1,2,156.2684254,1,2
33,2,35,4,2,1410,5,2,1,6500,48,1,2,156.2684254,1,2
33,1,43,4,2,1101,5,2,1,6000,48,1,2,159.4902159,1,2
33,1,44,4,2,1101,5,2,1,6000,48,1,2,159.4902159,1,2
33,2,41,4,2,1812,11,2,1,5000,48,1,2,156.2684254,1,2
33,2,41,4,2,1410,11,2,1,5000,48,1,2,156.2684254,1,2
33,2,20,5,2,2610,11,2,1,4200,48,1,2,175.2243416,1,2
33,2,33,7,1,2022,5,2,1,5600,48,1,2,156.2684254,1,2
33,2,33,7,1,2022,5,2,1,5600,48,1,2,156.2684254,1,2
33,1,40,4,2,3100,3,6,2,6000,56,1,2,159.4902159,1,2
33,1,40,4,2,3100,3,6,2,5000,48,1,2,159.4902159,1,2
33,2,39,4,2,1410,11,2,1,5300,48,1,2,156.2684254,1,2
33,2,39,4,2,1410,11,2,1,4600,48,1,2,156.2684254,1,2
33,2,31,5,2,1410,5,2,1,6000,60,1,2,156.2684254,1,2
33,2,32,5,2,1410,5,2,1,6400,60,1,2,156.2684254,1,2
33,2,30,5,2,1410,11,2,1,7000,60,1,2,156.2684254,1,2
33,2,30,5,2,1410,11,2,1,7000,60,1,2,156.2684254,1,2
33,1,30,5,7,2640,11,2,1,7000,48,1,2,159.4902159,1,2
33,1,31,5,7,2640,11,2,1,7000,48,1,2,159.4902159,1,2
33,1,54,4,2,2511,11,2,2,4000,72,1,2,159.4902159,1,2
33,1,55,4,2,2420,5,2,2,4600,72,1,2,159.4902159,1,2
33,1,35,5,2,2610,11,2,1,6300,48,1,2,159.4902159,1,2
33,2,34,6,2,2640,11,2,1,5000,48,1,2,156.2684254,1,2
33,2,34,6,2,2610,11,2,1,5500,48,1,2,156.2684254,1,2
33,1,47,4,2,2410,5,2,1,6600,60,1,2,159.4902159,1,2
33,1,47,4,2,2410,5,2,1,7000,60,1,2,159.4902159,1,2
33,2,44,4,2,3100,5,2,1,6400,60,1,2,156.2684254,1,2
33,2,44,4,2,3100,5,2,1,6000,60,1,2,156.2684254,1,2
33,2,51,3,2,1410,5,2,2,4200,48,1,2,156.2684254,1,2
33,2,21,4,4,2420,11,3,2,7000,72,1,2,168.150182,1,2
33,2,22,4,2,2420,11,2,1,7500,60,1,2,168.150182,1,2
33,2,19,5,2,1322,11,2,1,5000,48,1,2,168.150182,1,2
33,2,20,5,2,1322,11,2,1,5000,48,1,2,168.150182,1,2
33,1,21,4,2,2512,5,2,1,5500,48,1,2,156.0652288,1,2
33,1,22,4,2,2599,5,2,1,5600,48,1,2,156.0652288,1,2
33,1,32,5,6,1702,11,2,1,7200,54,1,2,153.0512746,1,2
33,2,30,5,2,2599,11,2,1,8500,60,1,2,149.9595543,1,2
33,2,31,5,2,2599,11,2,1,8500,60,1,2,149.9595543,1,2
33,1,23,5,2,2410,5,2,1,6000,48,1,2,156.0652288,1,2
33,1,24,5,2,2410,5,2,1,6200,48,1,2,156.0652288,1,2
33,1,27,4,2,2220,11,2,1,5400,48,1,2,153.0512746,1,2
33,1,28,4,2,1322,11,2,1,5500,48,1,2,153.0512746,1,2
33,2,27,4,2,2220,11,2,1,5400,48,1,2,149.9595543,1,2
33,2,28,4,2,1322,11,2,1,5500,48,1,2,149.9595543,1,2
33,2,23,5,2,2592,11,2,1,8050,63,1,2,168.150182,1,2
33,2,24,5,2,2420,11,2,1,8100,72,1,2,168.150182,1,2
33,1,26,5,2,2592,11,2,1,8000,63,1,2,153.0512746,1,2
33,1,27,5,2,2420,11,2,1,8050,72,1,2,153.0512746,1,2
33,1,25,7,2,2410,11,2,1,9100,63,1,2,153.0512746,1,2
33,1,25,4,2,2420,11,3,2,8000,72,1,2,153.0512746,1,2
33,1,26,4,2,2420,11,2,1,8300,72,1,2,153.0512746,1,2
33,2,29,4,2,2420,11,2,1,8400,63,1,2,149.9595543,1,2
33,2,30,4,2,2420,11,2,1,6400,63,1,2,149.9595543,1,2
33,1,24,5,2,2511,5,2,1,7850,56,1,2,156.0652288,1,2
33,1,25,5,2,3100,6,2,1,7900,60,1,2,153.0512746,1,2
33,1,22,5,2,1702,5,2,1,5300,48,1,2,156.0652288,1,2
33,1,23,4,2,2220,5,2,1,5500,48,1,2,156.0652288,1,2
33,2,26,7,1,2930,11,2,1,6000,48,1,2,149.9595543,1,2
33,2,26,7,1,2930,11,2,1,6000,48,1,2,149.9595543,1,2
33,1,20,5,2,2420,11,2,1,6800,72,1,2,156.0652288,1,2
33,1,21,5,2,2511,11,2,1,7500,72,1,2,156.0652288,1,2
33,2,33,5,2,2640,11,2,1,6000,66,1,2,149.9595543,1,2
33,2,33,5,2,2610,11,2,1,6000,66,1,2,149.9595543,1,2
33,1,30,5,7,2610,11,2,1,6000,72,1,2,153.0512746,1,2
33,2,27,5,2,2640,11,2,1,6200,72,1,2,149.9595543,1,2
33,2,28,5,2,2610,11,2,1,6000,72,1,2,149.9595543,1,2
33,1,30,5,2,2599,11,2,1,6600,54,1,2,153.0512746,1,2
33,1,30,5,3,2599,11,2,1,6600,54,1,2,153.0512746,1,2
33,2,28,4,2,2710,11,2,1,6000,48,1,2,149.9595543,1,2
33,2,28,4,2,2610,11,2,1,6000,48,1,2,149.9595543,1,2
33,1,30,4,2,2620,11,2,1,4500,48,1,2,153.0512746,1,2
33,1,30,4,2,2610,11,2,1,4500,48,1,2,153.0512746,1,2
33,2,23,4,2,2420,11,2,1,7500,72,1,2,168.150182,1,2
33,2,24,4,2,2511,11,2,1,7500,72,1,2,168.150182,1,2
33,1,30,5,2,2410,5,2,1,6900,72,1,2,153.0512746,1,2
33,1,30,5,2,2410,5,2,1,6800,72,1,2,153.0512746,1,2
33,2,26,3,2,2599,5,2,2,4800,48,1,2,149.9595543,1,2
33,2,26,3,2,2511,5,2,1,5200,48,1,2,149.9595543,1,2
33,1,21,5,2,2599,11,2,1,6900,60,1,2,156.0652288,1,2
33,1,22,5,2,2599,11,2,1,7000,60,1,2,156.0652288,1,2
33,2,38,5,2,2393,3,6,2,10000,48,1,1,97.92912086,1,2
33,2,39,5,2,2393,3,6,2,9500,48,1,1,97.92912086,1,2
33,2,22,5,2,2393,3,6,2,4900,50,1,1,150.8277105,1,2
33,1,22,8,3,1410,9,1,1,5000,56,1,1,173.7690785,1,2
33,1,23,8,3,1410,10,2,1,6200,48,1,1,173.7690785,1,2
33,1,54,5,2,1010,3,6,2,8500,35,1,1,98.45535607,1,2
33,1,26,4,2,2393,3,6,2,6000,40,1,1,98.45535607,1,2
33,1,42,3,2,161,1,6,2,4500,35,1,1,98.45535607,1,2
33,1,36,2,2,1010,3,6,2,8500,42,1,1,98.45535607,1,2
33,1,23,3,2,1010,3,6,2,10200,32,1,1,173.7690785,1,2
33,2,55,4,2,2393,3,6,2,4000,32,1,1,81.34543492,1,2
33,1,29,3,2,2393,3,6,2,5000,40,1,1,98.45535607,1,2
33,1,24,3,2,2393,3,6,2,6000,40,1,1,173.7690785,1,2
33,1,38,4,2,2393,3,6,2,8100,56,1,1,98.45535607,1,2
33,2,37,4,2,2393,3,6,2,7000,56,1,1,97.92912086,1,2
33,2,53,4,2,118,1,6,2,4250,48,1,2,23.09980197,1,2
33,2,53,4,2,118,1,6,2,4400,48,1,2,23.09980197,1,2
33,1,20,4,2,2393,3,6,2,5200,48,1,2,23.90754591,1,2
33,1,20,5,2,2393,3,6,2,3000,25,1,2,23.90754591,1,2
33,1,30,5,2,2511,3,6,2,6500,48,1,2,23.44583994,1,2
33,1,30,5,2,2511,3,6,2,6500,52,1,2,23.44583994,1,2
33,2,47,4,2,118,1,6,2,3600,44,1,2,23.09980197,1,2
33,2,47,4,2,118,1,6,2,3900,48,1,2,23.09980197,1,2
33,2,55,4,2,2393,3,6,2,6500,50,1,2,19.74450969,1,2
33,2,55,4,2,2393,3,6,2,4700,40,1,2,19.74450969,1,2
33,2,25,7,1,2100,5,2,1,9000,54,1,2,22.97222102,1,2
33,2,25,7,1,2100,5,2,1,7200,52,1,2,22.97222102,1,2
33,2,41,5,2,2393,3,6,2,6500,50,1,2,22.97222102,1,2
33,2,42,5,2,2393,3,6,2,6500,48,1,2,22.97222102,1,2
33,1,47,7,1,2392,5,1,1,6000,48,1,2,158.7906974,1,2
33,1,48,7,1,2393,5,1,1,6000,56,1,2,158.7906974,1,2
33,1,30,4,2,1075,3,6,2,5200,49,1,2,158.7906974,1,2
33,1,31,4,2,1075,3,6,2,5200,56,1,2,158.7906974,1,2
33,2,27,4,3,1410,5,2,2,4200,56,1,2,155.5830376,1,2
33,2,27,3,2,1410,5,3,1,4000,56,1,2,155.5830376,1,2
33,2,56,4,2,1512,5,2,2,3000,56,1,2,133.7228469,1,2
33,2,56,4,2,1410,5,3,2,3500,56,1,2,133.7228469,1,2
33,1,26,5,5,1074,5,2,2,5000,56,1,2,158.7906974,1,2
33,1,26,5,5,1074,5,2,1,5000,56,1,2,158.7906974,1,2
33,1,38,4,2,2393,3,6,2,8000,64,1,2,158.7906974,1,2
33,1,38,4,2,2393,3,6,2,6500,56,1,2,158.7906974,1,2
33,2,35,3,2,2393,3,6,2,5000,56,1,2,155.5830376,1,2
33,2,35,3,2,2393,3,6,2,5200,56,1,2,155.5830376,1,2
33,2,44,5,2,1410,5,2,2,5100,56,1,2,155.5830376,1,2
33,2,44,5,2,1410,3,2,2,4800,56,1,2,155.5830376,1,2
33,1,24,7,1,2910,5,2,1,6000,56,1,2,161.9176749,1,2
33,1,25,7,1,2910,5,2,1,6000,56,1,2,158.7906974,1,2
33,2,25,6,1,2220,5,2,1,6000,56,1,2,155.5830376,1,2
33,2,24,7,1,1702,5,2,1,6000,56,1,2,174.4558138,1,2
33,1,48,4,2,2393,3,6,2,5000,56,1,2,158.7906974,1,2
33,1,49,4,1,2393,3,6,2,5800,56,1,2,158.7906974,1,2
33,2,47,4,2,2393,3,6,2,4000,56,1,2,155.5830376,1,2
33,2,48,4,1,2393,3,6,2,4500,56,1,2,155.5830376,1,2
33,1,25,8,1,2824,5,2,1,5000,56,1,2,158.7906974,1,2
33,1,62,5,2,1410,5,2,2,4000,56,1,2,136.4798145,1,2
33,2,48,3,2,1410,5,2,2,3500,56,1,2,155.5830376,1,2
33,2,48,3,2,1410,5,2,2,3500,56,1,2,155.5830376,1,2
33,1,30,5,2,1622,3,6,2,5000,56,1,2,158.7906974,1,2
33,1,30,5,2,3100,3,6,2,5100,56,1,2,158.7906974,1,2
33,1,23,7,1,2910,5,2,2,4000,56,1,2,161.9176749,1,2
33,1,23,7,1,2910,5,2,1,6000,56,1,2,161.9176749,1,2
33,2,32,4,2,2930,5,2,1,3500,56,1,2,155.5830376,1,2
33,1,33,5,2,2731,5,2,1,5000,56,1,2,158.7906974,1,2
33,2,32,4,2,2731,5,2,1,4500,56,1,2,155.5830376,1,2
33,1,38,3,2,2393,3,6,2,8000,56,1,2,158.7906974,1,2
33,1,38,3,2,2393,3,6,2,8000,56,1,2,158.7906974,1,2
33,2,37,5,2,1410,10,1,1,5000,56,1,2,155.5830376,1,2
33,2,38,5,2,1410,10,1,1,5000,56,1,2,155.5830376,1,2
33,1,25,8,1,2011,5,2,1,6000,56,1,2,158.7906974,1,2
33,1,25,8,1,2011,5,2,1,10000,56,1,2,158.7906974,1,2
33,2,28,4,2,1702,5,2,1,5000,56,1,2,155.5830376,1,2
33,2,28,4,2,1702,5,2,1,5000,56,1,2,155.5830376,1,2
33,1,29,8,1,1103,5,2,1,10000,56,1,2,158.7906974,1,2
33,1,29,8,1,1103,5,2,1,10000,56,1,2,158.7906974,1,2
33,2,42,4,2,1512,5,6,2,6000,56,1,2,155.5830376,1,2
33,2,42,4,2,1512,5,2,1,6000,56,1,2,155.5830376,1,2
33,2,36,4,4,2393,3,6,2,8700,50,1,2,153.6779392,1,2
33,2,36,4,2,2393,3,6,2,9000,55,1,2,153.6779392,1,2
33,1,46,4,2,121,1,6,2,6000,45,1,2,157.7173998,1,2
33,1,24,8,1,2022,5,2,1,8000,48,1,2,159.9350095,1,2
33,1,24,8,1,2022,5,2,1,8000,48,1,2,159.9350095,1,2
33,1,36,4,2,3092,5,6,2,6000,48,1,2,156.8463215,1,2
33,1,36,4,2,3092,5,2,2,6000,48,1,2,156.8463215,1,2
33,2,33,4,2,3250,3,6,2,5000,48,1,2,153.6779392,1,2
33,2,33,4,2,3250,3,6,2,5000,48,1,2,153.6779392,1,2
33,2,25,7,1,2100,5,2,1,6000,48,1,2,153.6779392,1,2
33,2,38,4,2,1410,5,2,1,6000,48,1,2,153.6779392,1,2
33,2,38,4,2,1410,5,1,1,6000,48,1,2,153.6779392,1,2
33,2,25,4,2,1410,3,6,2,5000,48,1,2,153.6779392,1,2
33,2,25,4,2,1410,3,6,2,5000,48,1,2,153.6779392,1,2
33,1,30,3,7,2511,3,6,2,7500,48,1,2,156.8463215,1,2
33,1,30,3,2,2511,3,6,2,7500,52,1,2,156.8463215,1,2
33,2,27,5,2,3100,5,2,1,5000,48,1,2,153.6779392,1,2
33,2,27,5,2,3100,5,2,1,5000,48,1,2,153.6779392,1,2
33,1,33,4,2,118,1,6,2,8000,45,1,2,157.7173998,1,2
33,1,33,4,2,118,1,6,2,9000,45,1,2,157.7173998,1,2
33,2,29,4,2,2393,3,6,2,5000,48,1,2,153.6779392,1,2
33,1,34,5,5,2011,5,2,1,10500,48,1,2,156.8463215,1,2
33,1,33,5,5,2023,5,2,1,12000,48,1,2,156.8463215,1,2
33,2,32,4,2,2393,3,6,2,6200,48,1,2,153.6779392,1,2
33,2,30,3,2,2393,3,6,2,5000,48,1,2,153.6779392,1,2
33,2,30,4,2,2393,3,6,2,5000,48,1,2,153.6779392,1,2
33,2,37,4,2,1410,3,6,2,10000,60,1,2,153.6779392,1,2
33,2,17,5,2,3091,5,4,2,4000,48,1,2,172.3196202,1,2
33,2,19,4,2,2393,3,6,2,3800,56,1,2,170.4909089,1,2
33,2,19,4,2,2393,3,6,2,4000,56,1,2,170.4909089,1,2
33,2,15,3,2,2393,3,6,2,3700,56,1,2,170.4909089,1,2
33,2,15,5,2,2393,3,6,2,3800,56,1,2,170.4909089,1,2
33,1,40,3,2,2393,3,6,2,12000,60,1,2,155.1818179,1,2
33,1,41,3,2,2393,3,6,2,15000,65,1,2,155.1818179,1,2
33,2,36,3,2,2393,3,6,2,8000,60,1,2,152.0470595,1,2
33,2,36,3,2,2393,3,6,2,8000,60,1,2,152.0470595,1,2
33,1,18,4,2,2393,3,6,2,9000,58,1,2,158.2377277,1,2
33,1,18,4,2,2393,3,6,2,12000,56,1,2,158.2377277,1,2
33,2,15,4,2,2393,3,6,2,5000,50,1,2,170.4909089,1,2
33,2,15,4,2,2393,3,6,2,6000,50,1,2,170.4909089,1,2
33,1,36,2,2,2592,3,6,2,3000,34,1,1,99.54091369,1,2
33,1,37,1,2,2592,3,6,2,3300,32,1,1,99.54091369,1,2
33,1,30,8,1,2599,5,2,1,7000,48,1,1,99.54091369,1,2
33,1,30,8,1,2599,5,2,1,7000,48,1,1,99.54091369,1,2
33,1,32,7,1,2220,5,2,1,6000,48,1,1,99.54091369,1,2
33,1,33,7,1,2220,5,2,1,6000,48,1,1,99.54091369,1,2
33,2,29,6,1,2610,11,2,1,4500,48,1,1,99.00887626,1,2
33,2,29,6,2,2610,11,2,1,4500,48,1,1,99.00887626,1,2
33,1,25,7,1,2100,5,2,1,9500,48,1,1,99.54091369,1,2
33,2,25,5,2,2610,11,2,1,5300,48,1,1,99.00887626,1,2
33,2,26,5,2,2610,11,2,1,5300,48,1,1,99.00887626,1,2
33,2,24,5,2,1103,3,6,2,4000,48,1,1,152.4907198,1,2
33,2,24,5,2,1103,3,6,2,4000,48,1,1,152.4907198,1,2
33,2,32,7,2,2610,11,2,1,6000,48,1,1,99.00887626,1,2
33,2,32,7,2,2610,11,2,1,6000,48,1,1,99.00887626,1,2
33,2,18,4,2,2610,11,2,1,4500,48,1,1,152.4907198,1,2
33,2,18,4,2,2610,11,2,1,4500,48,1,1,152.4907198,1,2
33,2,32,8,2,2610,11,2,1,5500,48,1,1,99.00887626,1,2
33,2,32,8,2,2610,11,2,1,5000,48,1,1,99.00887626,1,2
33,2,34,4,2,2610,11,2,1,4500,48,1,1,99.00887626,1,2
33,2,35,4,2,2610,11,2,1,5500,48,1,1,99.00887626,1,2
33,2,26,5,2,3030,11,2,1,4500,48,1,1,99.00887626,1,2
33,2,27,5,2,2610,11,2,1,4500,48,1,1,99.00887626,1,2
33,1,26,4,2,2511,3,6,2,5000,45,1,1,99.54091369,1,2
33,1,27,4,2,2511,3,6,2,6000,48,1,1,99.54091369,1,2
33,2,27,4,2,2220,5,2,1,4000,48,1,1,99.00887626,1,2
33,2,28,4,2,1323,5,2,1,4500,48,1,1,99.00887626,1,2
33,1,26,5,2,2610,11,2,1,4500,48,1,1,99.54091369,1,2
33,2,24,5,2,2610,11,2,1,4000,48,1,1,152.4907198,1,2
33,2,34,5,2,2610,11,2,1,5000,48,1,1,99.00887626,1,2
33,2,35,5,2,2610,11,2,1,7000,48,1,1,99.00887626,1,2
33,2,19,5,2,2610,11,2,1,4000,48,1,1,152.4907198,1,2
33,2,20,4,2,2610,11,2,1,5000,52,1,1,152.4907198,1,2
33,1,43,4,2,2511,5,2,1,4500,48,1,1,99.54091369,1,2
33,2,24,4,2,3030,11,2,1,4500,48,1,2,26.46512377,1,2
33,2,24,4,2,2610,11,2,1,4500,48,1,2,26.46512377,1,2
33,1,33,5,6,2620,11,2,1,7000,48,1,2,24.08870974,1,2
33,2,31,5,2,2620,11,2,1,7000,48,1,2,23.6021045,1,2
33,2,31,5,2,2680,11,2,1,7000,48,1,2,23.6021045,1,2
33,2,45,4,2,1629,5,2,1,3800,48,1,2,23.6021045,1,2
33,2,46,4,2,1629,5,2,1,3800,48,1,2,23.6021045,1,2
33,2,22,5,2,2610,11,2,1,4600,48,1,2,26.46512377,1,2
33,2,22,5,2,2610,11,2,1,4600,48,1,2,26.46512377,1,2
33,2,20,5,2,2610,11,2,1,4600,48,1,2,26.46512377,1,2
33,2,20,5,2,2610,11,2,1,4600,48,1,2,26.46512377,1,2
33,1,24,5,7,2610,11,2,1,6000,48,1,2,24.56307539,1,2
33,1,25,5,7,2610,11,2,1,6000,48,1,2,24.08870974,1,2
33,1,27,4,2,1311,11,2,1,6000,48,1,2,24.08870974,1,2
33,1,27,4,2,1311,11,2,1,6000,48,1,2,24.08870974,1,2
33,2,27,4,2,2599,5,2,1,4000,48,1,2,23.6021045,1,2
33,2,27,4,2,2599,5,2,1,4000,48,1,2,23.6021045,1,2
33,2,28,5,2,2610,11,2,1,4700,48,1,2,23.6021045,1,2
33,2,28,5,2,2610,11,2,1,4700,48,1,2,23.6021045,1,2
33,2,35,4,2,1410,5,2,1,4000,48,1,2,23.6021045,1,2
33,2,36,4,2,1410,5,2,1,5000,48,1,2,23.6021045,1,2
33,2,25,5,2,3290,5,2,1,4000,48,1,2,23.6021045,1,2
33,2,44,4,1,1410,5,2,1,4000,48,1,2,23.6021045,1,2
33,2,45,4,2,1410,5,2,1,4500,48,1,2,23.6021045,1,2
33,1,37,5,2,1321,5,2,2,6000,48,1,2,158.7906974,1,2
33,2,47,4,1,1520,11,2,1,6000,52,1,2,155.5830376,1,2
33,2,47,4,2,1520,11,2,1,6000,52,1,2,155.5830376,1,2
33,1,21,4,1,1520,11,2,1,4500,52,1,2,161.9176749,1,2
33,1,22,4,2,1520,11,2,1,4500,48,1,2,161.9176749,1,2
33,1,25,5,2,2640,11,2,1,7500,54,1,2,158.7906974,1,2
33,1,25,5,2,2610,11,2,1,7500,54,1,2,158.7906974,1,2
33,1,27,4,2,1410,5,2,1,6500,50,1,2,158.7906974,1,2
33,1,28,5,2,1410,5,2,1,6500,50,1,2,158.7906974,1,2
33,2,26,5,2,1520,11,2,1,5000,48,1,2,155.5830376,1,2
33,2,26,5,2,1520,11,2,1,5000,48,1,2,155.5830376,1,2
33,2,44,4,2,1520,11,2,1,6000,52,1,2,155.5830376,1,2
33,2,44,4,2,1520,11,2,1,6000,52,1,2,155.5830376,1,2
33,2,43,3,2,2610,11,2,1,6500,54,1,2,155.5830376,1,2
33,2,21,4,2,2610,11,2,1,5000,52,1,2,174.4558138,1,2
33,2,21,5,2,2610,11,2,1,5000,48,1,2,174.4558138,1,2
33,1,18,4,2,2610,11,2,1,6500,48,1,2,161.9176749,1,2
33,2,19,5,2,2610,11,2,1,5000,48,1,2,174.4558138,1,2
33,1,31,5,2,3030,11,2,1,4500,48,1,2,158.7906974,1,2
33,1,31,5,2,3030,11,2,1,4500,48,1,2,158.7906974,1,2
33,2,27,5,2,3030,11,2,1,4500,48,1,2,155.5830376,1,2
33,2,27,5,2,3030,11,2,1,4500,48,1,2,155.5830376,1,2
33,2,35,5,2,2640,11,2,1,7000,56,1,2,155.5830376,1,2
33,2,35,5,2,2819,11,2,1,7000,56,1,2,155.5830376,1,2
33,2,27,5,2,2599,5,2,1,6000,54,1,2,155.5830376,1,2
33,2,27,5,2,2511,5,2,1,6000,48,1,2,155.5830376,1,2
33,2,43,4,2,1410,5,2,1,5500,48,1,2,155.5830376,1,2
33,2,44,4,2,1410,5,2,2,6000,56,1,2,155.5830376,1,2
33,2,37,4,2,1323,5,2,1,4500,48,1,2,155.5830376,1,2
33,2,37,4,2,2212,5,2,1,4500,52,1,2,155.5830376,1,2
33,1,37,4,2,2930,11,2,1,5500,48,1,2,158.7906974,1,2
33,1,38,4,2,2599,5,2,1,5300,54,1,2,158.7906974,1,2
33,2,24,5,2,2930,5,2,1,5000,48,1,2,174.4558138,1,2
33,1,45,4,6,2930,11,1,1,7000,48,1,2,158.7906974,1,2
33,1,45,3,6,2930,5,2,1,7000,56,1,2,158.7906974,1,2
33,2,21,5,2,1410,5,1,1,4500,52,1,2,174.4558138,1,2
33,2,21,5,2,1410,5,2,1,4500,52,1,2,174.4558138,1,2
33,2,30,4,2,2930,11,2,1,4500,48,1,2,155.5830376,1,2
33,2,33,4,2,2930,5,2,1,4500,52,1,2,155.5830376,1,2
33,2,34,4,2,2610,3,2,1,5000,48,1,2,155.5830376,1,2
33,2,35,4,2,2610,11,2,1,5000,46,1,2,155.5830376,1,2
33,1,31,5,2,1702,5,1,1,7000,48,1,2,158.7906974,1,2
33,1,31,5,2,1702,5,2,1,5500,48,1,2,158.7906974,1,2
33,2,31,5,2,2620,11,1,1,8500,48,1,2,155.5830376,1,2
33,2,31,5,2,2640,11,2,1,7000,48,1,2,155.5830376,1,2
33,2,23,5,2,2610,11,2,1,5500,54,1,2,174.4558138,1,2
33,2,24,5,2,2610,11,2,1,5000,48,1,2,174.4558138,1,2
33,1,49,4,1,1410,5,2,2,4000,56,1,2,158.7906974,1,2
33,1,60,4,2,2392,5,1,1,10000,48,1,2,134.6840275,1,2
33,2,58,4,2,1410,5,1,1,5200,52,1,2,131.9633357,1,2
33,2,45,4,2,1410,5,1,1,5200,54,1,2,153.5358924,1,2
33,1,27,7,2,2610,10,1,1,5200,52,1,2,156.7013461,1,2
33,2,46,3,2,2511,5,1,1,6500,56,1,2,153.5358924,1,2
33,2,46,3,2,2512,5,1,1,5600,48,1,2,153.5358924,1,2
33,1,26,6,2,2930,11,1,1,7000,52,1,2,156.7013461,1,2
33,1,26,3,2,2930,10,1,1,6000,52,1,2,156.7013461,1,2
33,1,24,3,2,2511,5,1,1,5800,56,1,2,159.7871792,1,2
33,1,24,3,2,2512,5,1,1,5200,48,1,2,159.7871792,1,2
33,1,61,4,2,1622,3,6,2,5400,48,1,2,134.6840275,1,2
33,1,35,5,2,1410,5,1,1,6300,52,1,2,156.7013461,1,2
33,1,36,5,2,1410,5,2,1,5200,48,1,2,156.7013461,1,2
33,2,33,5,2,1410,5,1,1,6100,52,1,2,153.5358924,1,2
33,2,33,5,2,1410,5,2,1,5500,48,1,2,153.5358924,1,2
33,1,31,5,2,1071,5,2,1,5500,48,1,2,156.7013461,1,2
33,2,32,5,2,1071,5,2,1,5000,48,1,2,153.5358924,1,2
33,2,26,5,2,1410,5,2,1,5200,50,1,2,153.5358924,1,2
33,2,26,5,2,1410,5,1,1,5200,52,1,2,153.5358924,1,2
33,1,24,5,2,1410,5,2,1,6000,52,1,2,159.7871792,1,2
33,1,24,5,2,2599,5,1,1,6000,54,1,2,159.7871792,1,2
33,1,25,4,2,1410,5,2,1,4000,48,1,2,156.7013461,1,2
33,2,22,4,2,1410,5,2,1,4500,52,1,2,172.1603426,1,2
33,1,40,5,2,1520,11,1,1,6200,52,1,2,156.7013461,1,2
33,1,41,5,2,1520,5,1,1,6100,52,1,2,156.7013461,1,2
33,2,40,5,2,1520,11,1,1,6200,52,1,2,153.5358924,1,2
33,2,40,5,2,1520,5,1,1,6100,52,1,2,153.5358924,1,2
33,1,38,5,2,1071,5,1,1,9000,56,1,2,154.7706798,1,2
33,1,39,5,2,1071,5,1,1,9200,50,1,2,154.7706798,1,2
33,2,36,4,5,1410,5,1,1,6000,48,1,2,151.6442265,1,2
33,1,31,5,6,1321,11,2,2,6000,63,1,2,154.7706798,1,2
33,1,23,8,1,2640,10,2,2,7000,48,1,2,157.8184932,1,2
33,2,22,5,2,2930,11,1,1,5000,56,1,2,170.0392109,1,2
33,2,22,4,2,2930,11,1,1,5000,50,1,2,170.0392109,1,2
33,1,53,5,2,1074,5,2,2,4000,56,1,2,154.7706798,1,2
33,1,53,5,2,1074,5,2,1,4000,56,1,2,154.7706798,1,2
33,2,29,5,2,2029,5,1,1,5000,55,1,2,151.6442265,1,2
33,1,27,5,7,2930,11,1,1,8500,56,1,2,154.7706798,1,2
33,2,30,8,1,2930,11,1,1,10500,56,1,2,151.6442265,1,2
33,1,31,8,1,2930,11,1,1,12000,48,1,2,154.7706798,1,2
33,1,27,5,7,2733,11,1,1,7000,56,1,2,154.7706798,1,2
33,1,28,5,7,2733,11,1,1,7000,48,1,2,154.7706798,1,2
33,1,32,5,6,3030,11,1,1,8500,52,1,2,154.7706798,1,2
33,1,32,5,6,2220,10,1,1,7000,51,1,2,154.7706798,1,2
33,1,52,4,2,2410,5,1,1,5000,84,1,2,154.7706798,1,2
33,1,53,4,2,2410,5,1,1,5000,72,1,2,154.7706798,1,2
33,2,27,4,4,2930,11,1,1,8000,48,1,2,151.6442265,1,2
33,2,27,4,2,2930,11,1,1,4200,48,1,2,151.6442265,1,2
33,1,24,4,2,2599,5,1,1,8000,48,1,2,157.8184932,1,2
33,1,24,4,2,2599,5,1,1,5000,48,1,2,157.8184932,1,2
33,2,24,5,2,2610,11,2,1,8000,48,1,2,170.0392109,1,2
33,2,24,5,2,2930,11,2,1,4500,48,1,2,170.0392109,1,2
33,1,24,5,2,2930,11,2,1,5000,48,1,2,157.8184932,1,2
33,1,25,5,2,2930,11,2,1,5000,48,1,2,154.7706798,1,2
33,2,46,5,6,1410,11,2,1,4000,60,1,2,151.6442265,1,2
33,1,33,3,2,1071,5,1,1,9000,48,1,2,154.9644156,1,2
33,2,34,4,2,1071,5,1,1,8000,48,1,2,151.8340488,1,2
33,2,25,5,2,1410,5,1,1,4800,44,1,2,151.8340488,1,2
33,2,25,5,2,1410,5,1,1,5200,52,1,2,151.8340488,1,2
33,2,41,4,2,1410,5,1,1,5200,54,1,2,151.8340488,1,2
33,2,42,4,2,1410,5,1,1,5400,52,1,2,151.8340488,1,2
33,2,18,5,2,2610,5,1,1,5500,48,1,2,170.2520593,1,2
33,2,19,5,2,2610,11,1,1,5500,48,1,2,170.2520593,1,2
33,2,42,4,2,1410,11,2,1,4500,48,1,2,151.8340488,1,2
33,2,43,4,2,1410,11,1,1,4500,48,1,2,151.8340488,1,2
33,1,21,4,2,1520,11,2,1,4000,48,1,2,158.0160442,1,2
33,1,22,5,2,1520,11,1,1,4000,48,1,2,158.0160442,1,2
33,2,22,6,1,161,10,1,1,2500,40,1,2,171.1975891,1,2
33,2,49,3,2,1520,11,1,1,5800,50,1,2,151.8340488,1,2
33,2,22,6,1,161,7,1,1,2000,48,1,2,171.1975891,1,2
33,1,25,5,2,2610,5,1,1,6300,52,1,2,154.9644156,1,2
33,1,26,5,2,2610,11,1,1,6300,52,1,2,154.9644156,1,2
33,2,21,5,3,2930,11,1,1,5200,54,1,2,170.2520593,1,2
33,2,21,5,2,2930,11,1,1,5200,54,1,2,170.2520593,1,2
33,1,23,5,2,2610,11,1,1,6300,54,1,2,158.0160442,1,2
33,1,23,8,2,2610,11,2,1,6300,54,1,2,158.0160442,1,2
33,2,29,7,1,2610,11,2,1,6200,62,1,1,11.03661324,1,2
33,1,24,5,3,1071,11,1,1,3900,62,1,1,19.58377749,1,2
33,2,30,9,1,2610,11,2,1,35000,63,1,1,11.03661324,1,2
33,2,31,9,1,2610,11,2,1,35000,58,1,1,11.03661324,1,2
33,1,41,6,4,2410,5,2,1,6000,56,1,1,11.09591996,1,2
33,2,24,8,1,2610,10,2,1,9000,56,1,1,16.99828501,1,2
33,2,24,8,1,2610,11,2,1,9000,56,1,1,16.99828501,1,2
33,2,35,8,1,2512,10,1,1,3500,56,1,1,11.03661324,1,2
33,2,43,8,1,1410,5,1,1,7000,48,1,1,12.28671506,1,2
33,2,44,8,1,1410,5,1,1,7200,50,1,1,12.28671506,1,2
33,1,30,7,2,2710,5,1,1,7500,55,1,1,12.35273937,1,2
33,2,27,8,2,2640,11,1,1,6000,50,1,1,12.28671506,1,2
33,2,28,8,2,2610,10,1,1,6300,48,1,1,12.28671506,1,2
33,1,37,8,1,1080,5,1,1,8500,45,1,1,12.35273937,1,2
33,1,38,8,1,1080,5,1,1,8500,48,1,1,12.35273937,1,2
33,1,38,5,2,1075,5,1,1,5500,48,1,1,12.35273937,1,2
33,2,35,7,2,1410,5,1,1,7600,54,1,1,12.28671506,1,2
33,2,36,7,2,1410,5,1,1,8300,54,1,1,12.28671506,1,2
33,2,43,5,6,1410,5,1,1,8500,50,1,1,12.28671506,1,2
33,2,43,5,6,1410,5,1,1,9500,55,1,1,12.28671506,1,2
33,1,43,8,1,1410,5,1,1,10000,52,1,1,12.35273937,1,2
33,1,44,8,1,1410,5,1,1,10600,56,1,1,12.35273937,1,2
33,2,43,5,5,161,9,1,1,5100,40,1,1,12.28671506,1,2
33,2,44,6,1,161,9,1,1,5600,40,1,1,12.28671506,1,2
33,2,30,6,1,2930,11,1,1,4300,46,1,1,12.28671506,1,2
33,2,30,6,2,2930,10,1,1,4800,48,1,1,12.28671506,1,2
33,1,35,8,1,2610,11,1,1,13500,45,1,1,12.35273937,1,2
33,1,35,8,1,2680,11,1,1,13800,45,1,1,12.35273937,1,2
33,2,40,5,2,1410,5,1,1,7200,52,1,1,12.28671506,1,2
33,2,41,5,2,1410,5,1,1,9100,52,1,1,12.28671506,1,2
33,2,36,4,2,1410,11,1,1,6400,48,1,1,12.28671506,1,2
33,2,36,4,2,1410,11,1,1,6600,50,1,1,12.28671506,1,2
33,1,27,8,1,2022,11,1,1,5400,50,1,1,12.35273937,1,2
33,1,27,8,1,2022,5,1,1,5700,52,1,1,12.35273937,1,2
33,1,39,8,1,1071,11,1,1,10400,45,1,1,12.35273937,1,2
33,1,39,8,1,1061,11,1,1,10800,45,1,1,12.35273937,1,2
33,2,38,8,1,1322,11,1,1,10500,48,1,1,12.28671506,1,2
33,2,38,8,1,1629,11,1,1,10500,48,1,1,12.28671506,1,2
33,1,35,3,2,3100,3,6,2,7000,49,1,2,158.1263012,1,2
33,1,35,3,2,3100,3,6,2,7000,60,1,2,158.1263012,1,2
33,2,33,4,2,3100,3,6,2,6000,49,1,2,154.9320626,1,2
33,2,34,4,2,3100,3,6,2,6000,60,1,2,154.9320626,1,2
33,2,47,1,2,2599,5,2,1,6000,48,1,2,154.9320626,1,2
33,2,48,5,2,2599,5,1,1,6000,56,1,2,154.9320626,1,2
33,2,18,4,3,1410,5,2,1,3000,48,1,2,173.7258732,1,2
33,2,18,4,2,1410,5,1,1,5000,54,1,2,173.7258732,1,2
33,1,45,4,2,2410,5,2,1,8000,48,1,2,158.1263012,1,2
33,1,45,4,2,2410,5,1,1,8000,63,1,2,158.1263012,1,2
33,1,22,3,2,3100,3,6,2,6000,56,1,2,161.2401951,1,2
33,2,25,4,2,1410,5,2,1,6000,48,1,2,154.9320626,1,2
33,2,26,4,2,1410,5,1,1,6000,56,1,2,154.9320626,1,2
33,2,16,4,2,1410,5,2,1,4000,48,1,2,173.7258732,1,2
33,2,17,4,2,1410,5,1,1,4000,62,1,2,173.7258732,1,2
33,1,41,4,2,3100,3,6,2,10000,56,1,2,158.1263012,1,2
33,2,38,4,2,1410,5,1,1,5000,48,1,2,154.9320626,1,2
33,2,38,4,2,1410,5,1,1,5000,62,1,2,154.9320626,1,2
33,1,28,5,2,3100,3,6,2,9000,62,1,2,158.1263012,1,2
33,1,43,5,2,3100,3,7,2,15000,63,1,2,158.1263012,1,2
33,1,43,4,2,3100,3,6,2,23000,66,1,2,158.1263012,1,2
33,2,43,5,2,1410,5,1,1,7000,56,1,2,154.9320626,1,2
33,2,42,4,2,1410,5,1,1,6000,52,1,2,154.9320626,1,2
33,1,24,5,2,3100,3,7,2,8000,60,1,2,161.2401951,1,2
33,1,24,4,2,3100,3,7,2,11000,63,1,2,161.2401951,1,2
33,2,22,5,2,1410,5,1,1,5000,54,1,2,173.7258732,1,2
33,2,22,4,2,1410,5,1,1,5500,54,1,2,173.7258732,1,2
33,1,48,5,2,3100,3,7,2,11000,63,1,2,158.1263012,1,2
33,1,53,5,2,3100,3,7,2,15000,68,1,2,158.1263012,1,2
33,2,47,5,2,1410,5,1,1,7000,58,1,2,154.9320626,1,2
33,1,24,5,2,3100,3,7,2,9000,63,1,2,161.2401951,1,2
33,1,22,3,2,3100,3,7,2,10000,62,1,2,161.2401951,1,2
33,1,22,3,2,3100,3,7,2,12000,63,1,2,161.2401951,1,2
33,1,39,5,2,3100,3,7,2,10000,63,1,2,158.1263012,1,2
33,1,39,5,2,3100,3,7,2,8000,72,1,2,158.1263012,1,2
33,2,38,4,2,3100,3,7,2,7000,57,1,2,154.9320626,1,2
33,2,38,4,2,1410,3,7,2,7000,63,1,2,154.9320626,1,2
33,1,37,5,2,3100,3,7,2,25000,66,1,2,158.1263012,1,2
33,2,35,6,1,1410,5,4,2,3750,56,1,2,154.9320626,1,2
33,1,32,5,2,3100,3,7,2,15000,62,1,2,158.1263012,1,2
33,1,33,5,2,3100,3,7,2,15000,67,1,2,158.1263012,1,2
33,2,31,4,2,1410,3,7,2,7000,57,1,2,154.9320626,1,2
33,2,31,4,2,1410,3,7,2,7500,60,1,2,154.9320626,1,2
33,1,21,5,1,3100,3,7,2,9000,66,1,2,161.2401951,1,2
33,2,27,5,2,1410,5,1,1,7000,60,1,2,154.9320626,1,2
33,2,43,5,2,1410,5,1,1,7500,63,1,2,154.9320626,1,2
33,1,20,5,2,3100,3,7,2,8000,66,1,2,161.2401951,1,2
33,1,41,5,2,3100,3,6,2,10000,72,1,2,143.1584526,1,2
33,1,41,5,2,3100,3,6,2,12000,56,1,2,143.1584526,1,2
33,2,39,5,2,1410,5,1,1,7000,63,1,2,140.2665728,1,2
33,2,39,5,2,1410,5,1,1,6000,53,1,2,140.2665728,1,2
33,1,20,5,2,1410,5,1,2,6000,62,1,2,145.9775929,1,2
33,2,29,4,2,1410,11,1,1,6000,54,1,2,140.2665728,1,2
33,2,20,5,2,1410,5,1,1,6000,56,1,2,157.2814073,1,2
33,1,27,5,2,1410,5,1,1,6500,62,1,2,143.1584526,1,2
33,1,27,5,2,1410,5,1,1,6500,60,1,2,143.1584526,1,2
33,1,26,5,2,1410,5,1,1,5500,63,1,2,143.1584526,1,2
33,1,28,5,7,1071,11,1,1,8500,53,1,2,143.1584526,1,2
33,1,31,8,1,2630,11,1,1,12000,54,1,2,143.1584526,1,2
33,1,30,8,1,2640,11,1,1,11000,50,1,2,143.1584526,1,2
33,2,29,8,1,2630,11,1,1,7500,50,1,2,140.2665728,1,2
33,2,41,5,2,1410,5,1,1,6500,63,1,2,140.2665728,1,2
33,2,41,5,2,1410,5,1,1,7000,63,1,2,140.2665728,1,2
33,1,19,5,2,1410,5,1,1,5000,62,1,2,145.9775929,1,2
33,1,23,5,2,1410,5,1,1,5500,62,1,2,145.9775929,1,2
33,1,25,8,1,1080,5,1,1,8000,53,1,2,143.1584526,1,2
33,2,41,5,2,1410,5,1,1,7000,63,1,2,140.2665728,1,2
33,1,20,5,2,1410,5,1,1,6000,64,1,2,145.9775929,1,2
33,1,23,3,2,1410,5,1,1,5000,63,1,2,145.9775929,1,2
33,1,23,4,2,1410,5,1,1,5500,63,1,2,145.9775929,1,2
33,1,35,5,2,1410,5,1,1,7500,65,1,2,143.1584526,1,2
33,1,47,5,2,1410,5,1,1,13000,66,1,2,143.1584526,1,2
33,2,31,5,2,1410,5,1,1,7000,65,1,2,140.2665728,1,2
33,2,45,5,2,1410,5,1,1,10000,66,1,2,140.2665728,1,2
33,1,32,5,2,2610,11,1,1,12000,54,1,2,143.1584526,1,2
33,1,32,5,2,1080,5,1,1,9000,66,1,2,143.1584526,1,2
33,2,37,5,2,1410,5,1,1,7500,64,1,2,140.2665728,1,2
33,2,37,5,2,1410,5,1,1,7000,63,1,2,140.2665728,1,2
33,1,32,5,2,1410,5,1,1,11000,60,1,2,143.1584526,1,2
33,2,32,5,2,1410,5,1,1,9000,66,1,2,140.2665728,1,2
33,2,29,5,2,1410,5,1,1,8000,60,1,2,152.9158998,1,2
33,2,29,5,2,1410,5,1,1,7500,54,1,2,152.9158998,1,2
33,2,46,4,2,1701,3,7,2,1000,48,1,2,152.9158998,1,2
33,2,27,4,2,2610,11,1,1,5000,56,1,2,152.9158998,1,2
33,2,27,4,2,2610,11,1,1,5000,56,1,2,152.9158998,1,2
33,2,23,5,2,1410,5,2,2,3000,50,1,2,171.4651427,1,2
33,1,42,3,2,1622,3,6,2,7000,56,1,2,156.0685712,1,2
33,1,21,5,2,3100,3,7,2,5000,72,1,2,159.1419433,1,2
33,1,21,5,2,3100,3,7,2,1000,72,1,2,159.1419433,1,2
33,1,34,5,2,3100,3,7,1,7000,54,1,2,156.0685712,1,2
33,1,34,5,2,3100,3,7,2,12000,72,1,2,156.0685712,1,2
33,2,33,5,2,1410,5,1,1,6500,54,1,2,152.9158998,1,2
33,2,33,5,2,1410,5,1,1,7000,63,1,2,152.9158998,1,2
33,2,29,5,2,2610,11,1,1,8800,55,1,2,152.9158998,1,2
33,2,29,5,2,2610,11,1,1,8000,54,1,2,152.9158998,1,2
33,2,47,5,2,3100,3,7,2,8000,62,1,2,152.9158998,1,2
33,2,47,5,2,3100,3,7,2,8000,62,1,2,152.9158998,1,2
33,2,31,5,2,1410,5,1,2,7000,54,1,2,152.9158998,1,2
33,2,31,5,2,1410,5,1,1,7500,62,1,2,152.9158998,1,2
33,1,40,5,2,3100,3,7,2,10000,60,1,2,156.0685712,1,2
33,2,32,5,2,1329,11,1,1,7500,62,1,2,152.9158998,1,2
33,2,32,5,2,2610,11,1,1,8000,60,1,2,152.9158998,1,2
33,2,34,5,2,1410,5,1,1,8500,62,1,2,152.9158998,1,2
33,2,34,5,2,1410,5,1,1,8000,60,1,2,152.9158998,1,2
33,1,40,4,2,3100,3,7,2,12000,68,1,2,156.0685712,1,2
33,1,40,5,2,3100,3,7,2,12000,70,1,2,156.0685712,1,2
33,2,40,4,2,2610,11,1,1,8000,66,1,2,152.9158998,1,2
33,2,40,5,2,2610,11,1,1,8000,62,1,2,152.9158998,1,2
33,1,27,8,1,1080,5,1,1,6000,50,1,2,156.0685712,1,2
33,1,28,8,1,1080,5,1,1,6500,60,1,2,156.0685712,1,2
33,1,24,8,1,1080,5,1,1,7000,55,1,2,159.1419433,1,2
33,1,24,8,1,1080,5,1,1,7500,66,1,2,159.1419433,1,2
33,1,43,5,2,1622,3,7,2,9000,72,1,2,156.0685712,1,2
33,1,43,5,2,1622,3,7,2,8000,62,1,2,156.0685712,1,2
33,2,37,5,2,1410,5,1,1,8000,64,1,2,152.9158998,1,2
33,2,38,5,2,1410,5,1,1,8000,65,1,2,152.9158998,1,2
33,2,30,5,2,2610,11,1,1,6200,46,1,2,159.6773281,1,2
33,2,30,5,2,2610,11,1,1,6300,46,1,2,159.6773281,1,2
33,2,37,5,2,1322,5,1,1,6000,52,1,2,159.6773281,1,2
33,2,37,5,2,1511,5,1,1,6300,52,1,2,159.6773281,1,2
33,2,38,4,2,1410,11,1,1,4800,42,1,2,159.6773281,1,2
33,2,39,4,2,1410,11,1,1,4700,42,1,2,159.6773281,1,2
33,2,24,5,2,2610,11,1,1,6200,52,1,2,179.0467563,1,2
33,2,24,5,2,2610,11,1,1,6600,52,1,2,179.0467563,1,2
33,1,27,5,7,2610,11,1,1,6500,55,1,2,162.9694,1,2
33,1,27,7,1,2610,11,1,1,6500,52,1,2,162.9694,1,2
33,2,23,4,2,2610,11,1,1,5500,55,1,2,179.0467563,1,2
33,2,23,4,2,2610,11,1,1,5500,54,1,2,179.0467563,1,2
33,1,27,2,2,2592,5,2,2,3800,48,1,2,162.9694,1,2
33,2,46,4,2,1410,5,1,1,3800,54,1,2,159.6773281,1,2
33,2,46,4,2,1410,5,1,1,3800,50,1,2,159.6773281,1,2
33,2,33,4,2,1410,11,1,1,4600,40,1,2,159.6773281,1,2
33,2,33,4,2,1410,11,1,1,4600,42,1,2,159.6773281,1,2
33,1,43,4,2,1075,5,1,1,5600,54,1,2,162.9694,1,2
33,1,43,4,2,1010,5,1,1,5600,54,1,2,162.9694,1,2
33,2,29,4,2,2610,11,1,1,5500,49,1,2,159.6773281,1,2
33,2,29,4,2,2640,11,1,1,5800,49,1,2,159.6773281,1,2
33,1,34,3,2,2511,3,6,2,4000,52,1,2,162.9694,1,2
33,1,35,3,2,2511,3,6,2,4600,52,1,2,162.9694,1,2
33,1,22,4,2,3092,11,1,1,5700,24,1,2,166.1786663,1,2
33,1,23,4,2,2930,11,1,1,5500,48,1,2,166.1786663,1,2
33,2,22,5,2,3092,11,1,1,5500,24,1,2,179.0467563,1,2
33,2,23,5,2,2930,11,1,1,5200,48,1,2,179.0467563,1,2
33,1,36,4,2,1702,5,2,2,6000,52,1,2,162.9694,1,2
33,2,32,4,2,1313,11,1,1,4500,52,1,2,159.6773281,1,2
33,2,33,4,2,1322,11,1,1,4800,48,1,2,159.6773281,1,2
33,1,33,5,2,2511,3,6,2,4200,52,1,2,162.9694,1,2
33,1,34,5,2,2511,3,6,2,4000,50,1,2,162.9694,1,2
33,2,28,4,2,2930,11,1,1,4800,48,1,2,159.6773281,1,2
33,2,29,4,2,2930,11,1,1,4900,48,1,2,159.6773281,1,2
33,1,53,4,2,1104,5,1,1,5500,52,1,2,162.9694,1,2
33,2,28,8,2,2930,11,1,1,8300,48,1,2,159.6773281,1,2
33,2,28,8,2,2930,11,1,1,8300,50,1,2,159.6773281,1,2
33,1,28,8,2,2930,11,1,1,8600,50,1,2,162.9694,1,2
33,1,29,8,2,2930,11,1,1,8300,48,1,2,162.9694,1,2
33,2,50,4,2,2599,5,6,2,5500,50,1,2,159.6773281,1,2
33,2,21,7,2,2640,11,1,1,5900,48,1,2,179.0467563,1,2
33,2,38,4,2,2920,11,3,1,3300,40,1,2,24.61897521,1,2
33,2,38,4,2,2930,11,2,1,3500,48,1,2,24.61897521,1,2
33,1,36,8,1,2410,5,2,1,10000,56,1,2,25.12654531,1,2
33,1,36,8,1,2410,11,2,1,10500,54,1,2,25.12654531,1,2
33,2,34,6,1,2829,5,2,1,6000,48,1,2,24.61897521,1,2
33,2,34,6,1,2813,11,2,1,6500,56,1,2,24.61897521,1,2
33,1,29,4,2,3100,3,6,2,3000,40,1,2,25.12654531,1,2
33,1,29,4,2,3100,3,6,2,4000,40,1,2,25.12654531,1,2
33,2,27,5,2,1410,5,2,1,5000,60,1,2,24.61897521,1,2
33,2,27,5,2,1410,5,2,1,5000,54,1,2,24.61897521,1,2
33,2,28,5,2,2920,11,2,1,5200,40,1,2,24.61897521,1,2
33,2,28,5,2,2930,11,2,1,5500,40,1,2,24.61897521,1,2
33,1,43,4,2,1323,5,3,2,4000,48,1,2,25.12654531,1,2
33,1,44,4,2,2212,5,3,2,4500,48,1,2,25.12654531,1,2
33,1,21,5,2,1410,5,1,1,6000,60,1,2,25.62134848,1,2
33,2,21,5,2,1410,5,2,1,5000,54,1,2,27.60534453,1,2
33,1,21,5,2,1410,5,2,1,6000,54,1,2,25.62134848,1,2
33,1,34,4,2,3100,3,6,2,5000,48,1,2,25.12654531,1,2
33,1,36,4,2,3100,3,6,2,5000,48,1,2,25.12654531,1,2
33,1,26,5,2,2610,11,3,1,5500,48,1,2,25.12654531,1,2
33,1,27,5,2,2930,11,2,1,6000,48,1,2,25.12654531,1,2
33,2,27,5,2,2610,11,3,1,5000,48,1,2,24.61897521,1,2
33,2,28,5,2,2930,11,2,1,5000,48,1,2,24.61897521,1,2
33,2,25,8,1,1080,5,2,1,5000,48,1,2,24.61897521,1,2
33,1,33,5,6,2511,3,6,2,5500,50,1,2,160.061023,1,2
33,2,34,5,2,1410,5,2,1,5500,56,1,2,156.8277019,1,2
33,2,35,5,2,1410,5,1,1,4500,56,1,2,156.8277019,1,2
33,1,28,5,6,1080,5,1,1,13000,56,1,2,160.061023,1,2
33,1,22,4,2,2220,5,2,1,6600,56,1,2,163.2130163,1,2
33,2,24,5,2,1410,5,2,1,5200,56,1,2,175.8514603,1,2
33,2,25,5,2,1410,5,1,1,5200,56,1,2,156.8277019,1,2
33,2,37,4,2,1410,3,6,2,5000,50,1,2,156.8277019,1,2
33,2,37,4,2,1410,3,6,2,5000,50,1,2,156.8277019,1,2
33,2,30,5,2,1410,5,2,1,8000,56,1,2,156.8277019,1,2
33,2,31,5,2,1410,5,1,1,8000,56,1,2,156.8277019,1,2
33,1,35,5,2,2511,3,7,2,4000,48,1,2,160.061023,1,2
33,1,36,5,2,2511,3,6,2,4000,50,1,2,160.061023,1,2
33,2,35,4,2,1410,5,2,1,7000,56,1,2,156.8277019,1,2
33,2,36,4,2,1410,5,1,1,4500,56,1,2,156.8277019,1,2
33,2,18,5,2,1410,5,1,2,4000,56,1,2,175.8514603,1,2
33,1,23,5,7,2220,5,2,1,5000,48,1,2,163.2130163,1,2
33,1,36,5,2,1410,5,2,1,6500,60,1,2,171.9237626,1,2
33,2,31,5,2,1410,11,2,1,6000,53,1,2,168.4508076,1,2
33,2,38,5,2,1410,11,2,1,5700,52,1,2,168.4508076,1,2
33,2,39,5,2,1410,11,3,2,4000,48,1,2,168.4508076,1,2
33,2,39,5,2,1410,11,2,1,4500,52,1,2,168.4508076,1,2
33,2,44,4,2,1410,5,2,1,4200,48,1,2,168.4508076,1,2
33,2,44,4,2,1410,5,2,1,5000,49,1,2,168.4508076,1,2
33,2,18,5,2,1410,5,4,2,3000,48,1,2,188.8844901,1,2
33,2,45,4,2,1410,5,4,2,3000,48,1,2,168.4508076,1,2
33,2,45,4,2,1410,5,3,2,3000,48,1,2,168.4508076,1,2
33,1,18,5,2,1410,5,2,1,4000,48,1,2,175.3093623,1,2
33,1,19,5,2,1410,5,2,1,3800,65,1,2,175.3093623,1,2
33,1,33,3,1,2394,3,6,2,7000,48,1,2,171.9237626,1,2
33,2,29,4,2,1410,11,2,1,5000,60,1,2,168.4508076,1,2
33,2,30,4,2,1410,5,1,1,5000,56,1,2,168.4508076,1,2
33,1,34,5,2,1410,11,2,1,4800,54,1,2,171.9237626,1,2
33,2,31,4,2,1410,11,2,1,5300,60,1,2,168.4508076,1,2
33,2,31,4,2,1410,11,2,1,5500,60,1,2,168.4508076,1,2
33,1,22,4,2,3100,3,6,2,4500,56,1,2,175.3093623,1,2
33,1,22,4,2,3100,3,6,2,4500,48,1,2,175.3093623,1,2
33,2,21,5,2,1410,11,2,1,9000,56,1,2,188.8844901,1,2
33,2,21,5,2,1410,11,2,1,9500,60,1,2,188.8844901,1,2
33,1,29,5,6,2599,5,2,1,5000,65,1,2,171.9237626,1,2
33,1,29,5,6,2599,5,2,1,5300,60,1,2,171.9237626,1,2
33,2,27,5,2,1410,5,2,1,4000,60,1,2,168.4508076,1,2
33,2,27,5,2,1410,11,2,1,4600,59,1,2,168.4508076,1,2
33,2,29,8,2,1410,5,2,1,5000,60,1,2,168.4508076,1,2
33,2,30,8,2,1410,11,2,1,5800,60,1,2,168.4508076,1,2
33,2,31,5,5,1410,5,1,1,6500,56,1,2,151.3780906,1,2
33,2,31,5,2,1410,5,1,1,6500,56,1,2,151.3780906,1,2
33,2,16,4,2,1410,5,1,1,3800,56,1,2,169.7407918,1,2
33,2,16,4,2,1410,5,1,1,4200,56,1,2,169.7407918,1,2
33,2,19,5,2,2610,5,1,1,4500,56,1,2,169.7407918,1,2
33,2,19,5,2,2610,5,1,1,4500,56,1,2,169.7407918,1,2
33,2,30,5,2,1410,5,1,1,6800,56,1,2,151.3780906,1,2
33,2,30,5,2,1410,5,1,1,7800,56,1,2,151.3780906,1,2
33,2,17,4,2,1410,5,1,2,3900,56,1,2,169.7407918,1,2
33,2,17,4,2,1410,5,1,1,4200,56,1,2,169.7407918,1,2
33,2,17,4,2,1410,5,1,1,5000,56,1,2,169.7407918,1,2
33,1,21,5,2,1410,5,1,1,5000,56,1,2,157.5415215,1,2
33,2,29,5,2,1410,5,2,1,4400,56,1,2,151.3780906,1,2
33,2,24,5,6,141,5,1,1,4800,56,1,2,170.6834822,1,2
33,2,24,5,6,1410,5,2,1,4800,56,1,2,169.7407918,1,2
33,2,45,5,2,1410,5,1,1,4800,56,1,2,151.3780906,1,2
33,2,42,5,4,2930,11,2,1,5520,52,1,1,90.35546583,1,2
33,2,42,5,3,2930,5,4,1,5400,56,1,1,90.35546583,1,2
33,1,27,4,2,2511,3,6,2,5000,54,1,1,90.841003,1,2
33,2,32,4,2,1410,5,2,1,4100,66,1,1,90.35546583,1,2
33,2,34,7,2,1410,5,2,2,4160,50,1,1,90.35546583,1,2
33,1,38,3,2,1080,5,2,1,6580,63,1,1,90.841003,1,2
33,1,38,3,2,1080,11,2,1,6800,54,1,1,90.841003,1,2
33,2,41,4,2,1410,5,2,1,4500,62,1,1,90.35546583,1,2
33,2,41,4,2,1410,5,2,1,4000,65,1,1,90.35546583,1,2
33,2,30,4,2,1410,5,2,1,4620,48,1,1,90.35546583,1,2
33,2,30,4,2,1410,5,2,1,4720,52,1,1,90.35546583,1,2
33,1,34,6,2,2599,5,2,1,13440,48,1,1,90.841003,1,2
33,2,40,3,2,1410,5,2,1,4460,48,1,1,90.35546583,1,2
33,2,40,3,2,1410,11,2,1,4320,52,1,1,90.35546583,1,2
33,1,44,8,1,161,9,1,1,8240,40,1,1,90.841003,1,2
33,1,44,8,1,161,9,1,1,8150,40,1,1,90.841003,1,2
33,1,35,4,2,2511,3,6,2,5400,48,1,2,168.1313267,1,2
33,1,48,8,3,2410,5,2,1,18800,55,1,2,168.1313267,1,2
33,1,49,8,2,2410,5,2,1,18200,52,1,2,168.1313267,1,2
33,1,30,3,2,1410,3,6,2,4570,50,1,2,168.1313267,1,2
33,2,30,7,2,1410,3,6,2,4820,50,1,2,164.734981,1,2
33,1,40,4,4,2410,5,2,1,5960,52,1,2,168.1313267,1,2
33,2,31,4,2,3240,5,3,1,5030,48,1,2,164.734981,1,2
33,1,30,5,2,1410,5,2,1,5420,48,1,2,168.1313267,1,2
33,2,31,5,2,1410,5,2,1,5360,48,1,2,164.734981,1,2
33,2,33,4,2,2393,3,2,2,6500,48,1,2,164.734981,1,2
33,2,30,5,2,1410,5,2,1,4160,48,1,2,164.734981,1,2
33,1,36,5,7,2599,5,2,1,8600,54,1,2,25.00169291,1,2
33,1,37,5,7,2599,5,2,1,9500,63,1,2,25.00169291,1,2
33,2,35,4,2,1410,5,2,1,4300,70,1,2,24.4966449,1,2
33,2,40,4,2,1410,5,2,1,4300,48,1,2,24.4966449,1,2
33,2,41,4,3,1410,5,2,1,4200,48,1,2,24.4966449,1,2
33,2,39,4,2,118,5,2,1,5200,42,1,2,24.63269206,1,2
33,2,43,4,2,1410,11,2,1,4800,48,1,2,24.4966449,1,2
33,2,43,4,2,1410,5,2,1,4700,56,1,2,24.4966449,1,2
33,2,43,4,2,1410,5,2,1,4700,48,1,2,24.4966449,1,2
33,1,23,5,2,2220,5,2,1,6000,56,1,2,25.49403743,1,2
33,1,23,5,2,2220,5,2,1,6000,48,1,2,25.49403743,1,2
33,2,18,4,2,1410,5,2,1,4200,56,1,2,27.46817511,1,2
33,2,18,4,2,1410,5,2,1,4200,48,1,2,27.46817511,1,2
33,2,33,4,2,1410,5,2,1,4100,56,1,2,24.4966449,1,2
33,2,33,4,2,1410,5,2,1,4400,48,1,2,24.4966449,1,2
33,1,21,3,2,2410,5,2,1,5400,48,1,2,160.8010013,1,2
33,1,21,6,2,1410,5,2,1,5100,48,1,2,160.8010013,1,2
33,2,19,5,2,1410,5,2,1,4900,48,1,2,173.2526703,1,2
33,1,30,4,2,1079,3,6,2,3700,47,1,2,157.6955892,1,2
33,2,20,4,2,1410,5,2,1,4100,48,1,2,173.2526703,1,2
33,2,22,5,2,1410,5,2,1,4300,48,1,2,173.2526703,1,2
33,1,46,4,2,2512,5,2,1,6800,48,1,2,157.6955892,1,2
33,1,23,4,2,2410,5,2,1,5400,48,1,2,160.8010013,1,2
33,1,25,8,1,2511,5,2,1,6750,48,1,2,157.6955892,1,2
33,1,25,8,1,2599,5,2,1,6750,52,1,2,157.6955892,1,2
33,1,30,8,4,1410,5,3,1,8000,48,1,2,157.6955892,1,2
33,1,30,8,1,1410,5,2,1,8120,48,1,2,157.6955892,1,2
33,1,26,4,2,2220,5,6,2,4280,48,1,2,134.5940197,1,2
33,1,26,4,2,2220,5,6,1,4350,48,1,2,134.5940197,1,2
33,1,24,8,1,2220,5,2,1,5200,48,1,2,137.2445054,1,2
33,1,27,5,2,2220,5,2,1,6730,48,1,2,134.5940197,1,2
33,1,28,5,2,2220,5,2,1,6920,48,1,2,134.5940197,1,2
33,1,35,8,1,1410,5,2,1,9980,48,1,2,134.5940197,1,2
33,1,36,8,1,1410,5,2,1,9980,48,1,2,134.5940197,1,2
33,2,32,7,1,1410,5,2,1,7360,48,1,2,131.8751462,1,2
33,2,33,7,1,1410,5,2,1,7360,48,1,2,131.8751462,1,2
33,1,35,4,6,2640,5,2,1,6750,48,1,2,134.5940197,1,2
33,1,35,4,5,2750,5,2,1,6900,48,1,2,134.5940197,1,2
33,1,21,5,1,3091,5,7,2,5000,48,1,2,158.1167905,1,2
33,2,42,4,2,1410,3,6,2,4300,48,1,2,151.9308536,1,2
33,2,36,4,2,1410,5,2,1,4530,56,1,2,151.9308536,1,2
33,2,30,4,2,1410,5,3,1,4730,56,1,2,151.9308536,1,2
33,2,18,4,2,1520,5,2,1,4160,56,1,2,170.3606069,1,2
33,2,19,4,2,1520,5,2,1,4170,56,1,2,170.3606069,1,2
33,1,18,5,2,1410,5,7,2,2700,56,1,2,158.1167905,1,2
33,1,18,5,2,1410,5,5,2,3140,56,1,2,158.1167905,1,2
33,2,29,5,5,1410,11,2,1,4260,48,1,2,151.9308536,1,2
33,2,29,5,2,1410,5,2,1,4260,48,1,2,151.9308536,1,2
33,2,19,5,2,1410,5,2,1,4480,48,1,2,170.3606069,1,2
33,2,20,5,2,1410,5,2,1,4600,48,1,2,170.3606069,1,2
33,1,18,4,2,2511,3,6,2,2800,41,1,2,158.1167905,1,2
33,1,18,4,2,2511,3,6,2,3200,41,1,2,158.1167905,1,2
33,1,37,4,2,2511,3,2,2,5700,48,1,2,120.2272423,1,2
33,1,38,4,2,2511,3,6,2,5600,48,1,2,120.2272423,1,2
33,1,18,4,2,1410,5,2,1,4200,48,1,2,122.594811,1,2
33,2,28,8,1,1410,11,1,1,5000,40,1,1,97.98839999,1,2
33,2,28,8,1,1410,11,1,1,5000,48,1,1,97.98839999,1,2
33,2,30,8,1,1410,11,1,1,6000,48,1,1,97.98839999,1,2
33,2,25,8,1,1410,11,1,1,6000,48,1,1,97.98839999,1,2
33,1,46,4,2,2220,5,1,1,10000,54,1,1,98.51495375,1,2
33,2,25,5,2,1410,11,1,1,4000,54,1,1,97.98839999,1,2
33,2,31,5,2,1410,11,2,1,4000,48,1,1,97.98839999,1,2
33,1,44,4,2,3100,3,6,2,5800,60,1,2,129.6790696,1,2
33,1,22,3,2,1410,11,2,1,5300,50,1,2,132.2327678,1,2
33,2,37,4,2,1410,5,2,1,5100,60,1,2,127.0594807,1,2
33,2,36,4,2,2610,5,2,2,2000,28,1,2,152.6101133,1,2
33,2,35,4,2,1410,11,2,1,5000,60,1,2,152.6101133,1,2
33,2,35,4,4,1410,11,2,1,5300,60,1,2,152.6101133,1,2
33,2,45,4,2,1410,11,2,1,5000,60,1,2,152.6101133,1,2
33,2,39,3,2,1410,11,2,1,4800,50,1,2,152.6101133,1,2
33,2,21,4,2,1410,11,2,1,4000,54,1,2,171.1222632,1,2
33,1,26,4,2,2511,3,6,2,5000,54,1,2,155.7564803,1,2
33,2,24,4,2,2930,5,2,1,3800,48,1,2,171.1222632,1,2
33,1,22,5,2,1410,11,2,1,4000,48,1,2,158.8237066,1,2
33,2,28,5,2,1410,11,1,1,4500,48,1,2,152.6101133,1,2
33,1,26,7,7,1410,11,2,1,5300,60,1,2,156.0048957,1,2
33,2,28,7,1,1410,11,2,1,5300,54,1,2,152.8535106,1,2
33,2,48,8,1,161,10,1,1,8200,40,1,2,153.702414,1,2
33,2,48,8,1,161,10,1,1,9800,48,1,2,153.702414,1,2
33,2,17,4,2,1410,5,2,2,3800,58,1,2,171.3951855,1,2
33,2,47,5,2,2392,5,1,1,5000,50,1,2,152.8535106,1,2
33,1,22,5,2,1410,11,2,1,3000,58,1,2,159.0770139,1,2
33,2,25,5,2,1410,5,2,1,5000,60,1,2,152.8535106,1,2
33,1,28,5,2,1410,3,6,2,9000,50,1,2,156.0048957,1,2
33,2,29,5,2,1410,3,6,2,3000,45,1,2,152.8535106,1,2
33,1,27,7,1,1410,11,2,1,6700,60,1,2,156.0048957,1,2
33,1,27,7,1,1410,11,2,1,6300,60,1,2,156.0048957,1,2
33,2,18,5,2,1410,5,2,1,4000,48,1,2,169.7912199,1,2
33,2,18,5,2,1410,5,2,1,3500,48,1,2,169.7912199,1,2
33,1,41,5,6,1709,5,1,2,9000,48,1,2,154.5449569,1,2
33,1,41,5,6,1709,5,5,2,9000,50,1,2,154.5449569,1,2
33,2,35,5,2,1410,5,1,1,7000,54,1,2,151.4230633,1,2
33,2,21,5,2,1410,5,2,2,4500,48,1,2,169.7912199,1,2
33,2,36,5,2,1410,11,1,1,4500,50,1,2,151.4230633,1,2
33,2,43,4,2,1410,11,2,1,5200,58,1,2,146.9024389,1,2
33,2,18,4,2,1410,5,2,1,4000,58,1,2,164.7222276,1,2
33,2,43,4,2,2593,5,2,1,4200,50,1,2,146.9024389,1,2
33,2,38,3,2,1410,11,2,1,5800,60,1,2,146.9024389,1,2
33,1,44,8,6,161,10,1,1,4776,48,1,1,15.51274246,1,2
33,1,44,8,6,161,10,1,1,4000,40,1,1,15.51274246,1,2
33,2,45,4,2,163,1,6,2,525,48,1,2,152.7514992,1,2
33,2,24,5,2,1410,5,2,1,4360,58,1,2,170.3348103,1,2
33,2,18,4,2,1520,5,2,1,7500,48,1,2,170.3348103,1,2
33,2,18,4,2,1520,5,3,1,7600,48,1,2,170.3348103,1,2
33,1,25,5,7,1410,5,3,1,5270,58,1,2,155.0397361,1,2
33,1,26,5,7,1410,5,3,1,4690,59,1,2,155.0397361,1,2
33,2,37,4,2,1410,5,2,1,4200,40,1,2,151.9078477,1,2
33,2,37,5,2,1410,5,2,1,4900,48,1,2,151.9078477,1,2
33,2,39,5,2,1410,5,2,1,5400,40,1,2,151.9078477,1,2
33,2,18,4,2,1410,5,2,2,4700,48,1,2,139.9480704,1,2
33,2,19,4,2,1410,3,2,2,5100,48,1,2,139.9480704,1,2
33,1,34,5,3,3100,3,6,2,5500,40,1,2,127.3815485,1,2
33,1,35,5,2,3100,3,6,2,5400,48,1,2,127.3815485,1,2
33,2,29,5,1,1410,5,2,1,4100,48,1,2,124.8083708,1,2
33,2,30,5,2,1410,5,2,1,4850,48,1,2,124.8083708,1,2
33,2,23,6,1,1410,5,2,1,4200,48,1,2,139.9480704,1,2
33,2,23,6,1,1410,5,2,1,4800,48,1,2,139.9480704,1,2
33,2,32,4,2,1520,5,2,2,6200,52,1,2,124.8083708,1,2
33,1,37,5,2,2220,5,2,1,6500,52,1,2,127.3815485,1,2
33,1,38,5,2,1702,5,2,1,7250,54,1,2,127.3815485,1,2
33,2,37,4,2,1410,3,6,2,2600,48,1,2,124.8083708,1,2
33,2,38,4,2,1702,3,6,2,3000,48,1,2,124.8083708,1,2
33,1,25,5,2,1410,5,2,2,4500,56,1,2,127.3815485,1,2
33,1,26,5,2,1410,5,2,2,5200,52,1,2,127.3815485,1,2
33,2,26,5,6,161,10,1,1,3000,52,1,2,125.5015198,1,2
33,2,26,5,6,161,10,1,1,3000,52,1,2,125.5015198,1,2
33,1,56,5,2,2930,5,1,2,4020,43,1,2,127.3815485,1,2
33,1,56,4,2,1410,5,2,2,4560,53,1,2,127.3815485,1,2
33,1,30,5,5,2511,3,6,2,6000,56,1,2,155.4121719,1,2
33,2,15,4,2,1410,5,3,2,3336,58,1,2,170.743988,1,2
33,2,15,4,2,1410,5,3,2,3960,58,1,2,170.743988,1,2
33,1,23,4,2,1410,5,2,2,5000,56,1,2,158.472618,1,2
33,1,23,4,2,1410,5,2,1,4500,48,1,2,158.472618,1,2
33,1,19,5,2,1410,5,2,2,4500,56,1,2,158.472618,1,2
33,1,19,5,2,1410,5,2,1,4350,48,1,2,158.472618,1,2
33,1,59,4,2,161,10,5,2,700,24,1,2,156.2752854,1,2
33,1,20,4,2,1410,3,2,2,4500,52,1,2,158.472618,1,2
33,1,20,4,2,1410,3,2,2,4700,48,1,2,158.472618,1,2
33,2,46,4,2,1410,3,2,2,4700,52,1,2,152.2727602,1,2
33,2,46,4,2,1410,3,2,2,4700,52,1,2,152.2727602,1,2
33,2,34,5,2,1410,5,1,1,8000,58,1,2,152.2727602,1,2
33,2,35,5,2,1410,5,2,1,7800,52,1,2,152.2727602,1,2
33,2,46,5,2,1410,5,2,1,5800,48,1,2,152.2727602,1,2
33,1,24,5,2,1410,3,6,2,5850,48,1,2,158.472618,1,2
33,1,24,5,2,1410,3,6,2,5200,48,1,2,158.472618,1,2
33,2,24,5,2,1410,5,2,1,5000,52,1,2,170.743988,1,2
33,2,24,5,2,1410,5,2,1,5500,52,1,2,170.743988,1,2
33,1,25,5,7,1410,5,2,1,5000,48,1,1,95.65832891,1,2
33,2,35,4,2,1410,11,2,1,4600,52,1,2,135.8055328,1,2
33,2,18,5,2,1410,5,3,2,3200,52,1,2,152.2792273,1,2
33,2,35,4,3,1410,11,2,1,4300,52,1,2,135.8055328,1,2
33,1,43,4,2,1920,3,6,2,4000,48,1,2,138.6054393,1,2
33,1,43,4,2,1920,3,6,2,4000,40,1,2,138.6054393,1,2
33,1,23,5,2,1410,5,2,1,4200,52,1,2,141.3349196,1,2
33,1,23,2,3,1410,5,2,1,4200,52,1,2,141.3349196,1,2
33,1,40,4,3,2220,5,2,1,5000,52,1,2,138.6054393,1,2
33,1,40,4,2,2220,5,2,1,5200,50,1,2,138.6054393,1,2
33,2,42,5,2,1410,5,2,1,4300,54,1,2,135.8055328,1,2
33,2,42,5,2,1410,5,2,1,5500,54,1,2,135.8055328,1,2
33,1,50,5,2,3100,3,6,2,4200,54,1,2,138.6054393,1,2
33,1,50,5,2,3100,3,6,2,3700,52,1,2,138.6054393,1,2
33,1,24,4,2,1520,5,2,1,2800,52,1,2,156.6945241,1,2
33,1,27,5,7,2410,5,2,1,4200,54,1,2,153.6684169,1,2
33,2,23,5,2,1520,5,2,1,4300,54,1,2,168.8282069,1,2
33,2,22,5,3,1520,5,2,1,3800,52,1,2,168.8282069,1,2
33,2,41,4,3,1520,5,2,1,4200,54,1,2,150.5642299,1,2
33,2,42,4,2,1520,5,2,1,4700,52,1,2,150.5642299,1,2
33,2,38,3,2,1410,11,2,1,4900,54,1,2,150.5642299,1,2
33,2,41,5,3,1520,5,2,1,6200,48,1,2,150.5642299,1,2
33,2,42,4,3,1520,5,2,1,5320,48,1,2,150.5642299,1,2
33,1,20,5,3,1520,5,2,1,4500,48,1,2,156.6945241,1,2
33,1,23,4,3,1410,5,2,1,4150,48,1,2,151.8462406,1,2
33,1,23,4,3,1410,5,2,1,4520,48,1,2,151.8462406,1,2
33,1,26,5,2,1410,5,2,1,4200,54,1,2,148.9137641,1,2
33,1,27,5,2,1410,5,2,1,4200,52,1,2,148.9137641,1,2
33,2,31,5,3,1410,11,2,1,4800,48,1,2,145.9056238,1,2
33,2,32,5,2,1410,11,2,1,6200,52,1,2,145.9056238,1,2
33,1,54,5,2,3100,3,6,2,3200,50,1,2,148.9137641,1,2
33,1,54,5,2,3100,3,6,2,5000,58,1,2,148.9137641,1,2
33,2,49,3,3,1410,5,2,1,5320,48,1,2,145.9056238,1,2
33,2,24,4,3,1520,11,2,1,4780,48,1,2,163.6044952,1,2
33,1,18,5,2,1410,5,4,2,3400,48,1,2,151.8462406,1,2
33,1,48,4,3,3100,3,6,2,6200,56,1,2,148.9137641,1,2
33,1,18,5,3,1410,5,2,1,4230,48,1,2,151.8462406,1,2
33,1,19,5,3,1410,5,2,1,5210,48,1,2,151.8462406,1,2
33,2,43,5,3,1410,5,2,1,4450,48,1,2,145.9056238,1,2
33,2,44,5,3,1410,5,2,1,5820,48,1,2,145.9056238,1,2
33,1,18,5,3,1410,5,2,1,4650,48,1,2,151.8462406,1,2
33,2,20,5,3,1520,5,3,1,3970,48,1,2,163.6044952,1,2
33,2,21,5,3,1520,5,2,1,4250,48,1,2,163.6044952,1,2
33,1,47,4,2,146,5,5,2,4100,48,1,2,151.413648,1,2
33,1,47,4,2,146,5,2,1,4100,50,1,2,151.413648,1,2
33,2,25,5,3,1410,3,6,2,4320,56,1,2,147.5356391,1,2
33,2,26,5,3,1410,5,2,1,4350,40,1,2,147.5356391,1,2
33,1,27,5,3,1410,5,2,1,4350,48,1,2,150.5773855,1,2
33,1,28,5,3,1410,5,2,1,5450,48,1,2,150.5773855,1,2
33,1,24,5,3,1410,5,2,1,4120,48,1,2,153.5426227,1,2
33,1,25,5,3,1410,5,2,1,5630,48,1,2,150.5773855,1,2
33,2,36,4,3,1520,5,2,1,5200,48,1,2,147.5356391,1,2
33,2,37,4,3,1520,5,2,1,5830,48,1,2,147.5356391,1,2
33,2,22,5,3,1410,5,2,1,4210,48,1,2,165.4322372,1,2
33,2,23,5,3,1410,5,3,1,4720,48,1,2,165.4322372,1,2
33,2,40,4,3,1410,5,2,1,4820,48,1,2,147.5356391,1,2
34,2,35,5,2,1313,5,2,2,5100,48,1,1,28.28436309,1,2
34,2,35,5,2,1312,5,2,2,5100,48,1,1,28.28436309,1,2
34,2,27,5,2,1410,3,6,2,3200,48,1,1,28.28436309,1,2
34,2,28,5,2,1410,3,7,2,3500,50,1,1,28.28436309,1,2
34,2,24,8,1,1410,5,2,1,5800,56,1,1,38.10084057,1,2
34,2,24,8,1,1410,11,2,1,5800,48,1,1,38.10084057,1,2
34,2,31,8,1,1010,5,2,1,3160,50,1,1,32.82474769,1,2
34,2,19,5,3,1410,5,5,1,4800,56,1,1,38.10084057,1,2
34,2,19,5,3,1410,5,5,1,4800,48,1,1,38.10084057,1,2
34,1,29,5,3,1410,5,5,1,5210,56,1,1,35.74947274,1,2
34,2,27,5,3,1410,5,5,1,4300,56,1,1,32.82474769,1,2
34,2,28,5,3,1410,5,5,1,4300,48,1,1,32.82474769,1,2
34,1,22,4,3,2592,3,6,2,3200,50,1,1,45.94768978,1,2
34,2,40,5,4,1410,5,5,1,4800,56,1,1,32.82474769,1,2
34,2,40,5,3,1410,5,5,1,4650,56,1,1,32.82474769,1,2
34,1,26,6,1,1103,10,1,1,2850,60,1,1,35.74947274,1,2
34,2,47,4,1,1410,5,5,1,4500,56,1,1,32.82474769,1,2
34,2,48,4,3,1430,5,5,1,4300,56,1,1,32.82474769,1,2
34,1,30,5,1,2592,3,6,2,4200,40,1,1,35.74947274,1,2
34,2,39,4,2,1410,5,2,1,4500,48,1,1,27.90361205,1,2
34,2,40,4,2,1410,5,2,1,5800,48,1,1,27.90361205,1,2
34,1,40,8,1,1310,10,1,1,7600,40,1,1,30.38985791,1,2
34,1,40,8,1,1311,10,1,1,7600,40,1,1,30.38985791,1,2
34,1,57,5,2,1313,5,2,1,5800,48,1,1,30.38985791,1,2
34,1,58,5,2,1311,5,2,1,5800,48,1,1,30.38985791,1,2
34,1,40,5,2,1311,5,7,1,6100,48,1,1,30.38985791,1,2
34,2,45,8,1,162,5,1,1,5500,40,1,1,17.32602346,1,2
34,1,30,8,1,2610,11,2,1,7500,48,1,1,18.86979328,1,2
34,2,29,8,1,2610,11,2,1,8000,48,1,1,17.32602346,1,2
34,1,28,8,1,2610,11,2,1,7800,48,1,1,18.86979328,1,2
34,1,30,5,2,2220,11,1,1,4500,55,1,1,18.86979328,1,2
34,2,25,5,2,2220,11,1,1,4200,55,1,1,17.32602346,1,2
34,1,42,4,2,1410,5,2,1,11000,56,1,2,138.8688679,1,2
34,1,24,4,2,1410,5,2,1,5000,48,1,2,165.2852914,1,2
34,1,25,4,2,1410,5,2,1,4800,48,1,2,138.8688679,1,2
34,2,16,4,2,1410,5,2,1,4700,48,1,2,155.7021632,1,2
34,1,23,4,1,1410,5,2,1,5200,48,1,2,165.2852914,1,2
34,1,24,4,2,1410,5,2,1,4700,48,1,2,165.2852914,1,2
34,2,21,5,2,1410,5,2,1,4500,48,1,2,155.7021632,1,2
34,1,35,5,2,1410,5,1,1,5700,48,1,2,138.8688679,1,2
34,1,36,5,2,1410,5,2,1,5800,48,1,2,138.8688679,1,2
34,2,36,5,2,1410,5,1,1,6800,48,1,2,139.1439054,1,2
34,2,37,5,2,1410,5,2,1,6800,48,1,2,139.1439054,1,2
34,1,18,5,2,1410,5,2,1,4500,48,1,2,165.2852914,1,2
34,1,19,5,2,1410,5,2,1,4800,48,1,2,165.2852914,1,2
34,2,42,4,2,2512,5,2,1,4800,48,1,2,139.1439054,1,2
34,2,43,4,2,2592,5,2,1,4800,48,1,2,139.1439054,1,2
34,1,23,4,2,1410,5,2,1,4500,48,1,2,165.2852914,1,2
34,1,24,4,2,1410,5,2,1,5000,48,1,2,165.2852914,1,2
34,1,22,4,2,1410,5,2,1,4700,48,1,2,165.2852914,1,2
34,2,26,5,2,1410,5,2,1,5000,48,1,2,139.1439054,1,2
34,2,27,5,2,1410,5,2,1,6000,48,1,2,139.1439054,1,2
34,2,43,5,2,1410,5,2,1,5600,48,1,2,139.1439054,1,2
34,2,43,5,2,1410,5,2,1,5500,48,1,2,139.1439054,1,2
34,1,25,4,2,1410,5,2,1,4700,48,1,2,138.8688679,1,2
34,1,25,4,2,1410,5,2,1,4900,48,1,2,138.8688679,1,2
34,1,37,4,2,1410,5,2,1,5800,48,1,2,138.8688679,1,2
34,1,37,4,2,1410,5,2,1,6200,52,1,2,138.8688679,1,2
34,2,32,4,2,1410,5,2,1,5500,48,1,2,139.1439054,1,2
34,2,32,4,2,1410,5,2,1,5800,52,1,2,139.1439054,1,2
34,2,28,7,2,1410,5,2,1,5300,48,1,2,139.1439054,1,2
34,2,29,7,2,1410,5,2,1,5400,48,1,2,139.1439054,1,2
34,2,37,4,2,1410,5,2,1,5100,48,1,2,139.1439054,1,2
34,2,38,4,2,1410,5,2,1,5200,50,1,2,139.1439054,1,2
34,2,18,5,2,1410,5,2,1,4300,48,1,2,155.7021632,1,2
34,2,18,5,2,1410,5,2,1,4500,48,1,2,155.7021632,1,2
34,2,42,3,2,1410,3,7,2,3300,50,1,2,139.1439054,1,2
34,2,42,3,2,1410,3,7,2,3000,50,1,2,139.1439054,1,2
34,1,20,5,2,1410,5,2,2,3500,48,1,2,165.2852914,1,2
34,1,20,5,2,1410,5,2,1,4000,48,1,2,165.2852914,1,2
34,2,38,4,2,1410,5,2,1,5300,48,1,2,139.1439054,1,2
34,2,38,4,2,1410,5,2,1,6000,48,1,2,139.1439054,1,2
34,1,36,5,2,1080,5,1,1,5500,54,1,2,286.2463268,1,2
34,1,36,5,2,1080,5,1,1,5200,50,1,2,286.2463268,1,2
34,2,35,5,2,1410,5,1,1,4800,54,1,2,286.8132535,1,2
34,2,40,4,2,1410,11,1,1,4800,48,1,2,286.8132535,1,2
34,2,19,5,1,1410,11,2,1,4500,48,1,2,320.944305,1,2
34,2,35,5,5,1410,11,1,1,5200,48,1,2,286.8132535,1,2
34,2,19,5,2,1410,5,2,1,3200,48,1,2,320.944305,1,2
34,1,19,5,2,2220,5,2,1,3500,48,1,2,340.6977262,1,2
34,1,30,5,1,161,10,1,1,3000,40,1,2,287.8360546,1,2
34,2,47,4,2,1410,5,1,1,5800,48,1,2,286.8132535,1,2
34,2,47,4,2,1410,5,1,1,5800,48,1,2,286.8132535,1,2
34,2,42,4,2,1410,5,1,1,4700,48,1,2,286.8132535,1,2
34,2,42,4,2,1410,5,1,1,5200,50,1,2,286.8132535,1,2
34,1,32,5,2,1410,11,2,1,5500,55,1,2,286.2463268,1,2
34,1,32,5,2,1410,11,2,1,6200,50,1,2,286.2463268,1,2
34,2,27,5,2,1520,5,2,1,5300,51,1,1,334.5361217,1,2
34,1,22,5,7,1410,5,2,1,6000,48,1,2,313.0288827,1,2
34,1,43,4,5,2599,3,6,2,5500,56,1,2,262.9996063,1,2
34,1,22,4,3,3100,3,7,2,4600,52,1,2,313.0288827,1,2
34,2,22,5,2,1410,5,2,2,4500,48,1,2,294.8796822,1,2
34,2,33,4,3,1520,5,2,1,5700,56,1,2,263.5204917,1,2
34,1,27,5,2,2395,5,2,2,7000,48,1,2,262.9996063,1,2
34,2,27,5,2,1410,5,2,2,4200,48,1,2,263.5204917,1,2
34,2,45,4,3,1520,5,3,1,5600,60,1,2,263.5204917,1,2
34,2,42,4,1,1520,5,2,2,4000,48,1,2,263.5204917,1,2
34,2,42,4,3,1520,5,4,1,4700,60,1,2,263.5204917,1,2
34,2,42,4,3,1410,3,7,2,4600,50,1,2,263.5204917,1,2
34,2,35,4,2,1600,3,7,2,3800,54,1,2,263.5204917,1,2
34,2,35,4,2,3100,5,6,2,4200,48,1,2,263.5204917,1,2
34,2,50,4,3,1322,5,5,1,5600,52,1,2,273.1700712,1,2
34,2,50,4,3,3240,5,2,1,6800,64,1,2,273.1700712,1,2
34,2,45,4,3,1400,5,5,1,6400,60,1,2,273.1700712,1,2
34,2,46,4,3,1030,3,7,2,4800,50,1,2,273.1700712,1,2
34,1,24,5,5,2599,3,5,2,6600,62,1,2,324.4913579,1,2
34,1,38,4,6,2599,3,5,2,6500,54,1,2,272.6301121,1,2
34,1,39,5,6,2599,3,7,2,5800,60,1,2,272.6301121,1,2
34,2,26,4,4,1410,5,5,1,5800,60,1,2,273.1700712,1,2
34,2,26,5,2,1410,5,2,1,5200,65,1,2,273.1700712,1,2
34,1,45,4,3,2392,5,5,1,6700,58,1,2,272.6301121,1,2
34,1,46,4,2,2392,5,2,1,6300,56,1,2,272.6301121,1,2
34,2,44,4,2,1410,5,5,1,6300,60,1,2,273.1700712,1,2
34,2,43,5,2,1410,5,2,1,5700,54,1,2,273.1700712,1,2
34,1,20,5,3,3100,3,5,2,4800,50,1,2,324.4913579,1,2
34,1,20,4,6,3100,3,7,2,4600,50,1,2,324.4913579,1,2
34,2,26,5,1,1410,5,2,2,4500,55,1,2,273.1700712,1,2
34,2,19,5,1,2610,5,2,1,6000,50,1,2,305.6775709,1,2
34,2,35,4,1,3240,5,2,1,6500,56,1,2,273.1700712,1,2
34,2,40,4,2,3240,5,2,1,4800,50,1,2,273.1700712,1,2
34,2,32,5,1,1410,5,1,1,5200,52,1,2,25.84735564,1,2
34,2,40,4,1,1410,5,1,1,6500,56,1,2,25.84735564,1,2
34,2,41,4,1,1410,5,1,1,6200,55,1,2,25.84735564,1,2
34,2,39,8,1,1410,5,1,1,7200,48,1,2,25.84735564,1,2
34,2,40,6,1,1410,5,1,1,5400,48,1,2,25.84735564,1,2
34,2,35,5,1,1410,5,1,1,6700,48,1,2,25.84735564,1,2
34,2,35,4,1,1410,5,1,1,6000,54,1,2,25.84735564,1,2
34,2,35,5,1,1410,5,1,1,6800,52,1,2,25.84735564,1,2
34,2,40,4,2,1520,5,2,1,5000,48,1,2,253.5763222,1,2
34,2,34,5,2,1520,5,2,1,5200,50,1,2,253.5763222,1,2
34,2,28,5,1,1410,5,2,2,2400,40,1,2,253.5763222,1,2
34,1,30,6,1,1080,5,2,2,5500,44,1,2,258.293373,1,2
34,1,22,5,7,1520,5,2,1,5000,52,1,2,307.427403,1,2
34,2,41,4,4,1520,5,2,1,5600,48,1,2,258.8049374,1,2
34,1,23,5,7,2599,3,6,2,6000,48,1,2,307.427403,1,2
34,2,55,4,3,1610,3,7,2,2000,40,1,2,215.7896906,1,2
34,2,55,4,3,1600,3,7,2,3000,50,1,2,215.7896906,1,2
34,2,38,4,2,1410,5,2,1,7200,58,1,2,251.0656655,1,2
34,2,39,4,2,1410,5,2,1,6000,50,1,2,251.0656655,1,2
34,2,43,4,2,1410,5,2,1,4500,58,1,2,251.0656655,1,2
34,2,44,3,2,1410,5,2,1,4500,55,1,2,251.0656655,1,2
34,2,53,4,3,1600,3,6,2,3000,50,1,2,251.0656655,1,2
34,2,42,5,3,3290,3,6,2,3500,55,1,2,251.0656655,1,2
34,2,41,4,3,1410,3,7,2,3500,50,1,2,251.0656655,1,2
34,2,54,4,3,3290,3,6,2,5000,50,1,2,251.0656655,1,2
34,2,38,5,3,1410,5,2,1,4500,56,1,1,340.6185966,1,2
34,2,39,5,3,1410,5,2,1,4800,56,1,1,340.6185966,1,2
34,1,43,5,5,1410,5,2,1,6200,49,1,1,370.968129,1,2
34,1,43,5,5,1410,5,2,1,7000,60,1,1,370.968129,1,2
34,2,39,5,3,1410,5,2,1,5000,56,1,1,340.6185966,1,2
34,2,40,5,3,1410,5,2,1,5000,56,1,1,340.6185966,1,2
34,2,25,5,3,2790,5,2,1,4500,52,1,1,340.6185966,1,2
34,2,25,5,3,2610,5,2,1,4500,56,1,1,340.6185966,1,2
34,1,31,5,6,1410,5,1,1,5000,48,1,1,370.968129,1,2
34,1,31,5,6,1410,5,2,1,5000,70,1,1,370.968129,1,2
34,2,26,7,1,1410,5,1,1,5000,48,1,1,340.6185966,1,2
34,2,26,7,1,1410,5,1,1,5000,56,1,1,340.6185966,1,2
34,2,38,5,3,1410,5,1,1,5000,55,1,1,340.6185966,1,2
34,2,38,5,3,1410,5,1,1,4500,56,1,1,340.6185966,1,2
34,2,41,4,2,1520,5,1,1,5500,53,1,2,244.6241828,1,2
34,1,36,4,2,2395,5,2,2,8000,50,1,2,244.1406487,1,2
34,2,32,4,2,1520,5,2,2,5500,50,1,2,244.6241828,1,2
34,2,29,5,2,1520,5,2,1,6000,50,1,2,244.6241828,1,2
34,2,40,4,2,1410,5,2,1,5500,55,1,2,244.6241828,1,2
34,2,23,7,1,2733,5,1,1,7000,40,1,2,273.7346945,1,2
34,1,55,4,3,2593,5,7,2,5300,58,1,2,22.45625247,1,2
34,1,55,5,3,2599,3,6,2,6000,56,1,2,22.45625247,1,2
34,1,30,6,3,1410,5,2,1,6000,48,1,2,22.45625247,1,2
34,1,50,4,3,1629,3,6,2,5500,52,1,2,22.45625247,1,2
34,1,27,7,3,1410,10,2,1,5500,50,1,2,22.45625247,1,2
34,2,28,8,3,1410,10,2,1,5000,48,1,2,22.50072832,1,2
34,2,42,4,1,1410,3,6,2,1200,47,1,2,22.50072832,1,2
34,1,57,5,1,1629,3,6,2,6000,55,1,2,22.45625247,1,2
34,1,58,4,3,3100,3,6,2,6700,56,1,2,22.45625247,1,2
34,2,51,4,1,1410,3,6,2,1500,50,1,2,22.50072832,1,2
34,1,23,4,3,1811,5,2,2,4600,56,1,2,26.72800815,1,2
34,1,23,4,3,1811,5,2,1,4500,56,1,2,26.72800815,1,2
34,2,37,5,3,1811,5,2,2,4300,56,1,2,22.50072832,1,2
34,1,34,4,3,3100,3,6,2,5300,48,1,2,22.45625247,1,2
34,1,34,4,3,3100,3,6,2,6000,56,1,2,22.45625247,1,2
34,2,40,4,3,1321,5,2,2,4700,56,1,2,22.50072832,1,2
34,2,40,4,3,1322,5,2,2,4300,56,1,2,22.50072832,1,2
34,1,20,5,3,1322,5,2,2,4500,56,1,2,26.72800815,1,2
34,2,16,4,3,1322,5,2,2,3200,56,1,2,25.17833652,1,2
34,1,36,4,5,1322,5,2,1,5500,56,1,2,22.45625247,1,2
34,2,26,6,3,1811,5,1,1,8000,56,1,2,22.50072832,1,2
34,2,57,4,1,1073,3,6,2,400,45,1,1,255.1070963,1,2
34,2,39,4,3,1410,5,2,1,5000,65,1,1,307.1151281,1,2
34,1,22,5,3,1410,5,2,2,5200,50,1,1,429.8960883,1,2
34,1,23,4,3,1410,5,2,2,5000,58,1,1,429.8960883,1,2
34,2,31,5,3,1410,5,2,1,5500,55,1,1,307.1151281,1,2
34,2,41,5,2,1410,5,2,1,8400,52,1,1,307.1151281,1,2
34,2,42,4,3,1410,5,2,2,5000,65,1,1,307.1151281,1,2
34,1,23,7,3,1410,5,2,1,4000,60,1,1,429.8960883,1,2
34,2,32,4,3,1322,3,6,2,600,45,1,1,307.1151281,1,2
34,2,33,4,3,1322,3,6,2,700,45,1,1,307.1151281,1,2
34,2,33,4,3,1410,5,2,1,6000,60,1,1,307.1151281,1,2
34,2,35,4,3,1709,3,6,2,3000,50,1,1,307.1151281,1,2
34,2,36,4,3,3290,3,6,2,3000,50,1,1,307.1151281,1,2
34,1,19,5,3,1410,5,2,2,2500,48,1,1,429.8960883,1,2
34,1,19,5,3,1410,5,2,2,2800,55,1,1,429.8960883,1,2
34,1,39,4,3,2599,3,6,2,4000,50,1,1,334.4794605,1,2
34,2,36,4,3,1322,3,6,2,1500,50,1,1,307.1151281,1,2
34,2,36,4,3,1322,3,6,2,2000,45,1,1,307.1151281,1,2
34,2,36,4,2,1520,5,2,2,5000,50,1,2,249.4014588,1,2
34,2,37,4,3,1520,5,2,1,4000,55,1,2,249.4014588,1,2
34,2,37,4,3,1520,5,2,1,4000,60,1,2,249.4014588,1,2
34,2,44,4,3,1709,3,6,2,3000,50,1,2,249.4014588,1,2
34,2,45,4,3,3290,3,6,2,3300,45,1,2,249.4014588,1,2
34,1,22,3,3,2393,5,2,1,6000,65,1,2,296.2572645,1,2
34,1,22,4,3,2393,5,2,1,6000,50,1,2,296.2572645,1,2
34,2,21,5,3,1410,10,2,2,4500,40,1,2,285.8873117,1,2
34,2,22,5,3,1410,5,2,1,5000,50,1,2,285.8873117,1,2
34,2,42,4,2,1410,5,2,1,5000,55,1,2,255.4844212,1,2
34,2,42,4,1,1410,10,2,1,5000,48,1,2,255.4844212,1,2
34,2,35,4,2,1410,5,2,1,4500,62,1,2,255.4844212,1,2
34,1,50,4,3,1030,5,2,1,6000,50,1,2,254.9794203,1,2
34,2,46,4,3,1030,5,2,1,5500,48,1,2,255.4844212,1,2
34,1,27,7,4,1030,5,2,1,5500,48,1,2,254.9794203,1,2
34,2,35,4,4,1410,10,2,1,4500,42,1,2,255.4844212,1,2
34,2,36,4,3,1410,5,2,1,5000,45,1,2,255.4844212,1,2
34,1,18,5,4,1410,5,2,2,4000,48,1,2,303.4830515,1,2
34,1,18,5,3,1410,5,2,2,4500,50,1,2,303.4830515,1,2
34,1,39,4,3,2610,5,3,2,6000,48,1,2,254.9794203,1,2
34,1,40,4,2,2431,5,2,2,6000,55,1,2,254.9794203,1,2
34,2,36,7,3,2610,5,2,2,4500,48,1,2,255.4844212,1,2
34,2,37,4,2,2610,5,2,2,4500,56,1,2,255.4844212,1,2
34,2,30,6,1,1410,5,2,2,4000,48,1,2,255.4844212,1,2
34,2,30,6,3,1410,5,2,2,5000,56,1,2,255.4844212,1,2
34,1,56,3,3,1010,3,7,2,9000,40,1,2,254.9794203,1,2
34,2,42,4,3,2790,5,1,1,4500,56,1,2,230.246962,1,2
34,2,22,5,4,1410,5,2,1,3500,56,1,2,257.6465707,1,2
34,2,38,5,3,1410,5,2,1,4800,56,1,2,230.246962,1,2
34,2,39,5,1,1410,5,1,1,4700,56,1,2,230.246962,1,2
34,2,37,4,1,2790,5,2,1,4900,56,1,2,230.246962,1,2
34,2,31,5,3,1410,5,2,1,4800,56,1,2,230.246962,1,2
34,2,36,5,3,2610,5,2,1,3200,50,1,2,230.246962,1,2
34,1,31,5,3,2599,3,6,2,3000,50,1,2,229.7918465,1,2
34,2,27,5,3,1410,5,2,1,5000,50,1,2,230.246962,1,2
34,2,45,5,3,1322,3,6,2,600,46,1,2,230.246962,1,2
34,2,20,4,3,1410,5,2,1,4000,48,1,2,257.6465707,1,2
34,1,28,5,3,2592,3,6,2,5500,56,1,2,259.203477,1,2
34,1,29,5,3,2599,3,6,2,6000,56,1,2,259.203477,1,2
34,2,24,4,3,1410,5,2,1,4500,56,1,2,290.6233967,1,2
34,2,24,4,2,1410,5,1,1,4500,56,1,2,290.6233967,1,2
34,2,18,4,3,2610,5,2,1,4500,56,1,2,290.6233967,1,2
34,2,18,4,3,2610,5,2,1,3500,56,1,2,290.6233967,1,2
34,2,30,4,3,1410,5,2,1,4500,56,1,2,259.7168439,1,2
34,1,34,4,3,3100,3,6,2,5600,56,1,2,259.203477,1,2
34,2,30,4,3,1410,5,1,1,5000,56,1,2,259.7168439,1,2
34,2,30,5,3,1410,5,1,1,5200,56,1,2,259.7168439,1,2
34,2,31,5,3,1410,5,2,1,4500,56,1,2,259.7168439,1,2
34,2,38,4,3,2610,5,2,1,3800,56,1,2,259.7168439,1,2
34,1,32,4,3,1629,3,6,2,5700,56,1,2,259.203477,1,2
34,1,20,4,3,2396,3,6,2,5500,56,1,2,308.5106321,1,2
34,1,37,4,3,1629,3,6,2,6000,56,1,2,259.203477,1,2
34,2,37,4,1,1410,6,7,2,5800,60,1,2,243.4363833,1,2
34,2,37,4,3,1410,5,3,1,5200,56,1,2,243.4363833,1,2
34,2,36,4,3,1410,5,2,1,5500,49,1,2,243.4363833,1,2
34,2,36,4,3,1410,5,2,1,5500,54,1,2,243.4363833,1,2
34,2,26,4,2,1410,11,3,1,6000,48,1,2,233.5423068,1,2
34,2,26,4,2,1410,5,2,1,5600,52,1,2,233.5423068,1,2
34,1,41,5,2,1074,3,6,2,6000,60,1,2,233.0806776,1,2
34,1,41,5,2,1062,3,6,2,6000,56,1,2,233.0806776,1,2
34,2,39,4,2,1074,3,6,2,5500,60,1,2,233.5423068,1,2
34,2,39,4,5,1071,3,6,2,5200,56,1,2,233.5423068,1,2
34,2,39,4,2,1520,5,3,1,4500,60,1,2,233.5423068,1,2
34,2,39,4,2,1520,5,3,1,5000,52,1,2,233.5423068,1,2
34,1,17,4,2,1410,5,2,1,4500,56,1,2,297.7723489,1,2
34,1,17,4,3,1410,5,3,1,4000,60,1,2,297.7723489,1,2
34,1,41,4,2,2592,3,6,2,5800,56,1,2,250.1814205,1,2
34,1,42,4,3,2591,3,6,2,6000,56,1,2,250.1814205,1,2
34,1,42,6,1,145,9,1,1,1300,28,1,2,251.5708544,1,2
34,2,51,4,3,1410,5,2,2,4000,72,1,2,250.6769187,1,2
34,2,51,4,3,1410,5,2,2,5000,56,1,2,250.6769187,1,2
34,2,43,4,5,1410,5,2,1,6000,56,1,2,250.6769187,1,2
34,2,44,4,3,1410,5,3,1,4500,63,1,2,250.6769187,1,2
34,2,21,5,3,1329,5,2,2,4500,56,1,2,280.5077117,1,2
34,2,21,5,3,1311,5,2,2,5000,56,1,2,280.5077117,1,2
34,1,55,6,1,161,8,1,1,3200,48,1,2,251.5708544,1,2
34,1,55,6,1,160,1,1,1,3200,40,1,2,251.5708544,1,2
34,2,34,4,1,1410,5,2,1,6500,56,1,2,250.6769187,1,2
34,2,37,4,3,1410,5,5,1,5500,56,1,2,256.1911554,1,2
34,2,38,4,3,1410,5,5,1,5600,50,1,2,256.1911554,1,2
34,2,35,5,5,1410,5,5,1,4800,56,1,2,256.1911554,1,2
34,2,36,5,3,1410,5,5,1,5200,48,1,2,256.1911554,1,2
34,1,24,5,4,2790,5,5,2,5200,56,1,2,304.322562,1,2
34,1,24,5,4,2732,11,5,1,5200,48,1,2,304.322562,1,2
34,1,37,5,7,3312,5,5,1,8500,60,1,2,255.6847576,1,2
34,2,37,5,3,1410,11,5,1,5200,56,1,2,256.1911554,1,2
34,2,38,5,3,1410,5,5,1,5300,48,1,2,256.1911554,1,2
34,1,33,6,1,163,6,1,1,4850,50,1,2,257.1047555,1,2
34,1,34,6,1,160,5,1,1,4850,50,1,2,257.1047555,1,2
34,2,21,4,1,1410,10,2,1,4800,56,1,2,286.678148,1,2
34,1,51,4,1,111,1,6,2,3000,42,1,2,254.7519401,1,2
34,1,21,5,3,1512,5,3,1,5000,56,1,2,301.5376473,1,2
34,1,22,5,3,1512,6,3,1,5500,56,1,2,301.5376473,1,2
34,2,49,4,3,2392,5,3,2,3500,50,1,2,253.8467006,1,2
34,2,49,4,3,2392,5,3,2,3200,54,1,2,253.8467006,1,2
34,2,42,4,3,2740,5,3,1,5500,65,1,2,253.8467006,1,2
34,2,40,4,3,2740,5,3,1,3500,56,1,2,253.8467006,1,2
34,1,32,4,3,1410,5,3,1,5000,50,1,2,253.3449369,1,2
34,2,28,5,3,1410,5,3,1,5600,56,1,2,253.8467006,1,2
34,2,32,6,3,1410,5,2,1,6000,56,1,2,253.8467006,1,2
34,2,39,3,4,1410,5,7,2,800,30,1,2,253.8467006,1,2
34,2,39,3,3,1410,5,3,1,5500,48,1,2,253.8467006,1,2
34,2,32,4,3,1410,5,3,1,6000,56,1,2,253.8467006,1,2
34,2,32,4,3,1410,5,2,1,5500,48,1,2,253.8467006,1,2
34,2,34,4,4,1080,5,6,1,3000,56,1,2,253.8467006,1,2
34,2,34,4,3,1080,5,2,1,4000,48,1,2,253.8467006,1,2
34,2,48,4,3,1329,5,3,2,3000,56,1,2,253.8467006,1,2
34,2,49,4,3,1311,5,2,2,4000,56,1,2,253.8467006,1,2
34,1,45,5,3,2599,3,6,2,2000,56,1,2,253.3449369,1,2
34,1,45,5,3,2592,3,6,2,3500,40,1,2,253.3449369,1,2
34,2,27,7,3,1410,5,5,1,4000,56,1,2,264.0174657,1,2
34,1,49,5,7,1410,5,2,1,7800,48,1,2,263.495598,1,2
34,2,38,4,3,1410,5,2,1,2900,48,1,2,264.0174657,1,2
34,1,30,5,3,2592,3,6,2,3850,56,1,2,263.495598,1,2
34,2,38,4,3,1410,5,2,1,2900,48,1,2,264.0174657,1,2
34,2,51,4,3,1410,5,2,1,2900,48,1,2,264.0174657,1,2
34,2,42,6,3,1410,5,2,1,2900,48,1,2,264.0174657,1,2
34,2,24,5,3,1410,5,5,1,4100,56,1,2,295.4357966,1,2
34,2,51,4,3,1410,5,2,1,2900,48,1,2,264.0174657,1,2
34,2,33,5,3,1410,5,5,1,4200,56,1,2,264.0174657,1,2
34,2,28,5,3,1410,5,5,1,4250,56,1,2,264.0174657,1,2
34,2,28,5,6,1410,5,5,1,4800,48,1,2,264.0174657,1,2
34,2,49,4,3,1410,3,6,2,2000,50,1,2,264.0174657,1,2
34,2,49,4,5,1410,5,5,1,4100,56,1,2,264.0174657,1,2
34,2,41,4,2,1600,5,2,1,5000,56,1,2,23.62576474,1,2
34,2,41,4,3,1709,5,2,1,5000,56,1,2,23.62576474,1,2
34,2,42,4,3,1410,5,2,1,5000,48,1,2,23.62576474,1,2
34,1,42,5,3,1610,5,2,1,5000,48,1,2,23.57906509,1,2
34,1,57,5,3,2811,5,6,2,4000,56,1,2,23.57906509,1,2
34,1,41,5,1,1410,5,2,1,6500,48,1,2,23.57906509,1,2
34,2,27,8,1,2013,5,2,1,5000,56,1,2,23.62576474,1,2
34,2,47,4,3,3100,5,5,2,4500,56,1,2,23.62576474,1,2
34,2,47,4,3,1620,5,5,2,5000,56,1,2,23.62576474,1,2
34,1,22,5,3,1410,5,2,1,5000,56,1,2,28.06440856,1,2
34,1,22,5,4,1410,5,2,2,4800,64,1,2,28.06440856,1,2
34,1,28,5,4,1410,5,5,1,4600,56,1,2,261.8626676,1,2
34,2,27,5,4,1410,5,5,1,4300,56,1,2,262.3813011,1,2
34,1,36,4,4,2599,3,6,2,7000,56,1,2,254.7309024,1,2
34,2,17,4,3,1410,5,2,1,3500,48,1,2,285.6086691,1,2
34,2,18,4,3,1400,5,3,1,4000,56,1,2,285.6086691,1,2
34,2,43,4,3,1400,5,3,2,4500,56,1,2,255.2354111,1,2
34,2,29,5,4,1400,5,3,1,3800,56,1,2,255.2354111,1,2
34,1,37,4,2,2930,5,2,1,7000,56,1,2,254.7309024,1,2
34,2,35,5,2,2930,5,2,1,5000,48,1,2,255.2354111,1,2
34,2,35,5,3,1410,3,6,2,4000,56,1,2,255.2354111,1,2
34,2,39,4,3,1410,3,6,2,4500,56,1,2,255.2354111,1,2
34,1,22,7,7,2599,3,5,2,4500,56,1,2,303.187259,1,2
34,2,27,5,3,1410,5,3,2,2500,56,1,2,255.2354111,1,2
34,2,40,5,2,1410,3,6,2,3500,48,1,2,255.2354111,1,2
34,2,40,5,3,1410,3,5,2,4800,56,1,2,255.2354111,1,2
34,2,33,5,2,1410,5,5,2,4000,58,1,2,255.2354111,1,2
34,2,34,5,3,1410,3,6,2,5000,56,1,2,255.2354111,1,2
34,1,53,7,1,161,4,1,1,5000,56,1,2,211.2256979,1,2
34,2,27,4,4,1410,5,5,1,4300,56,1,2,256.1497452,1,2
34,2,20,5,3,1520,5,5,1,4200,56,1,2,286.6318099,1,2
34,2,20,5,3,1520,5,5,1,4600,56,1,2,286.6318099,1,2
34,2,36,5,4,1010,5,6,1,3000,56,1,2,256.1497452,1,2
34,2,36,5,3,1020,5,5,1,3600,48,1,2,256.1497452,1,2
34,2,40,4,3,1410,5,5,1,4500,56,1,2,256.1497452,1,2
34,2,41,4,3,1410,5,5,1,5500,48,1,2,256.1497452,1,2
34,1,61,6,4,163,10,1,1,4300,56,1,2,227.5566574,1,2
34,1,61,6,1,161,4,1,1,4500,40,1,2,227.5566574,1,2
34,1,27,8,1,2394,3,2,1,5000,48,1,2,263.2939666,1,2
34,2,23,8,1,2394,5,2,1,5000,48,1,2,295.209724,1,2
34,2,26,7,1,1410,5,2,1,5500,48,1,2,263.8154349,1,2
34,2,26,8,1,1410,5,2,1,5500,48,1,2,263.8154349,1,2
34,2,31,4,2,1410,5,3,1,6000,48,1,2,264.0340967,1,2
34,2,32,5,2,1410,5,2,1,6500,40,1,2,264.0340967,1,2
34,1,44,5,2,2393,5,2,1,9000,48,1,2,263.5121962,1,2
34,1,44,5,2,2393,5,2,1,9500,48,1,2,263.5121962,1,2
34,1,46,8,1,161,10,1,1,4000,48,1,2,264.9756654,1,2
34,1,46,8,1,164,4,1,1,4000,40,1,2,264.9756654,1,2
34,1,23,5,3,2599,3,6,2,5000,56,1,2,313.6389803,1,2
34,1,24,5,3,2599,3,6,2,4500,48,1,2,313.6389803,1,2
34,1,41,4,3,2599,3,6,2,6000,48,1,2,263.5121962,1,2
34,1,42,4,3,2599,3,6,2,6000,48,1,2,263.5121962,1,2
34,2,40,4,2,1329,3,6,2,3000,48,1,2,264.0340967,1,2
34,2,41,4,2,1629,3,6,2,1500,30,1,2,264.0340967,1,2
34,2,40,4,2,1329,3,6,2,2500,48,1,2,264.0340967,1,2
34,2,40,4,2,1629,3,6,2,2000,40,1,2,264.0340967,1,2
34,1,28,4,2,2393,5,2,1,5500,48,1,2,251.3516643,1,2
34,1,28,4,2,2393,5,2,2,6000,48,1,2,251.3516643,1,2
34,2,41,4,2,1329,5,2,2,3500,40,1,2,251.8494803,1,2
34,2,41,4,2,1629,5,2,2,2000,40,1,2,251.8494803,1,2
34,2,28,4,2,2220,5,2,1,4000,48,1,2,251.8494803,1,2
34,2,28,4,2,2740,5,2,1,4000,48,1,2,251.8494803,1,2
34,1,25,7,1,2393,5,2,1,5000,48,1,2,251.3516643,1,2
34,1,25,7,1,2393,5,2,1,6500,48,1,2,251.3516643,1,2
34,1,23,4,2,2393,5,2,2,5500,48,1,2,299.1652032,1,2
34,1,23,4,2,2393,5,2,2,6000,48,1,2,299.1652032,1,2
34,1,47,4,2,1629,3,6,2,6000,48,1,2,251.3516643,1,2
34,1,47,4,3,1629,3,6,2,6000,48,1,2,251.3516643,1,2
34,2,49,4,1,2310,5,2,1,6000,66,1,2,251.8494803,1,2
34,2,49,4,2,2391,5,2,1,6000,48,1,2,251.8494803,1,2
34,1,31,4,2,2393,5,1,1,8000,56,1,2,251.3516643,1,2
34,1,31,4,2,2393,5,2,1,8000,48,1,2,251.3516643,1,2
34,2,28,4,2,1400,5,2,1,5000,48,1,2,251.8494803,1,2
34,1,31,5,7,3012,5,2,1,7000,56,1,2,251.3516643,1,2
34,2,30,8,1,2790,5,2,1,4500,48,1,2,251.8494803,1,2
34,2,30,8,1,1520,5,2,1,4000,56,1,2,251.8494803,1,2
34,1,34,4,2,2393,5,2,1,7000,65,1,2,251.3516643,1,2
34,1,34,4,2,2393,5,2,1,7000,48,1,2,251.3516643,1,2
34,2,25,5,2,1410,3,2,2,5000,63,1,2,251.8494803,1,2
34,2,25,5,2,1400,3,2,2,5000,48,1,2,251.8494803,1,2
34,2,43,4,2,1400,3,1,2,6000,48,1,2,251.8494803,1,2
34,1,39,4,2,2392,5,2,1,6500,48,1,2,253.3071016,1,2
34,1,39,4,3,2393,5,2,1,6500,48,1,2,253.3071016,1,2
34,1,35,4,2,2393,5,2,2,7000,48,1,2,253.3071016,1,2
34,1,35,4,2,2393,5,2,2,8000,48,1,2,253.3071016,1,2
34,2,34,5,2,1311,5,2,1,5000,48,1,2,253.8087904,1,2
34,2,34,5,3,1311,5,2,1,5500,48,1,2,253.8087904,1,2
34,1,45,4,2,2310,5,2,1,5000,48,1,2,253.3071016,1,2
34,1,45,4,2,2310,5,2,2,5500,48,1,2,253.3071016,1,2
34,2,39,4,2,2392,5,2,1,4500,48,1,2,253.8087904,1,2
34,2,40,4,2,2393,5,2,2,4500,48,1,2,253.8087904,1,2
34,2,31,5,2,2393,5,2,1,7000,48,1,2,253.8087904,1,2
34,2,32,5,2,2393,5,2,1,8000,48,1,2,253.8087904,1,2
34,2,34,4,2,2393,5,2,2,6000,48,1,2,253.8087904,1,2
34,2,34,4,2,2393,5,2,2,7000,48,1,2,253.8087904,1,2
34,2,52,4,2,2310,5,2,1,4000,48,1,2,253.8087904,1,2
34,2,51,4,2,2310,5,2,1,3500,46,1,2,253.8087904,1,2
34,1,27,5,2,2393,5,2,1,5000,56,1,2,253.3071016,1,2
34,1,28,5,2,2393,5,2,2,4000,48,1,2,253.3071016,1,2
34,2,25,5,3,1410,3,2,2,3000,48,1,2,253.8087904,1,2
34,2,25,5,2,1410,3,7,2,3000,48,1,2,253.8087904,1,2
34,1,25,5,7,2393,5,2,1,4500,48,1,2,253.3071016,1,2
34,2,31,5,3,1410,5,2,1,5000,48,1,2,253.8087904,1,2
34,2,31,5,3,1410,5,2,1,6000,48,1,2,253.8087904,1,2
34,2,45,4,2,2393,5,2,1,6000,48,1,2,253.8087904,1,2
34,2,45,4,2,2393,5,2,1,6000,48,1,2,253.8087904,1,2
34,1,37,7,1,2392,5,2,1,6000,48,1,2,253.3071016,1,2
34,1,38,7,2,2393,5,2,1,6500,48,1,2,253.3071016,1,2
34,1,21,4,2,2029,3,3,2,4000,48,1,2,301.4926148,1,2
34,1,21,4,2,2310,3,7,2,4000,48,1,2,301.4926148,1,2
34,1,42,4,2,2393,5,2,1,8000,48,1,2,253.3071016,1,2
34,1,43,4,2,2393,5,2,1,6000,48,1,2,253.3071016,1,2
34,2,36,4,2,2393,5,2,1,6000,48,1,2,253.8087904,1,2
34,2,36,4,2,2393,5,2,1,6000,48,1,2,253.8087904,1,2
34,2,31,5,2,2740,11,1,1,6200,50,1,2,249.2324876,1,2
34,1,35,4,1,2392,5,2,1,6000,48,1,2,248.7398446,1,2
34,2,34,4,1,2392,5,2,1,4000,48,1,2,249.2324876,1,2
34,1,36,4,3,2396,3,6,2,7100,55,1,2,248.7398446,1,2
34,1,36,4,3,2396,3,6,2,7100,55,1,2,248.7398446,1,2
34,2,33,4,2,2393,5,2,1,5300,50,1,2,249.2324876,1,2
34,2,29,7,1,1410,6,2,2,5100,48,1,2,249.2324876,1,2
34,2,29,7,1,1410,5,2,2,5500,50,1,2,249.2324876,1,2
34,2,18,5,2,2733,11,2,2,5100,48,1,2,278.891392,1,2
34,2,19,5,2,2733,11,2,1,5500,48,1,2,278.891392,1,2
34,1,38,3,1,311,1,6,2,7000,60,1,2,250.4473758,1,2
34,1,17,4,2,1073,3,6,2,4500,50,1,2,296.4425411,1,2
34,1,15,3,1,1073,3,6,2,4500,50,1,2,296.4425411,1,2
34,1,37,4,2,2399,5,3,1,5500,48,1,2,250.4262164,1,2
34,1,38,4,2,2393,5,3,1,6000,48,1,2,250.4262164,1,2
34,2,31,5,2,1410,5,2,1,4500,50,1,2,250.9221994,1,2
34,2,32,5,2,1410,5,2,1,5000,50,1,2,250.9221994,1,2
34,1,27,5,6,1311,5,3,1,5000,56,1,2,250.4262164,1,2
34,2,30,4,2,1410,5,3,2,4200,48,1,2,250.9221994,1,2
34,2,40,4,2,1410,5,3,2,4300,52,1,2,250.9221994,1,2
34,2,41,4,2,1410,5,3,2,4200,50,1,2,250.9221994,1,2
34,2,39,4,2,2393,5,3,2,4500,48,1,2,250.9221994,1,2
34,2,39,4,2,2393,5,3,2,5200,48,1,2,250.9221994,1,2
34,1,36,5,2,2393,5,2,1,8000,52,1,2,250.4262164,1,2
34,1,36,5,2,2393,5,3,2,4800,50,1,2,250.4262164,1,2
34,2,33,4,2,2393,5,3,1,6800,48,1,2,250.9221994,1,2
34,2,34,5,2,2393,5,3,2,5200,50,1,2,250.9221994,1,2
34,2,18,5,1,1410,3,3,2,3500,56,1,1,35.01081704,1,2
34,1,31,4,1,2393,5,2,1,5100,56,1,1,32.85014794,1,2
34,1,30,4,2,2220,5,2,2,5200,56,1,1,32.85014794,1,2
34,1,31,4,1,2393,5,2,1,5000,56,1,1,32.85014794,1,2
34,1,27,4,3,1410,5,2,1,5300,56,1,1,32.85014794,1,2
34,1,27,4,1,1410,5,2,1,7500,56,1,1,32.85014794,1,2
34,2,25,5,3,1410,5,2,1,4600,56,1,1,30.16262157,1,2
34,2,26,5,2,1410,5,2,1,6200,56,1,1,30.16262157,1,2
34,1,35,4,3,1410,5,2,1,4800,56,1,1,32.85014794,1,2
34,2,34,4,3,1410,5,2,1,4500,48,1,1,30.16262157,1,2
34,2,35,4,2,1410,5,2,1,5500,56,1,1,30.16262157,1,2
34,2,30,7,1,1410,5,2,1,6500,48,1,1,30.16262157,1,2
34,2,32,5,1,1410,5,2,1,5400,48,1,1,30.16262157,1,2
34,1,39,5,3,1410,5,2,1,5400,56,1,1,32.85014794,1,2
34,1,40,4,2,1410,5,2,1,7200,54,1,1,32.85014794,1,2
34,2,37,5,3,1410,5,2,1,4600,56,1,1,30.16262157,1,2
34,2,37,4,2,1410,5,2,1,6500,54,1,1,30.16262157,1,2
34,1,37,4,3,2393,5,2,1,7280,56,1,1,32.85014794,1,2
34,2,37,4,3,1410,5,2,2,5600,58,1,1,30.16262157,1,2
34,2,42,4,1,1410,5,2,1,5600,52,1,1,30.16262157,1,2
34,2,29,5,2,1410,5,2,1,5200,48,1,2,230.8886988,1,2
34,1,30,4,2,1410,11,2,1,6000,48,1,2,230.4323148,1,2
34,1,19,5,2,1410,11,2,1,4200,48,1,2,274.2664563,1,2
34,2,19,5,2,1410,11,2,1,4600,48,1,2,258.3646748,1,2
34,2,19,5,2,1410,11,2,1,4200,48,1,2,258.3646748,1,2
34,2,27,4,2,1410,11,2,2,4200,48,1,2,230.8886988,1,2
34,2,27,4,2,1410,11,2,1,5100,55,1,2,230.8886988,1,2
34,2,35,4,2,1410,5,2,2,4300,56,1,2,230.8886988,1,2
34,2,36,4,1,1410,5,2,2,4000,56,1,2,230.8886988,1,2
34,2,39,4,2,1410,11,2,1,5800,48,1,2,230.8886988,1,2
34,2,42,4,2,1410,11,2,1,5200,48,1,2,230.8886988,1,2
34,2,23,4,2,1410,11,2,1,6100,56,1,2,258.3646748,1,2
34,1,25,4,1,2599,3,6,2,7200,60,1,2,230.4323148,1,2
34,1,25,5,3,2592,3,6,2,5800,55,1,2,230.4323148,1,2
34,2,20,5,2,1410,5,2,1,5300,60,1,2,258.3646748,1,2
34,2,20,5,2,1410,5,2,2,6000,56,1,2,258.3646748,1,2
34,2,39,4,2,1410,5,2,2,4600,50,1,2,230.8886988,1,2
34,1,35,5,1,1410,11,2,1,6000,48,1,2,254.9794203,1,2
34,1,61,4,5,2599,6,1,1,7600,48,1,2,219.1535434,1,2
34,1,61,4,5,2599,6,1,1,8000,48,1,2,219.1535434,1,2
34,2,24,5,2,1410,5,2,2,4200,48,1,2,285.8873117,1,2
34,2,25,5,2,1410,5,2,2,4500,50,1,2,255.4844212,1,2
34,2,38,4,1,1520,5,6,2,4500,48,1,2,255.4844212,1,2
34,1,26,6,1,2512,5,3,1,6500,50,1,2,254.9794203,1,2
34,2,39,4,2,1410,11,2,1,4500,50,1,2,255.4844212,1,2
34,2,39,4,2,1410,5,2,1,5000,50,1,2,255.4844212,1,2
34,1,37,3,1,1410,5,2,2,4600,48,1,2,254.9794203,1,2
34,1,37,3,1,1410,3,3,2,3200,40,1,2,254.9794203,1,2
34,2,37,5,2,1410,5,2,1,5200,50,1,2,255.4844212,1,2
34,2,37,5,2,1410,5,2,2,5000,50,1,2,255.4844212,1,2
34,2,47,4,2,1709,5,2,2,4000,55,1,2,255.4844212,1,2
34,2,48,4,2,1512,5,2,2,4000,40,1,2,255.4844212,1,2
34,2,27,4,2,1410,5,2,2,5600,48,1,2,255.4844212,1,2
34,2,27,5,4,1410,5,2,1,6000,55,1,2,255.4844212,1,2
34,1,25,5,2,1410,11,2,1,6100,58,1,2,254.9794203,1,2
34,1,25,5,3,1410,11,2,1,6000,60,1,2,254.9794203,1,2
34,2,47,4,3,1629,3,6,2,3000,50,1,2,255.4844212,1,2
34,2,46,4,3,1629,3,6,2,2800,55,1,2,255.4844212,1,2
34,2,31,4,1,1410,6,2,1,4200,48,1,2,255.4844212,1,2
34,2,32,4,2,1410,5,2,1,5200,48,1,2,255.4844212,1,2
34,2,44,5,2,1410,5,2,1,4800,48,1,2,255.4844212,1,2
34,2,44,5,2,1410,5,2,2,4000,50,1,2,255.4844212,1,2
34,2,47,4,2,1709,5,2,2,3200,50,1,2,255.4844212,1,2
34,2,47,4,2,1512,5,2,2,4600,50,1,2,255.4844212,1,2
34,2,44,4,2,1520,11,2,2,5000,55,1,2,255.4844212,1,2
34,2,42,4,2,1520,11,2,2,5200,50,1,2,255.4844212,1,2
34,2,49,4,2,1329,5,2,1,3500,50,1,2,258.3782577,1,2
34,2,49,4,2,1322,5,2,1,3500,50,1,2,258.3782577,1,2
34,2,34,5,2,1410,11,1,1,6200,54,1,2,258.3782577,1,2
34,2,34,5,2,1410,11,1,1,6200,54,1,2,258.3782577,1,2
34,1,59,5,3,3100,3,6,2,2500,60,1,2,257.8675367,1,2
34,2,43,5,2,1311,5,1,1,5200,50,1,2,258.3782577,1,2
34,2,43,5,2,1311,5,1,1,5200,50,1,2,258.3782577,1,2
34,2,46,5,2,1311,5,1,1,5300,48,1,2,258.3782577,1,2
34,1,20,5,2,1410,5,2,1,4300,48,1,2,306.9205618,1,2
34,1,19,5,2,1410,5,2,1,3500,48,1,2,306.9205618,1,2
34,2,28,7,1,1410,5,2,1,5500,48,1,2,258.3782577,1,2
34,2,39,5,2,1520,5,1,1,5800,50,1,2,258.3782577,1,2
34,2,40,5,2,1520,5,2,1,5200,50,1,2,258.3782577,1,2
34,1,18,5,1,1410,5,2,2,3200,56,1,2,284.75668,1,2
34,1,31,5,3,1410,5,2,1,5400,56,1,2,239.2459574,1,2
34,2,27,5,2,1410,5,2,1,4500,56,1,2,239.7197973,1,2
34,2,34,4,3,1410,5,2,1,5300,56,1,2,239.7197973,1,2
34,2,34,5,2,1410,5,2,2,5200,56,1,2,239.7197973,1,2
34,1,49,4,2,3100,3,7,2,6000,56,1,2,239.2459574,1,2
34,1,29,4,3,2220,5,2,2,4800,56,1,2,239.2459574,1,2
34,2,24,3,1,1410,3,2,2,4500,56,1,2,268.2466824,1,2
34,1,32,5,6,2392,5,2,1,5500,56,1,2,239.2459574,1,2
34,1,33,5,6,2393,5,2,1,5600,56,1,2,239.2459574,1,2
34,2,46,4,1,2393,5,2,1,4500,56,1,2,239.7197973,1,2
34,2,32,5,1,1410,5,3,2,5200,56,1,2,244.4047397,1,2
34,1,34,5,2,1410,5,2,1,6200,58,1,2,243.9216393,1,2
34,2,30,5,1,1410,5,2,2,4500,50,1,2,244.4047397,1,2
34,1,23,5,1,2393,5,2,1,6500,56,1,2,290.3217967,1,2
34,2,22,5,2,1410,5,2,1,5200,56,1,2,273.4891375,1,2
34,2,37,5,3,1410,5,2,1,6000,50,1,2,232.2995708,1,2
34,2,40,4,2,1410,3,3,2,3500,56,1,2,232.2995708,1,2
34,2,34,4,3,2732,5,2,2,5000,56,1,2,232.2995708,1,2
34,2,36,5,3,1410,5,2,1,5500,48,1,2,232.2995708,1,2
34,2,54,4,3,1410,3,2,2,4500,48,1,2,232.2995708,1,2
34,2,39,4,3,1629,3,6,2,4000,56,1,2,232.2995708,1,2
34,2,40,4,3,1410,3,2,2,4500,48,1,2,232.2995708,1,2
34,2,35,4,3,1410,5,3,2,4000,48,1,2,232.2995708,1,2
34,2,41,3,3,1629,5,5,2,4500,56,1,2,232.2995708,1,2
34,2,21,7,1,1410,5,3,2,3500,42,1,2,256.7850105,1,2
34,2,21,7,1,1410,5,1,2,4500,60,1,2,256.7850105,1,2
34,2,21,4,3,1410,5,1,1,4500,56,1,2,256.7850105,1,2
34,1,23,5,3,1410,5,2,1,4500,56,1,2,272.5895672,1,2
34,1,22,5,3,1410,5,2,1,4000,56,1,2,272.5895672,1,2
34,1,38,7,1,1103,5,1,1,6000,48,1,2,227.6601967,1,2
34,1,38,7,1,1103,5,1,1,6000,48,1,2,227.6601967,1,2
34,2,37,5,2,1410,5,1,1,8000,56,1,2,228.1110904,1,2
34,2,27,5,2,1520,5,1,1,5400,60,1,2,228.1110904,1,2
34,2,37,6,1,2593,5,1,1,5700,60,1,2,228.1110904,1,2
34,2,38,6,1,2593,5,1,1,5700,60,1,2,228.1110904,1,2
34,2,41,4,2,1520,5,1,1,5200,60,1,2,228.1110904,1,2
34,2,41,4,1,1410,3,6,2,4500,49,1,2,228.1110904,1,2
34,2,32,4,2,1410,5,1,1,5700,60,1,2,228.1110904,1,2
34,2,32,4,2,1410,5,1,1,5700,60,1,2,228.1110904,1,2
34,1,36,4,2,2511,5,1,1,5500,56,1,2,227.6601967,1,2
34,1,36,4,2,2814,5,1,1,5500,60,1,2,227.6601967,1,2
34,2,35,5,2,1410,5,1,1,5700,60,1,2,228.1110904,1,2
34,2,35,5,2,1410,5,1,1,5200,60,1,2,228.1110904,1,2
34,1,34,4,3,2599,5,1,1,5300,56,1,2,227.6601967,1,2
34,1,34,4,3,2599,5,2,1,4500,56,1,2,227.6601967,1,2
34,1,50,5,3,2220,5,1,1,5000,56,1,2,227.6601967,1,2
34,1,55,5,3,2220,5,2,1,4500,56,1,2,227.6601967,1,2
34,2,48,5,3,1410,3,5,2,3700,56,1,2,228.1110904,1,2
34,2,55,5,1,1410,5,2,1,4200,56,1,2,196.0603474,1,2
34,1,18,4,3,1410,3,5,2,3000,56,1,2,270.9670102,1,2
34,1,18,4,3,1410,5,2,1,4000,56,1,2,270.9670102,1,2
34,1,43,4,3,1311,5,1,1,5500,56,1,2,227.6601967,1,2
34,1,43,4,3,1311,5,2,1,4300,56,1,2,227.6601967,1,2
34,2,34,5,1,1410,5,1,1,5200,52,1,2,252.1227841,1,2
34,1,42,5,1,2592,3,6,2,6800,40,1,2,251.6244279,1,2
34,1,42,5,1,2592,3,2,2,5800,52,1,2,251.6244279,1,2
34,2,34,5,1,1410,5,1,1,5600,49,1,2,252.1227841,1,2
34,2,35,5,1,1410,5,1,1,4800,50,1,2,252.1227841,1,2
34,1,36,5,1,1410,5,1,1,4800,50,1,2,251.6244279,1,2
34,2,34,5,1,1410,5,1,1,4900,52,1,2,252.1227841,1,2
34,2,37,5,1,1410,5,1,1,5200,52,1,2,252.1227841,1,2
34,2,30,5,1,1410,5,1,1,4800,48,1,2,252.1227841,1,2
34,2,43,4,2,1410,11,1,1,4500,50,1,2,252.1227841,1,2
34,2,43,4,1,1410,5,1,1,6000,58,1,2,252.1227841,1,2
34,2,47,4,1,1410,11,1,1,4500,50,1,2,252.1227841,1,2
34,2,47,4,1,1410,5,1,1,5000,50,1,2,252.1227841,1,2
34,1,29,8,1,2592,3,6,2,6000,48,1,2,251.6244279,1,2
34,1,29,8,1,2592,3,6,2,6200,48,1,2,251.6244279,1,2
34,2,19,5,1,1410,5,1,1,5400,54,1,2,285.5609563,1,2
34,2,20,4,1,1410,5,1,1,4500,48,1,2,285.5609563,1,2
34,1,40,5,1,1410,5,1,2,4800,56,1,2,254.6883479,1,2
34,1,40,5,1,1410,5,1,1,5200,50,1,2,254.6883479,1,2
34,2,36,5,1,1410,5,1,1,5000,52,1,2,255.1927723,1,2
34,1,38,5,1,1410,5,1,1,5200,48,1,2,254.6883479,1,2
34,2,37,5,1,1410,5,1,2,5000,48,1,2,255.1927723,1,2
34,2,38,5,1,1410,5,1,1,5000,48,1,2,255.1927723,1,2
34,1,36,5,1,1410,11,1,1,6800,56,1,2,254.6883479,1,2
34,1,36,5,1,1410,5,1,1,5300,49,1,2,254.6883479,1,2
34,2,33,5,1,1410,11,1,1,5800,56,1,2,255.1927723,1,2
34,1,31,4,3,2592,5,5,1,4800,56,1,2,238.2383473,1,2
34,1,32,4,3,2599,3,5,2,4850,56,1,2,238.2383473,1,2
34,2,30,4,3,1410,11,5,1,4500,56,1,2,238.7101915,1,2
34,2,31,4,3,1410,5,5,1,5800,56,1,2,238.7101915,1,2
34,2,45,4,3,3100,3,5,2,4200,60,1,2,238.7101915,1,2
34,2,46,4,4,1629,3,6,2,4600,60,1,2,238.7101915,1,2
34,2,39,4,2,1410,11,2,1,4800,56,1,2,238.7101915,1,2
34,2,40,4,3,1410,11,5,1,5600,56,1,2,238.7101915,1,2
34,2,34,4,3,1410,11,5,1,4800,56,1,2,238.7101915,1,2
34,2,34,4,3,1410,11,5,1,5500,56,1,2,238.7101915,1,2
34,2,41,5,3,1410,11,5,1,4200,56,1,2,238.7101915,1,2
34,2,42,5,3,1410,11,5,1,5300,56,1,2,238.7101915,1,2
34,1,37,4,3,2392,4,5,2,5200,60,1,2,238.2383473,1,2
34,2,39,4,3,1410,11,5,1,4650,56,1,2,238.7101915,1,2
34,2,40,4,3,1410,11,5,1,5300,56,1,2,238.7101915,1,2
34,2,32,4,3,1410,11,5,1,4700,56,1,2,238.7101915,1,2
34,2,33,4,3,1410,11,5,1,5100,56,1,2,238.7101915,1,2
34,1,41,5,1,2592,5,5,1,4850,60,1,2,238.2383473,1,2
34,1,41,5,2,2592,5,5,1,4850,56,1,2,238.2383473,1,2
34,1,28,5,2,2392,5,5,1,5200,60,1,2,238.2383473,1,2
34,1,28,5,2,2392,5,5,1,4850,56,1,2,238.2383473,1,2
34,2,25,5,3,1410,11,5,1,4650,56,1,2,238.7101915,1,2
34,2,25,5,3,1410,5,5,1,4500,56,1,2,238.7101915,1,2
34,2,30,4,3,1410,5,5,1,5200,56,1,2,238.7101915,1,2
34,2,30,4,3,1410,11,5,1,4850,56,1,2,238.7101915,1,2
34,2,30,5,3,1410,5,5,1,5150,56,1,2,238.7101915,1,2
34,2,31,5,5,1410,11,5,1,5200,56,1,2,238.7101915,1,2
34,1,30,5,3,1629,3,6,2,4500,60,1,2,238.2383473,1,2
34,2,29,5,3,1410,5,5,1,5200,56,1,2,238.7101915,1,2
34,2,29,5,3,1410,11,5,1,5100,56,1,2,238.7101915,1,2
34,1,28,5,3,2393,5,2,1,4100,56,1,2,238.9026756,1,2
34,2,41,4,2,1410,5,1,1,5500,60,1,2,239.3758356,1,2
34,2,19,5,2,1410,5,1,1,5400,60,1,2,267.8617889,1,2
34,1,21,5,3,1410,5,1,1,4500,56,1,2,284.3480972,1,2
34,2,20,5,2,1410,5,1,1,5800,60,1,2,267.8617889,1,2
35,2,45,5,2,2391,5,1,1,4200,48,1,1,22.81868162,1,2
35,2,46,5,2,2392,5,1,1,4200,48,1,1,22.81868162,1,2
35,2,22,8,1,3240,5,1,1,4800,48,1,1,37.57530577,1,2
35,2,22,8,2,3240,5,1,1,4800,48,1,1,37.57530577,1,2
35,1,33,7,1,2391,5,1,1,5400,48,1,1,24.52007035,1,2
35,1,34,7,2,2392,5,1,1,5400,48,1,1,24.52007035,1,2
35,1,59,4,1,2391,5,2,2,3200,56,1,1,24.52007035,1,2
35,1,59,4,1,2392,5,2,2,3200,56,1,1,24.52007035,1,2
35,1,57,4,1,1080,5,1,2,4200,48,1,1,24.52007035,1,2
35,1,58,4,2,1080,5,2,2,4200,48,1,1,24.52007035,1,2
35,1,53,5,6,2394,5,1,1,5100,48,1,1,24.52007035,1,2
35,2,35,4,1,3240,5,1,1,4600,48,1,1,22.81868162,1,2
35,2,35,4,2,3240,5,1,1,4700,48,1,1,22.81868162,1,2
35,2,39,5,2,1410,5,1,1,4500,48,1,1,22.81868162,1,2
35,2,39,5,2,1410,5,1,1,4500,48,1,1,22.81868162,1,2
35,2,26,4,1,1512,3,6,2,2500,42,1,1,22.81868162,1,2
35,2,26,4,2,1512,3,6,2,2500,42,1,1,22.81868162,1,2
35,1,46,4,2,3100,5,2,2,4200,48,1,1,24.52007035,1,2
35,1,47,4,2,1621,5,3,2,4200,48,1,1,24.52007035,1,2
35,2,46,5,2,1311,5,2,1,5600,48,1,1,22.81868162,1,2
35,2,46,5,2,1311,5,1,1,5800,56,1,1,22.81868162,1,2
35,2,17,4,2,1410,5,2,2,3400,48,1,1,37.57530577,1,2
35,2,17,4,2,1410,5,3,2,3400,48,1,1,37.57530577,1,2
35,2,42,4,2,3240,5,1,1,6000,48,1,1,22.81868162,1,2
35,2,42,4,2,3240,5,1,1,6200,48,1,1,22.81868162,1,2
35,1,21,5,2,3100,5,2,2,4000,48,1,1,36.83385685,1,2
35,1,21,5,2,1621,5,3,2,4000,48,1,1,36.83385685,1,2
35,2,43,4,2,1050,5,2,1,5200,48,1,1,22.81868162,1,2
35,2,43,4,2,1050,5,1,1,5200,48,1,1,22.81868162,1,2
35,1,22,5,2,2220,5,2,2,4200,48,1,1,36.83385685,1,2
35,1,22,5,2,2220,5,3,2,4400,48,1,1,36.83385685,1,2
35,1,59,5,1,2392,5,2,2,3200,56,1,1,21.21348846,1,2
35,1,59,4,1,2392,5,2,2,3200,48,1,1,21.21348846,1,2
35,2,31,5,2,1410,5,1,1,4400,48,1,1,19.7415355,1,2
35,2,31,5,2,1410,11,1,1,4400,48,1,1,19.7415355,1,2
35,2,26,5,2,3212,5,2,1,3900,48,1,1,19.7415355,1,2
35,2,26,5,2,3212,5,1,1,3900,48,1,1,19.7415355,1,2
35,1,24,5,7,2511,3,6,2,5100,56,1,1,31.86673554,1,2
35,1,24,4,7,2599,3,6,2,5100,56,1,1,31.86673554,1,2
35,2,28,7,2,3240,5,1,1,4900,48,1,1,19.7415355,1,2
35,2,36,7,1,1410,5,1,1,6200,48,1,1,19.7415355,1,2
35,2,36,5,7,1410,5,1,1,6200,48,1,1,19.7415355,1,2
35,2,33,4,2,1410,5,1,1,5300,48,1,1,19.7415355,1,2
35,2,33,4,2,1410,5,1,1,5300,48,1,1,19.7415355,1,2
35,1,53,5,2,2394,10,1,1,9500,40,1,1,19.96707382,1,2
35,2,26,8,1,2610,5,2,2,6000,48,1,1,19.27943875,1,2
35,2,27,8,1,2651,5,2,2,6000,48,1,1,19.27943875,1,2
35,1,58,5,2,2392,5,2,2,4600,48,1,1,20.71693721,1,2
35,2,33,4,2,1410,5,2,2,3400,48,1,1,19.27943875,1,2
35,2,34,4,2,1410,5,2,2,3500,48,1,1,19.27943875,1,2
35,1,29,4,2,2511,3,6,2,4800,48,1,1,20.71693721,1,2
35,1,29,4,2,2511,3,6,2,5000,48,1,1,20.71693721,1,2
35,1,29,4,2,2511,3,6,2,5200,48,1,1,20.71693721,1,2
35,2,28,8,1,2394,5,2,2,3800,48,1,1,19.27943875,1,2
35,2,28,8,1,2394,5,2,2,4500,48,1,1,19.27943875,1,2
35,2,22,4,2,1410,3,6,2,2500,48,1,1,29.60568082,1,2
35,2,42,5,2,3240,5,2,2,4400,48,1,1,17.9788984,1,2
35,2,52,4,2,1410,5,2,2,4200,48,1,1,17.9788984,1,2
35,2,40,4,2,1410,5,2,2,4000,40,1,1,17.9788984,1,2
35,2,37,4,2,3212,11,1,1,4100,48,1,2,21.8132521,1,2
35,2,37,4,2,3212,5,1,1,5100,48,1,2,21.8132521,1,2
35,1,29,4,2,2610,11,1,1,3900,48,1,2,23.30388179,1,2
35,2,29,4,2,2640,11,2,1,4600,48,1,2,21.8132521,1,2
35,1,25,8,1,2220,5,1,1,8500,48,1,2,23.30388179,1,2
35,1,26,8,1,2220,5,2,1,8500,48,1,2,23.30388179,1,2
35,2,27,4,2,2610,5,1,1,3900,48,1,2,21.8132521,1,2
35,2,28,4,2,2640,5,1,1,4100,48,1,2,21.8132521,1,2
35,2,35,5,2,2733,11,1,1,4300,48,1,2,21.8132521,1,2
35,2,36,5,2,2733,11,1,1,4900,48,1,2,21.8132521,1,2
35,1,45,4,2,3100,3,6,2,3800,56,1,2,23.30388179,1,2
35,1,46,4,2,3100,3,6,2,5600,56,1,2,23.30388179,1,2
35,2,32,4,2,2733,11,1,1,4200,48,1,2,21.8132521,1,2
35,2,33,4,2,2733,11,1,1,4600,48,1,2,21.8132521,1,2
35,1,41,4,3,1520,3,6,2,7200,48,1,2,23.30388179,1,2
35,2,40,4,3,1520,3,6,2,7000,48,1,2,21.8132521,1,2
35,2,45,4,1,1410,5,2,2,3600,48,1,2,21.8132521,1,2
35,2,27,4,2,1410,5,1,1,3900,48,1,2,21.8132521,1,2
35,2,28,4,2,1410,5,1,1,4300,48,1,2,21.8132521,1,2
35,1,34,4,1,2733,11,1,1,4300,48,1,2,23.30388179,1,2
35,2,26,5,2,2733,11,1,1,4100,48,1,2,21.8132521,1,2
35,2,19,5,2,2733,11,1,1,3800,48,1,2,26.56165537,1,2
35,2,20,5,2,2733,5,1,1,5000,48,1,2,26.56165537,1,2
35,1,31,4,5,2610,5,1,1,5000,48,1,2,23.30388179,1,2
35,1,32,4,5,2610,5,1,1,5600,48,1,2,23.30388179,1,2
35,2,26,4,2,2733,11,1,1,4100,48,1,2,21.8132521,1,2
35,1,27,7,1,1080,5,2,1,6000,48,1,2,117.4363961,1,2
35,2,38,4,2,1410,5,2,2,3400,48,1,2,109.9245927,1,2
35,2,27,5,2,1312,5,2,2,4900,48,1,1,19.69616069,1,2
35,2,49,4,2,1410,5,2,1,3800,48,1,1,19.69616069,1,2
35,1,35,4,2,2599,3,6,2,4800,48,1,1,21.16473044,1,2
35,2,32,4,2,1410,5,2,2,4000,48,1,1,19.69616069,1,2
35,2,44,4,1,2394,5,2,2,4500,48,1,1,19.69616069,1,2
35,2,47,3,2,1321,5,2,2,4300,48,1,1,19.69616069,1,2
35,1,20,4,2,1410,5,2,2,3600,48,1,1,31.79349163,1,2
35,2,42,4,2,1410,5,2,2,4600,48,1,1,19.69616069,1,2
35,1,67,5,2,3100,3,6,2,5000,48,1,2,18.636329,1,2
35,2,34,4,2,1512,5,2,2,4800,48,1,2,20.29593911,1,2
35,2,35,4,2,1410,5,2,2,4800,48,1,2,20.29593911,1,2
35,1,26,5,1,2511,3,6,2,4500,56,1,1,21.59230076,1,2
35,1,27,5,2,2593,3,6,2,4700,56,1,1,21.59230076,1,2
35,2,27,4,2,2610,11,2,2,4500,48,1,1,20.09406292,1,2
35,2,27,4,2,2610,11,2,2,4600,48,1,1,20.09406292,1,2
35,1,47,8,1,1410,5,2,1,7200,48,1,1,21.59230076,1,2
35,1,47,8,1,1410,5,1,1,7200,48,1,1,21.59230076,1,2
35,1,33,8,1,1071,5,2,2,7800,56,1,1,21.59230076,1,2
35,1,52,5,1,2392,5,2,2,3500,56,1,1,21.59230076,1,2
35,1,53,5,1,2392,5,2,2,3500,48,1,1,21.59230076,1,2
35,2,22,5,2,1410,5,1,1,4500,48,1,1,33.0887021,1,2
35,2,23,5,2,1410,5,1,1,4600,48,1,1,33.0887021,1,2
35,1,20,5,2,3240,5,1,1,4200,48,1,1,32.43578439,1,2
35,1,20,5,2,3240,5,1,1,4300,48,1,1,32.43578439,1,2
35,1,29,7,1,1080,5,1,1,4800,48,1,1,21.59230076,1,2
35,2,41,4,2,1410,5,1,1,4800,48,1,1,20.09406292,1,2
35,2,41,4,2,1410,5,1,1,4800,48,1,1,20.09406292,1,2
35,2,49,7,1,1329,5,2,1,5700,40,1,1,103.5929979,1,2
35,2,49,6,1,2394,10,1,1,7200,40,1,1,99.45983076,1,2
35,2,50,6,1,2394,10,1,1,4300,40,1,1,99.45983076,1,2
35,1,45,8,1,2394,10,1,1,13000,40,1,1,106.875677,1,2
35,1,46,8,1,2394,10,1,1,11600,40,1,1,106.875677,1,2
35,2,44,6,1,2394,10,1,1,9300,40,1,1,99.45983076,1,2
35,2,45,6,1,2394,10,1,1,8500,40,1,1,99.45983076,1,2
35,1,53,8,1,2394,10,1,1,12600,40,1,1,106.875677,1,2
35,1,54,8,1,2394,10,1,1,12600,40,1,1,106.875677,1,2
35,1,22,8,1,2394,10,1,1,7000,40,1,1,32.65947945,1,2
35,1,22,8,1,2394,10,1,1,7000,40,1,1,32.65947945,1,2
35,2,45,4,2,1410,5,1,1,4500,48,1,2,109.2866375,1,2
35,2,45,4,2,1410,5,1,1,4500,48,1,2,109.2866375,1,2
35,2,32,4,1,1050,5,1,1,4200,48,1,2,109.2866375,1,2
35,2,33,4,1,1050,5,1,1,4200,48,1,2,109.2866375,1,2
35,1,27,8,1,3240,5,1,1,5100,48,1,2,116.7548456,1,2
35,1,27,8,1,3240,5,1,1,5100,48,1,2,116.7548456,1,2
35,1,26,4,2,2394,3,6,2,4600,56,1,2,116.7548456,1,2
35,2,24,4,2,2394,3,6,2,3900,48,1,2,133.0766265,1,2
35,1,30,7,1,1410,5,1,1,9800,48,1,2,116.7548456,1,2
35,1,31,7,1,1410,5,1,1,9800,48,1,2,116.7548456,1,2
35,1,40,5,2,3100,3,6,2,8100,56,1,2,116.7548456,1,2
35,1,41,5,2,3100,3,6,2,8000,56,1,2,116.7548456,1,2
35,2,42,4,2,3092,5,1,1,4700,48,1,2,109.2866375,1,2
35,2,42,4,2,3092,5,1,1,4700,48,1,2,109.2866375,1,2
35,1,30,4,1,2394,3,6,2,4500,56,1,2,116.7548456,1,2
35,2,27,4,1,2394,3,6,2,3400,48,1,2,109.2866375,1,2
35,1,36,5,5,3240,5,1,1,9200,48,1,2,116.7548456,1,2
35,1,36,5,5,3240,5,1,1,9200,48,1,2,116.7548456,1,2
35,2,34,4,2,3240,5,1,1,6600,48,1,2,109.2866375,1,2
35,2,35,4,2,3240,5,1,1,6300,48,1,2,109.2866375,1,2
35,2,19,5,2,1410,11,2,2,3800,48,1,2,133.0766265,1,2
35,2,19,5,2,1410,11,2,2,3800,48,1,2,133.0766265,1,2
35,1,30,7,1,2599,11,1,1,9200,48,1,2,116.7548456,1,2
35,1,30,7,1,2599,11,1,1,9000,48,1,2,116.7548456,1,2
35,2,29,5,2,3240,5,1,1,6100,48,1,2,109.2866375,1,2
35,2,30,5,2,3240,5,1,1,6200,48,1,2,109.2866375,1,2
35,2,35,4,3,2733,11,3,1,6000,56,1,1,18.5630867,1,2
35,2,35,5,3,2733,11,2,1,6000,60,1,1,18.5630867,1,2
35,2,23,5,2,2733,11,2,1,5500,63,1,1,30.56765813,1,2
35,2,33,5,2,1410,11,3,1,4500,60,1,1,18.5630867,1,2
35,1,25,4,2,1410,11,2,1,5000,60,1,1,19.94717308,1,2
35,1,25,4,2,2220,5,4,1,6000,70,1,1,19.94717308,1,2
35,1,23,4,2,1410,5,3,1,5500,62,1,1,29.96448653,1,2
35,1,23,4,2,1410,5,2,1,4500,70,1,1,29.96448653,1,2
35,1,33,4,2,2732,11,3,1,6000,60,1,1,19.94717308,1,2
35,1,32,5,4,1080,5,3,1,6000,56,1,1,19.94717308,1,2
35,2,32,5,4,1410,11,2,1,5000,63,1,1,18.5630867,1,2
35,1,25,4,2,2610,11,2,1,4000,56,1,1,19.94717308,1,2
35,2,27,4,2,2733,11,2,1,6500,58,1,1,18.5630867,1,2
35,2,28,4,2,2733,11,2,1,6500,58,1,1,18.5630867,1,2
35,2,56,4,2,1079,5,3,2,4500,48,1,1,15.41954373,1,2
35,1,25,5,2,1079,5,2,1,8000,58,1,1,19.94717308,1,2
35,1,25,5,2,1079,5,2,1,7800,56,1,1,19.94717308,1,2
35,1,30,5,2,3212,11,3,1,6500,60,1,1,19.94717308,1,2
35,1,30,5,2,3212,11,2,1,6500,54,1,1,19.94717308,1,2
35,2,35,5,2,1512,11,2,1,6500,55,1,1,18.5630867,1,2
35,2,35,4,2,1512,5,2,1,6500,56,1,1,18.5630867,1,2
35,2,37,5,2,1410,5,2,1,5000,57,1,1,18.5630867,1,2
35,2,37,5,2,1410,5,2,1,5000,56,1,1,18.5630867,1,2
35,2,27,4,2,1410,5,2,1,5500,56,1,1,108.7916673,1,2
35,2,28,4,2,1410,5,3,1,5500,58,1,1,108.7916673,1,2
35,1,34,6,1,2511,5,4,2,5000,56,1,1,116.9033067,1,2
35,1,34,6,2,2592,5,4,1,5000,54,1,1,116.9033067,1,2
35,2,28,4,2,2610,11,3,1,5500,57,1,1,108.7916673,1,2
35,2,32,4,2,2733,11,2,1,6000,58,1,1,108.7916673,1,2
35,2,32,4,2,2733,11,2,1,6000,55,1,1,108.7916673,1,2
35,1,33,4,4,161,10,1,1,4000,48,1,1,116.9033067,1,2
35,1,33,4,4,161,10,1,1,4000,50,1,1,116.9033067,1,2
35,2,35,5,2,2220,11,3,1,4500,56,1,1,108.7916673,1,2
35,2,36,5,2,2220,11,3,1,5000,58,1,1,108.7916673,1,2
35,1,25,4,1,2593,11,3,1,4400,55,1,1,116.9033067,1,2
35,1,25,4,2,2593,11,3,1,5000,56,1,1,116.9033067,1,2
35,2,25,7,1,2640,11,3,1,5000,50,1,1,108.7916673,1,2
35,2,25,7,2,2610,11,2,1,5000,57,1,1,108.7916673,1,2
35,2,32,4,2,3212,3,6,2,3000,52,1,1,108.7916673,1,2
35,2,32,4,2,3212,3,6,2,3000,52,1,1,108.7916673,1,2
35,2,45,5,1,2220,11,2,1,5000,54,1,1,108.7916673,1,2
35,2,46,5,1,2220,11,2,1,5000,54,1,1,108.7916673,1,2
35,1,19,5,2,3212,11,3,1,5000,55,1,1,175.611228,1,2
35,1,20,5,2,3212,11,2,1,4800,54,1,1,175.611228,1,2
35,2,19,5,2,3212,11,3,1,4500,53,1,1,179.1462028,1,2
35,2,20,5,2,3212,11,2,1,4600,54,1,1,179.1462028,1,2
35,1,26,5,6,1622,11,2,1,4500,54,1,1,116.9033067,1,2
35,1,27,5,6,1622,11,2,1,4500,54,1,1,116.9033067,1,2
35,1,25,5,2,2511,5,2,1,4000,48,1,1,116.9033067,1,2
35,2,27,8,1,2511,5,2,1,4500,50,1,1,108.7916673,1,2
35,2,28,5,6,2395,5,2,1,4500,54,1,1,108.7916673,1,2
35,2,22,7,1,2511,5,2,1,4500,48,1,1,179.1462028,1,2
35,2,33,4,2,3211,11,2,1,4500,54,1,1,108.7916673,1,2
35,2,34,4,2,3212,11,2,1,4500,54,1,1,108.7916673,1,2
35,1,34,4,2,1512,5,2,1,5500,52,1,1,116.9033067,1,2
35,1,34,4,2,1512,5,2,1,5500,52,1,1,116.9033067,1,2
35,2,34,4,2,3211,11,2,1,4500,58,1,1,108.7916673,1,2
35,2,34,4,2,3212,11,2,1,4500,58,1,1,108.7916673,1,2
35,1,23,4,2,2593,11,4,1,4500,58,1,2,150.8014187,1,2
35,2,22,8,2,2420,11,3,1,5000,55,1,2,136.9906449,1,2
35,2,23,8,1,3212,11,2,1,5000,56,1,2,136.9906449,1,2
35,2,32,8,1,2640,11,2,1,5000,50,1,2,112.5009504,1,2
35,2,32,8,1,2640,11,2,1,5000,53,1,2,112.5009504,1,2
35,1,24,7,2,2599,11,2,1,5000,58,1,2,150.8014187,1,2
35,1,18,5,2,2640,11,4,2,4500,56,1,2,150.8014187,1,2
35,2,30,4,2,2593,11,2,1,4300,60,1,2,112.5009504,1,2
35,2,30,4,2,2593,11,3,1,4600,56,1,2,112.5009504,1,2
35,2,18,4,2,1410,3,5,2,4000,59,1,2,136.9906449,1,2
35,2,50,5,2,1410,11,2,1,5600,65,1,2,112.5009504,1,2
35,2,51,5,2,1410,11,3,1,5600,58,1,2,112.5009504,1,2
35,2,39,4,2,2733,11,3,1,4700,56,1,2,112.5009504,1,2
35,2,39,4,2,2733,11,3,1,4700,56,1,2,112.5009504,1,2
35,2,28,7,2,2100,5,2,1,6000,55,1,2,112.5009504,1,2
35,2,29,7,2,2100,5,2,1,6500,57,1,2,112.5009504,1,2
35,2,64,4,2,1629,3,6,2,1500,47,1,2,96.69400721,1,2
35,1,31,5,2,2610,11,3,1,6000,57,1,2,120.1888117,1,2
35,1,32,5,2,2610,11,3,1,6000,58,1,2,120.1888117,1,2
35,2,22,5,2,2593,11,3,1,4500,57,1,2,136.9906449,1,2
35,2,23,5,2,2593,11,3,1,5000,58,1,2,136.9906449,1,2
35,2,18,5,2,2610,11,4,2,4500,55,1,2,136.9906449,1,2
35,2,41,4,2,2733,11,3,1,5000,55,1,2,109.9441106,1,2
35,2,41,4,2,2733,11,2,1,5000,57,1,2,109.9441106,1,2
35,1,19,4,2,3100,3,6,2,4000,56,1,2,147.3741138,1,2
35,2,35,4,2,1410,5,3,1,4500,57,1,2,109.9441106,1,2
35,2,33,4,2,1410,5,2,1,5000,60,1,2,109.9441106,1,2
35,1,42,4,2,3100,3,6,2,9000,58,1,2,117.4572478,1,2
35,1,43,4,2,3100,3,6,2,9000,58,1,2,117.4572478,1,2
35,2,39,4,2,1410,5,3,1,4000,53,1,2,109.9441106,1,2
35,2,39,4,2,1410,11,3,1,4000,54,1,2,109.9441106,1,2
35,2,39,4,2,1520,3,6,2,4000,58,1,2,109.9441106,1,2
35,2,40,4,2,2733,11,3,1,5000,58,1,2,109.9441106,1,2
35,2,40,4,2,2733,11,3,1,5000,60,1,2,109.9441106,1,2
35,1,36,5,2,3212,11,2,1,12000,54,1,2,117.4572478,1,2
35,1,36,5,2,3212,11,2,1,12000,58,1,2,117.4572478,1,2
35,2,25,5,2,2733,11,2,1,7000,57,1,2,109.9441106,1,2
35,2,26,5,2,2733,11,2,1,6500,58,1,2,109.9441106,1,2
35,2,39,5,2,1701,3,6,2,6000,63,1,2,109.9441106,1,2
35,1,17,4,2,3212,11,3,1,4300,56,1,2,147.3741138,1,2
35,2,47,4,2,2610,11,3,1,5000,56,1,2,109.9441106,1,2
35,1,17,4,2,2620,11,7,2,5500,58,1,2,147.3741138,1,2
35,1,28,5,2,2220,11,3,1,5000,56,1,2,117.4572478,1,2
35,1,29,5,2,2220,11,3,1,5000,56,1,2,117.4572478,1,2
35,1,56,2,1,1622,11,4,2,4000,60,1,2,117.4572478,1,2
35,1,57,4,2,2511,5,2,2,3700,48,1,2,120.1888117,1,2
35,1,24,5,2,3211,5,2,1,6000,54,1,2,150.8014187,1,2
35,1,24,5,2,3212,11,3,1,6000,54,1,2,150.8014187,1,2
35,2,20,5,2,3212,11,2,1,3500,48,1,2,136.9906449,1,2
35,2,21,5,5,3212,11,3,1,3500,48,1,2,136.9906449,1,2
35,1,44,4,2,2511,3,6,2,7800,58,1,2,120.1888117,1,2
35,1,45,4,2,2511,3,6,2,7800,58,1,2,120.1888117,1,2
35,2,40,4,2,1410,3,5,2,5000,52,1,2,112.5009504,1,2
35,2,27,8,2,3240,5,2,1,5000,54,1,2,112.5009504,1,2
35,2,28,8,2,3240,5,3,1,5000,54,1,2,112.5009504,1,2
35,2,39,3,2,3240,5,2,1,7800,54,1,2,112.5009504,1,2
35,2,40,3,2,3240,5,3,1,7000,54,1,2,112.5009504,1,2
35,2,41,3,2,2220,5,4,2,4000,56,1,2,112.5009504,1,2
35,2,41,3,2,2220,5,4,2,4500,57,1,2,112.5009504,1,2
35,1,29,7,2,2220,5,3,1,8000,57,1,2,120.1888117,1,2
35,1,30,7,2,2220,5,2,1,8000,58,1,2,120.1888117,1,2
35,1,20,3,2,2220,5,2,1,5000,56,1,2,150.8014187,1,2
35,1,20,3,2,2220,5,3,1,5000,57,1,2,150.8014187,1,2
35,2,19,5,2,2640,11,2,1,5000,56,1,2,136.9906449,1,2
35,2,19,5,2,2610,11,3,1,5000,56,1,2,136.9906449,1,2
35,1,47,4,2,3100,3,5,2,7000,63,1,2,120.1888117,1,2
35,1,48,3,2,3100,3,6,2,7000,57,1,2,120.1888117,1,2
35,1,18,5,2,1410,5,3,1,3300,55,1,2,150.8014187,1,2
35,1,18,5,2,1410,5,4,1,3500,56,1,2,150.8014187,1,2
35,1,41,2,2,2733,5,2,2,5000,60,1,2,120.1888117,1,2
35,1,41,2,2,2733,11,4,2,5000,60,1,2,120.1888117,1,2
35,2,23,7,1,1080,5,4,1,6000,50,1,2,136.9906449,1,2
35,2,29,5,2,3211,5,2,1,4500,56,1,2,113.1588507,1,2
35,2,29,5,2,3211,5,2,1,4500,54,1,2,113.1588507,1,2
35,2,23,5,2,3211,5,2,1,4500,54,1,2,137.7917598,1,2
35,2,23,5,2,3211,5,2,1,4500,56,1,2,137.7917598,1,2
35,1,25,8,1,2610,11,2,1,8000,54,1,2,120.8916702,1,2
35,1,25,8,1,2610,11,2,1,8000,54,1,2,120.8916702,1,2
35,2,36,4,2,2610,11,2,1,5000,54,1,2,113.1588507,1,2
35,2,36,4,2,2610,11,2,1,5500,54,1,2,113.1588507,1,2
35,2,28,5,2,3211,11,2,1,4500,54,1,2,113.1588507,1,2
35,2,28,5,2,3211,11,2,1,4500,54,1,2,113.1588507,1,2
35,2,30,8,1,2610,11,2,1,11000,56,1,2,113.1588507,1,2
35,2,30,8,1,2610,11,2,1,11000,54,1,2,113.1588507,1,2
35,2,27,5,2,2930,11,2,1,5000,54,1,2,113.1588507,1,2
35,2,27,5,2,2930,11,2,1,5000,54,1,2,113.1588507,1,2
35,2,45,5,2,3240,5,2,1,4200,58,1,2,113.1588507,1,2
35,2,46,5,2,3240,5,2,1,4200,56,1,2,113.1588507,1,2
35,1,21,5,2,1410,5,2,2,3500,54,1,2,151.6832984,1,2
35,1,22,5,2,1410,5,2,1,4200,56,1,2,151.6832984,1,2
35,2,16,4,2,2610,11,4,2,4400,48,1,2,137.7917598,1,2
35,2,37,4,2,2930,11,2,1,4000,54,1,2,113.1588507,1,2
35,2,38,4,2,2733,11,2,1,4500,54,1,2,113.1588507,1,2
35,2,38,4,2,1410,11,2,1,4500,56,1,2,113.1588507,1,2
35,2,38,4,2,1410,11,2,1,4500,54,1,2,113.1588507,1,2
35,2,21,5,2,3212,11,3,1,5000,54,1,2,137.7917598,1,2
35,2,21,5,2,3212,11,3,1,5000,56,1,2,137.7917598,1,2
35,1,48,4,2,2512,5,3,2,6000,55,1,2,120.8916702,1,2
35,1,48,4,2,2511,5,3,2,6000,58,1,2,120.8916702,1,2
35,1,19,4,2,2610,11,4,1,4000,50,1,2,151.6832984,1,2
35,1,19,4,2,2640,11,2,1,4000,58,1,2,151.6832984,1,2
35,1,21,5,2,2599,11,2,1,5000,56,1,2,151.6832984,1,2
35,1,22,5,2,2593,11,2,1,5000,54,1,2,151.6832984,1,2
35,1,18,4,2,2599,11,4,1,4000,56,1,2,151.6832984,1,2
35,1,18,4,2,2593,11,2,1,4000,54,1,2,151.6832984,1,2
35,2,21,5,2,2599,11,2,1,5000,57,1,2,137.7917598,1,2
35,2,21,5,2,2593,11,2,1,5000,54,1,2,137.7917598,1,2
35,1,25,7,2,2599,11,3,1,5000,58,1,2,120.8916702,1,2
35,1,25,7,2,2593,11,3,1,5000,56,1,2,120.8916702,1,2
35,2,33,5,2,1410,3,6,2,2600,52,1,2,113.1588507,1,2
35,2,33,5,2,1410,3,6,2,4000,53,1,2,113.1588507,1,2
35,1,27,6,2,2599,11,4,2,4500,55,1,2,120.8916702,1,2
35,1,28,6,2,2593,11,3,1,4500,55,1,2,120.8916702,1,2
35,2,29,3,2,2610,11,2,1,5000,55,1,2,113.1588507,1,2
35,2,29,3,2,2640,11,3,1,4500,53,1,2,113.1588507,1,2
35,1,28,5,7,1410,3,6,2,15000,63,1,2,120.8916702,1,2
35,1,25,4,2,2610,11,2,1,4500,56,1,2,112.3504109,1,2
35,1,26,4,2,2610,11,3,1,5000,56,1,2,112.3504109,1,2
35,1,23,7,1,2511,5,2,1,8000,58,1,2,140.9665436,1,2
35,1,23,8,1,2310,5,2,1,10000,54,1,2,140.9665436,1,2
35,1,34,5,2,2750,5,2,1,5500,56,1,2,112.3504109,1,2
35,1,34,5,7,2750,5,2,1,6000,56,1,2,112.3504109,1,2
35,2,28,4,2,2750,5,2,1,5000,54,1,2,105.1639319,1,2
35,2,28,4,2,2750,5,2,1,5500,54,1,2,105.1639319,1,2
35,2,29,4,2,2610,11,2,1,5000,56,1,2,105.1639319,1,2
35,2,30,4,2,2610,11,3,1,5000,56,1,2,105.1639319,1,2
35,2,45,4,2,2733,5,2,1,5000,54,1,2,105.1639319,1,2
35,2,45,4,2,2733,11,3,1,6000,54,1,2,105.1639319,1,2
35,2,58,4,2,1080,5,2,2,2500,48,1,2,90.38787631,1,2
35,2,30,6,2,2220,11,2,1,4500,54,1,2,105.1639319,1,2
35,1,53,4,2,3100,3,6,2,9000,54,1,2,112.3504109,1,2
35,1,53,4,2,3100,3,6,2,10000,57,1,2,112.3504109,1,2
35,1,24,5,2,2733,5,2,1,5000,54,1,2,140.9665436,1,2
35,1,24,5,2,2733,11,3,1,5500,58,1,2,140.9665436,1,2
35,1,30,4,2,1709,3,6,2,1800,46,1,2,112.3504109,1,2
35,2,30,4,2,2610,11,2,1,5000,54,1,2,105.1639319,1,2
35,2,30,4,2,2610,11,3,1,5000,54,1,2,105.1639319,1,2
35,1,44,4,2,2511,3,6,2,4500,50,1,2,112.3504109,1,2
35,1,44,4,2,2511,3,2,2,4500,54,1,2,112.3504109,1,2
35,2,32,4,2,2610,11,2,1,5000,60,1,2,105.1639319,1,2
35,2,33,4,2,2610,11,2,1,5000,56,1,2,105.1639319,1,2
35,2,24,7,2,2733,11,2,1,4800,54,1,2,128.0564724,1,2
35,2,50,4,3,1629,5,2,2,4000,50,1,2,105.1639319,1,2
35,2,50,4,2,1629,5,2,1,4000,54,1,2,105.1639319,1,2
35,2,52,4,2,2910,5,2,2,4300,48,1,2,105.1639319,1,2
35,2,52,4,2,2910,5,3,1,4300,54,1,2,105.1639319,1,2
35,2,44,4,2,1071,5,2,1,4500,54,1,2,105.1639319,1,2
35,2,19,5,5,2630,11,2,1,7000,60,1,2,128.0564724,1,2
35,2,20,5,2,2630,5,2,2,7000,60,1,2,128.0564724,1,2
35,1,52,4,2,2511,3,6,2,4000,55,1,2,116.3732938,1,2
35,1,26,5,7,1080,5,3,1,9000,58,1,2,116.3732938,1,2
35,1,27,7,2,1080,5,3,1,9000,60,1,2,116.3732938,1,2
35,2,24,5,7,2640,11,3,1,5000,55,1,2,132.6417356,1,2
35,2,24,7,2,2610,11,3,1,5000,56,1,2,132.6417356,1,2
35,2,27,8,2,2640,11,4,1,3700,55,1,2,108.9294916,1,2
35,2,28,7,2,2610,11,3,1,5000,56,1,2,108.9294916,1,2
35,2,25,8,2,2420,11,3,1,4700,55,1,2,108.9294916,1,2
35,2,26,8,2,3212,11,3,1,5000,56,1,2,108.9294916,1,2
35,2,20,4,2,2610,5,3,1,5000,53,1,2,132.6417356,1,2
35,1,23,4,2,2733,11,3,1,6000,57,1,2,146.0140721,1,2
35,1,24,4,2,2733,11,3,1,6000,56,1,2,146.0140721,1,2
35,1,19,4,2,3100,3,6,2,7000,55,1,2,146.0140721,1,2
35,1,20,4,2,3100,3,6,2,6000,54,1,2,146.0140721,1,2
35,2,19,5,2,2733,11,3,1,6000,55,1,2,132.6417356,1,2
35,2,20,5,2,2733,11,2,1,6000,57,1,2,132.6417356,1,2
35,2,18,5,2,2610,11,4,2,4000,54,1,2,132.6417356,1,2
35,1,43,4,2,2592,3,6,2,3800,55,1,2,116.3732938,1,2
35,2,28,6,5,3212,11,2,1,4500,54,1,2,108.9294916,1,2
35,2,28,6,5,3212,11,2,1,4500,54,1,2,108.9294916,1,2
35,2,20,4,2,2733,11,2,1,4200,54,1,2,132.6417356,1,2
35,2,21,4,2,2733,11,2,1,4200,54,1,2,132.6417356,1,2
35,1,35,5,6,1080,5,2,1,6000,54,1,2,116.3732938,1,2
35,1,35,5,6,1080,5,2,1,5600,56,1,2,116.3732938,1,2
35,2,32,8,1,1080,5,2,1,6000,54,1,2,108.9294916,1,2
35,2,32,5,2,1080,11,2,1,6000,48,1,2,108.9294916,1,2
35,1,28,5,7,2610,5,2,1,5000,35,1,2,116.3732938,1,2
35,1,28,5,7,2630,11,2,1,5000,54,1,2,116.3732938,1,2
35,2,27,5,2,2733,11,2,1,4500,54,1,2,108.9294916,1,2
35,2,27,5,2,2733,11,2,1,4500,54,1,2,108.9294916,1,2
35,1,27,7,1,2610,11,3,1,4500,48,1,1,24.03871907,1,2
35,1,27,7,1,2740,5,2,1,4500,48,1,1,24.03871907,1,2
35,1,56,8,1,2394,5,2,1,12000,48,1,1,24.03871907,1,2
35,1,57,8,1,2394,5,2,1,12500,48,1,1,24.03871907,1,2
35,2,45,8,1,2394,5,2,1,10500,48,1,1,22.37073015,1,2
35,2,46,8,1,2394,5,2,1,11000,48,1,1,22.37073015,1,2
35,2,31,6,1,2511,11,2,1,4000,48,1,1,22.37073015,1,2
35,2,32,6,1,2511,5,2,1,4500,48,1,1,22.37073015,1,2
35,2,26,7,1,2511,5,2,1,6000,48,1,1,22.37073015,1,2
35,2,27,7,1,2220,5,2,1,6000,48,1,1,22.37073015,1,2
35,1,21,5,2,2733,5,2,1,6500,48,1,1,36.11077474,1,2
35,1,21,5,2,2733,5,2,1,6000,48,1,1,36.11077474,1,2
35,2,32,4,3,2610,5,2,1,6500,48,1,1,22.37073015,1,2
35,2,33,4,2,2733,5,2,1,6200,48,1,1,22.37073015,1,2
35,1,44,8,1,2394,5,2,1,9000,48,1,1,24.03871907,1,2
35,1,44,8,1,2394,5,2,1,9000,48,1,1,24.03871907,1,2
35,2,43,7,1,161,10,1,1,5000,48,1,1,22.37073015,1,2
35,2,43,7,1,161,10,2,1,5000,45,1,1,22.37073015,1,2
35,1,46,8,1,240,4,1,1,8000,40,1,1,24.03871907,1,2
35,1,46,8,1,162,4,1,1,9000,40,1,1,24.03871907,1,2
35,2,36,4,2,2733,5,2,1,4500,48,1,2,106.2120774,1,2
35,2,37,4,2,2733,5,2,1,5000,48,1,2,106.2120774,1,2
35,2,37,4,2,2733,11,2,1,5000,48,1,2,106.2120774,1,2
35,1,25,4,2,2930,5,2,1,4500,48,1,2,113.4701825,1,2
35,1,26,4,2,2930,5,2,1,4500,48,1,2,113.4701825,1,2
35,1,37,4,2,2630,5,4,2,3000,48,1,2,113.4701825,1,2
35,1,28,4,2,2733,5,2,1,4200,48,1,2,113.4701825,1,2
35,2,41,3,2,2733,5,2,1,5000,48,1,2,106.2120774,1,2
35,2,42,3,2,2733,5,2,1,5000,48,1,2,106.2120774,1,2
35,1,21,5,2,1321,5,3,1,4300,48,1,2,142.3715258,1,2
35,1,21,5,2,1321,5,2,1,4500,48,1,2,142.3715258,1,2
35,1,39,4,2,1080,5,2,1,6000,50,1,2,113.4701825,1,2
35,2,24,4,2,2733,11,2,1,4200,48,1,2,129.3327828,1,2
35,2,29,8,1,2733,5,2,1,4500,48,1,2,106.2120774,1,2
35,2,32,4,2,2733,11,2,1,5000,50,1,2,106.2120774,1,2
35,1,27,4,2,2733,11,2,1,5700,50,1,2,113.4701825,1,2
35,2,20,5,2,1010,11,2,1,5000,48,1,2,129.3327828,1,2
35,2,34,4,2,2733,5,2,1,4500,48,1,2,107.1437623,1,2
35,2,42,4,2,1410,3,6,2,3500,40,1,2,107.1437623,1,2
35,2,48,4,2,1512,3,6,2,2500,45,1,2,107.1437623,1,2
35,2,47,3,2,3240,5,2,1,4500,48,1,2,107.1437623,1,2
35,2,44,4,2,2733,5,2,1,4500,48,1,2,107.1437623,1,2
35,1,23,7,2,2733,5,3,1,3000,48,1,2,143.6203988,1,2
35,2,52,4,2,1071,5,2,1,5000,48,1,2,107.1437623,1,2
35,2,22,5,2,2733,5,3,1,4500,48,1,2,130.4672809,1,2
35,1,29,4,2,2220,5,2,1,4800,48,1,2,114.4655349,1,2
35,2,30,4,2,2750,5,2,1,5000,48,1,2,107.1437623,1,2
35,2,44,4,2,2733,5,2,2,3800,48,1,2,107.1437623,1,2
35,2,46,3,1,2021,5,2,2,4500,48,1,2,110.5500668,1,2
35,1,40,7,1,2640,3,6,2,3300,40,1,2,118.1046126,1,2
35,2,41,3,3,1321,5,2,1,4000,48,1,2,110.5500668,1,2
35,2,39,3,2,2733,5,2,1,7000,48,1,2,110.5500668,1,2
35,1,47,3,1,2599,5,2,2,7300,50,1,2,118.1046126,1,2
35,2,45,4,5,1075,5,2,2,4800,48,1,2,110.5500668,1,2
35,1,25,3,1,2599,5,2,2,7000,50,1,2,118.1046126,1,2
35,2,20,4,2,1410,5,2,1,5500,50,1,2,134.6150846,1,2
35,2,37,1,2,1512,3,6,2,2500,45,1,2,110.5500668,1,2
35,2,50,3,2,1410,5,2,1,4500,48,1,2,110.5500668,1,2
35,2,29,5,2,1410,5,2,1,4500,48,1,2,110.5500668,1,2
35,2,30,5,2,1410,5,2,1,4500,48,1,2,110.5500668,1,2
35,1,33,4,2,3212,5,3,1,3500,48,1,2,114.9632112,1,2
35,1,40,5,6,1410,5,2,1,4500,48,1,2,114.9632112,1,2
35,2,41,3,2,1410,5,2,1,5500,50,1,2,107.6096047,1,2
35,2,25,4,2,1512,3,5,2,2200,45,1,2,107.6096047,1,2
35,1,32,4,5,3100,5,2,2,6500,50,1,2,114.9632112,1,2
35,1,33,4,5,1621,5,2,2,6500,50,1,2,114.9632112,1,2
35,2,43,4,2,3240,5,2,1,4500,48,1,2,115.5143687,1,2
35,2,44,4,2,3290,5,2,1,4500,48,1,2,115.5143687,1,2
35,2,27,3,2,2733,3,6,2,3000,45,1,2,115.5143687,1,2
35,2,27,3,2,2640,3,5,2,3200,45,1,2,115.5143687,1,2
35,1,30,5,2,1410,5,2,1,5500,48,1,2,123.4081548,1,2
35,1,28,4,2,2599,3,6,2,3200,55,1,2,123.4081548,1,2
35,1,28,4,2,2599,3,6,2,3500,50,1,2,123.4081548,1,2
35,2,27,4,2,1410,5,2,2,4000,50,1,2,115.5143687,1,2
35,2,28,4,2,1410,5,2,2,4500,48,1,2,115.5143687,1,2
35,2,36,3,2,2640,5,2,1,5000,48,1,2,115.5143687,1,2
35,2,37,3,2,2640,5,2,1,5000,48,1,2,115.5143687,1,2
35,2,42,4,2,2733,11,2,1,5500,48,1,2,115.5143687,1,2
35,2,43,4,2,2733,5,2,1,5500,48,1,2,115.5143687,1,2
35,1,18,4,7,2750,5,4,2,3500,48,1,2,154.8407425,1,2
35,2,36,3,2,2640,5,2,1,4500,48,1,2,115.5143687,1,2
35,2,23,4,2,2640,5,2,1,4500,40,1,2,140.6600372,1,2
35,2,24,4,2,2610,5,2,1,4800,48,1,2,140.6600372,1,2
35,2,36,3,2,3240,5,2,1,4500,48,1,2,115.5143687,1,2
35,2,37,3,2,3240,5,2,1,4500,48,1,2,115.5143687,1,2
35,2,38,4,2,3240,5,4,2,2500,48,1,2,115.5143687,1,2
35,2,28,8,1,2392,5,4,2,3800,48,1,2,99.21343655,1,2
35,1,33,8,2,1080,5,2,1,8000,48,1,2,105.9932827,1,2
35,1,25,8,2,3091,5,2,1,5800,48,1,2,105.9932827,1,2
35,1,26,8,2,3091,5,2,1,6000,48,1,2,105.9932827,1,2
35,1,24,7,1,2930,11,2,1,7000,50,1,2,132.9902276,1,2
35,1,25,7,2,2930,5,2,1,7000,48,1,2,105.9932827,1,2
35,2,21,5,2,2733,11,2,1,5500,50,1,2,120.8106475,1,2
35,2,21,5,2,2733,5,2,1,5500,48,1,2,120.8106475,1,2
35,1,25,7,1,2930,5,2,1,5500,48,1,2,105.9932827,1,2
35,1,26,7,2,2710,5,2,1,5500,48,1,2,105.9932827,1,2
35,2,34,3,2,3240,5,2,1,4500,48,1,2,99.21343655,1,2
35,2,35,3,2,3240,5,2,1,4500,48,1,2,99.21343655,1,2
35,2,33,5,2,1410,5,2,1,5000,48,1,2,19.99511629,1,2
35,2,32,3,2,3240,5,2,1,4500,48,1,2,19.99511629,1,2
35,1,34,8,1,2394,5,2,1,8300,48,1,2,21.36150191,1,2
35,1,35,8,1,2394,5,2,1,8200,48,1,2,21.36150191,1,2
35,2,43,4,2,3240,11,2,1,4500,45,1,2,19.99511629,1,2
35,1,31,5,6,1512,5,2,2,7000,48,1,2,21.36150191,1,2
35,2,26,5,2,1512,5,2,1,6000,48,1,2,19.99511629,1,2
35,1,25,5,2,3314,3,6,2,2500,42,1,1,21.09015423,1,2
35,1,25,5,2,3314,3,6,2,2800,42,1,1,21.09015423,1,2
35,2,29,5,2,1410,11,3,1,4200,54,1,1,19.62675913,1,2
35,2,29,5,2,1410,11,3,1,4200,60,1,1,19.62675913,1,2
35,2,30,5,2,1103,5,3,2,5200,54,1,1,19.62675913,1,2
35,2,31,5,2,1103,5,3,2,5400,54,1,1,19.62675913,1,2
35,2,21,5,2,2640,11,2,1,4200,60,1,1,32.3191974,1,2
35,2,21,5,2,2640,11,2,1,4200,60,1,1,32.3191974,1,2
35,1,44,4,1,2395,5,2,1,4800,60,1,1,21.09015423,1,2
35,1,44,4,1,2395,5,3,1,4800,56,1,1,21.09015423,1,2
35,1,39,5,7,2511,11,2,1,6600,48,1,2,125.4144122,1,2
35,1,40,5,7,2511,11,2,1,6600,54,1,2,125.4144122,1,2
35,2,52,5,4,3240,11,3,2,5500,48,1,2,117.392296,1,2
35,2,53,5,4,3240,11,3,2,5600,54,1,2,117.392296,1,2
35,2,44,3,2,1410,11,3,2,4600,54,1,2,117.392296,1,2
35,2,35,7,1,161,5,2,1,2500,40,1,2,118.0442583,1,2
35,2,35,7,1,161,5,2,1,3100,40,1,2,118.0442583,1,2
35,2,38,4,4,1410,5,6,2,5500,48,1,2,117.392296,1,2
35,2,38,4,4,1410,5,6,2,5700,54,1,2,117.392296,1,2
35,2,27,8,1,3240,11,3,1,4500,48,1,2,117.392296,1,2
35,2,27,8,1,3240,11,3,1,5000,54,1,2,117.392296,1,2
35,1,23,4,2,1410,5,3,1,6000,50,1,2,157.3580022,1,2
35,1,24,4,2,1410,5,3,1,6000,54,1,2,157.3580022,1,2
35,1,19,4,2,1410,5,3,1,5000,48,1,2,157.3580022,1,2
35,1,20,4,2,1410,5,3,1,5400,54,1,2,157.3580022,1,2
35,2,40,4,3,1410,5,3,1,6000,56,1,2,117.392296,1,2
35,2,40,4,4,1410,5,3,1,6000,48,1,2,117.392296,1,2
35,2,18,4,4,1410,5,3,2,4000,50,1,2,142.9467599,1,2
35,2,19,4,4,1410,5,3,2,4000,48,1,2,142.9467599,1,2
35,2,16,4,3,1410,5,3,2,3300,48,1,2,142.9467599,1,2
35,2,37,4,2,3240,6,3,2,7000,48,1,2,117.392296,1,2
35,2,38,4,2,3240,5,3,2,7800,56,1,2,117.392296,1,2
35,1,30,5,3,2591,5,3,2,7800,48,1,2,125.4144122,1,2
35,1,31,5,2,2591,5,3,2,7800,48,1,2,125.4144122,1,2
35,2,44,3,2,1410,11,3,2,4000,48,1,2,117.392296,1,2
35,2,32,5,4,1321,5,2,1,6000,56,1,2,107.7740197,1,2
35,2,33,5,3,1321,5,3,1,5000,56,1,2,107.7740197,1,2
35,1,24,4,3,1410,5,2,1,6000,56,1,2,144.4652247,1,2
35,1,24,4,3,1410,5,2,2,6000,56,1,2,144.4652247,1,2
35,2,24,4,3,1410,5,2,1,5500,56,1,2,131.2347355,1,2
35,2,24,4,3,1410,5,2,2,5500,56,1,2,131.2347355,1,2
35,1,33,5,2,3240,11,3,1,7500,48,1,2,115.1388616,1,2
35,1,33,5,2,3240,5,3,2,7500,48,1,2,115.1388616,1,2
35,2,27,5,2,3240,11,3,1,7200,48,1,2,107.7740197,1,2
35,2,28,5,2,3240,5,3,2,7500,48,1,2,107.7740197,1,2
35,2,32,5,4,1410,5,3,2,5500,48,1,2,107.7740197,1,2
35,2,33,5,2,1410,5,3,2,5500,48,1,2,107.7740197,1,2
35,2,45,5,3,2610,11,3,1,7000,48,1,2,107.7740197,1,2
35,2,46,5,2,2640,5,2,1,6600,48,1,2,107.7740197,1,2
35,1,18,5,4,2610,11,3,1,6500,48,1,2,144.4652247,1,2
35,1,18,5,2,2640,5,2,1,5000,48,1,2,144.4652247,1,2
35,1,31,5,2,2599,3,3,2,6200,48,1,2,115.1388616,1,2
35,2,27,8,1,2733,11,3,1,5500,48,1,2,107.7740197,1,2
35,1,31,5,5,1512,5,2,1,6000,56,1,2,111.2859367,1,2
35,1,32,5,5,1512,5,2,1,6000,54,1,2,111.2859367,1,2
35,2,46,4,2,1322,3,6,2,3000,40,1,2,104.1675466,1,2
35,1,33,5,3,2392,5,3,2,5000,48,1,2,111.2859367,1,2
35,1,33,5,4,2392,5,3,1,5500,48,1,2,111.2859367,1,2
35,2,40,4,2,1410,3,6,2,5500,48,1,2,104.1675466,1,2
35,2,41,4,4,1410,3,6,2,4800,48,1,2,104.1675466,1,2
35,1,35,4,2,2511,3,6,2,5000,48,1,2,111.2859367,1,2
35,1,36,4,2,2592,3,6,2,5000,40,1,2,111.2859367,1,2
35,1,19,5,4,2640,11,3,2,4600,48,1,2,139.6309433,1,2
35,2,26,8,1,2733,5,2,1,6000,48,1,2,109.9245927,1,2
35,1,28,4,3,3290,5,2,1,3500,48,1,2,117.4363961,1,2
35,1,29,4,3,1410,5,2,1,5000,56,1,2,117.4363961,1,2
35,2,19,5,3,1410,5,2,1,4000,56,1,2,133.8534546,1,2
35,2,20,5,3,1410,5,3,2,4000,56,1,2,133.8534546,1,2
35,1,24,3,2,2395,5,3,2,4500,56,1,2,147.3479511,1,2
35,1,24,3,2,2395,5,3,2,5000,56,1,2,147.3479511,1,2
35,2,24,5,3,2610,5,2,1,4500,56,1,2,133.8534546,1,2
35,2,25,5,3,2610,5,2,2,5000,56,1,2,109.9245927,1,2
35,1,28,4,5,2394,5,2,1,6000,56,1,2,117.4363961,1,2
35,1,24,5,5,2394,5,2,1,6000,56,1,2,147.3479511,1,2
35,1,31,5,6,2394,5,2,1,5500,56,1,2,117.4363961,1,2
35,2,29,8,3,2640,5,2,1,4500,48,1,2,109.9245927,1,2
35,1,21,4,2,1410,5,3,2,5000,56,1,2,147.3479511,1,2
35,2,45,5,3,1410,5,2,1,3500,56,1,2,109.9245927,1,2
35,2,45,5,3,3240,5,2,1,3500,56,1,2,109.9245927,1,2
35,1,32,4,2,1410,5,3,2,5000,56,1,2,117.4363961,1,2
35,1,32,4,3,1410,5,2,1,5000,56,1,2,117.4363961,1,2
35,2,38,4,3,3240,5,3,2,4500,56,1,2,109.9245927,1,2
35,2,38,4,3,3240,5,2,1,4500,56,1,2,109.9245927,1,2
35,2,23,5,2,1410,11,3,1,4500,60,1,2,142.8827157,1,2
35,2,24,5,2,1410,11,3,1,5200,60,1,2,142.8827157,1,2
35,2,18,4,2,1410,5,3,1,4450,60,1,2,142.8827157,1,2
35,2,19,4,2,1410,5,2,1,4600,60,1,2,142.8827157,1,2
35,2,42,5,2,1410,11,2,1,6500,60,1,2,117.3397009,1,2
35,2,43,5,2,1410,11,2,1,6500,63,1,2,117.3397009,1,2
35,2,45,4,2,1410,11,3,1,4850,60,1,2,117.3397009,1,2
35,2,46,4,2,1410,11,3,1,5000,60,1,2,117.3397009,1,2
35,2,41,5,2,1410,5,3,2,5150,60,1,2,117.3397009,1,2
35,2,41,5,2,1410,5,3,2,5150,60,1,2,117.3397009,1,2
35,2,29,5,2,3240,11,2,1,5350,60,1,2,117.3397009,1,2
35,2,29,5,2,3240,11,2,1,5350,60,1,2,117.3397009,1,2
35,1,32,5,2,3290,5,2,1,4000,56,1,2,117.541481,1,2
35,1,32,5,3,3290,5,2,1,4000,56,1,2,117.541481,1,2
35,2,35,5,3,3240,5,2,1,5000,56,1,2,110.0229559,1,2
35,2,35,5,3,3290,5,2,1,5000,56,1,2,110.0229559,1,2
35,1,39,4,7,2394,5,2,1,7000,56,1,2,117.541481,1,2
35,1,39,4,7,2394,5,2,1,7000,48,1,2,117.541481,1,2
35,2,34,4,2,1410,5,2,2,3000,56,1,2,110.0229559,1,2
35,2,34,4,3,1410,5,3,1,3000,56,1,2,110.0229559,1,2
35,1,34,5,3,2394,5,2,1,6000,56,1,2,117.541481,1,2
35,1,34,5,3,2394,5,2,1,6000,56,1,2,117.541481,1,2
35,2,33,5,3,1410,5,2,1,3000,56,1,2,110.0229559,1,2
35,2,33,5,3,3290,5,2,1,3000,56,1,2,110.0229559,1,2
35,1,24,5,3,3290,5,2,1,3500,56,1,2,147.4798016,1,2
35,1,24,5,3,3290,5,2,1,4000,56,1,2,147.4798016,1,2
35,1,55,6,4,161,4,1,1,1500,40,1,2,118.1942718,1,2
35,1,31,4,2,2394,5,2,1,5000,56,1,2,117.541481,1,2
35,1,31,4,3,2394,5,2,1,6000,56,1,2,117.541481,1,2
35,1,31,4,2,2394,5,2,1,5000,56,1,2,117.541481,1,2
35,1,32,4,4,2394,5,2,1,5000,56,1,2,117.541481,1,2
35,2,23,4,2,1410,5,3,2,4500,56,1,2,133.9732298,1,2
35,2,23,4,4,1410,5,2,1,3500,56,1,2,133.9732298,1,2
35,2,24,4,3,1410,5,2,1,6000,56,1,2,133.9732298,1,2
35,2,23,4,2,1410,5,3,2,6000,56,1,2,133.9732298,1,2
35,2,45,4,2,3290,5,2,1,5000,56,1,2,110.0229559,1,2
35,2,45,4,2,3290,5,2,1,5000,56,1,2,110.0229559,1,2
35,2,25,8,1,1410,5,2,1,6000,56,1,2,110.0229559,1,2
35,1,32,4,2,2394,5,3,1,6000,56,1,2,117.541481,1,2
35,1,33,4,2,2394,5,2,1,6000,56,1,2,117.541481,1,2
35,2,33,4,2,2394,5,3,1,5500,56,1,2,110.0229559,1,2
35,2,33,4,2,2394,5,2,1,5500,56,1,2,110.0229559,1,2
35,1,28,5,2,1410,5,3,2,4000,56,1,2,117.541481,1,2
35,2,43,4,2,3290,5,2,1,4000,56,1,2,110.0229559,1,2
35,2,43,4,2,3290,5,2,1,4000,48,1,2,110.0229559,1,2
35,1,22,5,2,3290,5,2,1,5000,56,1,2,147.4798016,1,2
35,1,22,5,2,3290,5,2,1,5000,56,1,2,147.4798016,1,2
35,2,33,4,2,1410,5,6,2,5000,56,1,2,110.0229559,1,2
35,2,33,4,2,1410,5,3,2,5000,56,1,2,110.0229559,1,2
35,2,41,4,2,3290,5,2,1,4500,56,1,2,110.0229559,1,2
35,2,42,4,3,3290,5,2,1,4500,56,1,2,110.0229559,1,2
35,1,49,6,1,161,9,1,1,4200,40,1,2,118.1942718,1,2
35,1,50,6,1,161,10,1,1,4200,40,1,2,118.1942718,1,2
35,1,25,7,1,1520,5,2,1,6000,63,1,2,106.9622917,1,2
35,1,26,7,1,1520,5,2,1,6000,54,1,2,106.9622917,1,2
35,2,41,5,2,1410,5,2,1,4000,56,1,2,100.120463,1,2
35,2,41,5,2,1410,5,2,1,4000,56,1,2,100.120463,1,2
35,2,35,4,4,1410,5,2,1,7000,60,1,2,100.120463,1,2
35,2,35,5,4,1410,5,2,1,7000,60,1,2,100.120463,1,2
35,2,32,4,3,1410,5,2,1,6000,56,1,2,100.120463,1,2
35,2,33,4,3,1410,5,2,1,6000,56,1,2,100.120463,1,2
35,2,28,5,2,1410,5,2,1,6000,60,1,2,100.120463,1,2
35,2,28,5,3,1410,5,2,1,6000,60,1,2,100.120463,1,2
35,1,25,5,2,2511,3,6,2,5000,60,1,2,106.9622917,1,2
35,1,25,5,3,2511,3,6,2,5000,60,1,2,106.9622917,1,2
35,2,31,5,2,3240,5,4,1,5300,54,1,2,99.78345163,1,2
35,2,31,5,5,3240,5,4,1,5600,60,1,2,99.78345163,1,2
35,1,34,4,3,2511,3,6,2,7000,60,1,2,106.6022504,1,2
35,2,38,3,4,3240,11,2,1,3000,46,1,2,99.78345163,1,2
35,2,17,5,4,1410,5,4,2,2000,42,1,2,121.5047459,1,2
35,1,37,8,1,1410,3,2,1,9000,56,1,2,106.6022504,1,2
35,2,32,4,1,1410,5,2,1,7000,63,1,2,99.78345163,1,2
35,2,33,4,2,1410,3,2,1,8000,56,1,2,99.78345163,1,2
35,2,25,4,2,1410,5,2,1,4100,55,1,2,109.6455963,1,2
35,1,27,5,2,1410,5,2,1,3700,51,1,2,117.1383342,1,2
35,2,32,4,2,1410,5,2,1,3800,51,1,2,109.6455963,1,2
35,1,16,4,2,3100,3,6,2,4300,48,1,2,146.9739716,1,2
35,2,39,4,2,3290,5,2,1,4100,45,1,2,109.6455963,1,2
35,2,40,4,2,3240,11,2,1,4500,50,1,2,109.6455963,1,2
35,2,43,4,2,3240,5,2,1,4700,50,1,2,102.1285223,1,2
35,2,49,4,2,3240,5,2,1,4600,52,1,2,102.1285223,1,2
35,1,27,4,2,3240,5,2,1,4300,54,1,2,109.1075737,1,2
35,1,44,4,2,2511,3,6,2,4700,53,1,2,109.1075737,1,2
35,2,64,6,1,162,9,3,2,1300,22,1,2,88.2664554,1,2
35,2,65,6,1,162,8,2,2,1600,30,1,2,88.2664554,1,2
35,2,34,4,2,1410,11,2,1,4300,51,1,2,102.1285223,1,2
35,2,38,5,2,3240,11,2,1,5000,56,1,2,101.5046169,1,2
35,2,45,3,2,1520,3,7,2,3000,40,1,2,101.5046169,1,2
35,1,33,4,2,1629,5,2,1,5000,56,1,2,108.4410331,1,2
35,2,33,5,2,1410,11,2,1,5000,50,1,2,101.5046169,1,2
35,2,41,4,2,1410,3,6,2,4000,54,1,2,101.5046169,1,2
35,1,40,4,2,2592,3,6,2,4000,48,1,2,108.4410331,1,2
35,2,35,4,2,2392,5,7,2,5000,56,1,2,101.5046169,1,2
35,1,22,7,1,1080,5,2,1,4000,41,1,2,136.0614304,1,2
35,1,23,7,1,1080,5,2,1,4000,54,1,2,136.0614304,1,2
35,1,26,4,3,3100,3,6,2,5000,52,1,2,113.054316,1,2
35,1,19,4,2,1410,5,2,1,5000,56,1,2,141.8497364,1,2
35,1,19,4,2,1410,5,4,1,5300,54,1,2,141.8497364,1,2
35,2,41,4,5,1410,3,6,2,4500,56,1,2,105.8228118,1,2
35,2,41,4,2,1410,3,5,2,4800,56,1,2,105.8228118,1,2
35,2,28,4,2,1410,5,4,1,4500,60,1,2,18.0513542,1,2
35,2,28,4,2,1410,5,3,1,4850,58,1,2,18.0513542,1,2
35,2,20,4,2,1410,5,4,1,4350,54,1,2,21.98085123,1,2
35,2,32,4,2,2593,11,2,2,3200,48,1,2,115.0694652,1,2
35,1,34,4,2,2733,5,3,2,3600,52,1,2,122.9328485,1,2
35,1,35,4,2,2733,5,3,2,3600,52,1,2,122.9328485,1,2
35,2,28,4,2,3212,5,3,2,4200,58,1,2,115.0694652,1,2
35,2,29,4,2,3212,5,3,2,4200,58,1,2,115.0694652,1,2
35,2,31,4,2,2610,5,2,1,4600,50,1,2,115.0694652,1,2
35,2,32,4,6,2630,5,2,1,5000,50,1,2,115.0694652,1,2
35,2,34,4,2,3212,5,3,1,3500,48,1,2,115.0694652,1,2
35,2,34,4,2,3212,5,3,1,4600,50,1,2,115.0694652,1,2
35,1,56,4,2,3100,3,7,2,3800,48,1,2,122.9328485,1,2
35,1,25,4,2,1702,5,2,1,5200,55,1,2,122.9328485,1,2
35,1,25,4,2,2220,5,2,1,5400,52,1,2,122.9328485,1,2
35,2,21,4,2,1702,5,2,1,4800,48,1,2,140.1182852,1,2
35,2,25,4,2,3212,5,2,1,4900,50,1,2,115.0694652,1,2
35,1,26,4,2,3100,3,7,2,6000,48,1,2,122.9328485,1,2
35,1,26,5,2,3100,3,7,2,6500,56,1,2,122.9328485,1,2
35,1,23,5,2,1622,3,7,2,6100,54,1,2,154.2443735,1,2
35,1,23,5,2,3100,3,7,2,6200,55,1,2,154.2443735,1,2
35,1,27,5,2,3091,5,2,1,4800,50,1,2,106.6022504,1,2
35,1,27,4,2,2593,5,3,2,3300,40,1,2,106.6022504,1,2
35,1,27,4,2,2593,5,3,1,4300,50,1,2,106.6022504,1,2
35,2,22,7,2,3212,5,3,2,3800,52,1,2,121.5047459,1,2
35,2,34,4,2,3212,5,3,1,3100,50,1,2,99.78345163,1,2
35,2,34,4,2,3212,5,3,2,4200,50,1,2,99.78345163,1,2
35,2,34,5,2,3212,5,3,1,3500,50,1,2,99.78345163,1,2
35,1,64,8,1,161,4,1,1,2500,40,1,2,87.73940956,1,2
35,1,64,8,1,161,4,1,1,2500,40,1,2,87.73940956,1,2
35,1,19,3,2,1410,5,2,2,2000,48,1,2,127.3759556,1,2
35,1,19,3,2,1410,5,3,2,2200,50,1,2,127.3759556,1,2
35,2,24,6,2,1410,5,2,2,4300,50,1,2,115.7105448,1,2
35,1,31,4,2,3100,3,6,2,5500,48,1,2,122.4565251,1,2
35,1,54,3,2,3100,3,6,2,6000,48,1,2,122.4565251,1,2
35,1,54,3,2,3100,3,6,2,6000,48,1,2,122.4565251,1,2
35,2,30,4,2,1512,5,4,2,3000,48,1,2,114.6236098,1,2
35,2,30,4,2,1410,5,4,2,5000,48,1,2,114.6236098,1,2
35,2,41,4,2,1420,5,4,2,4000,48,1,2,114.6236098,1,2
35,1,38,3,2,2310,5,2,1,8000,40,1,2,122.4565251,1,2
35,1,39,3,2,2310,11,2,2,8000,40,1,2,122.4565251,1,2
35,1,30,4,2,3100,3,6,2,5000,40,1,2,122.4565251,1,2
35,2,26,5,2,1410,5,4,2,5000,48,1,2,114.6236098,1,2
35,2,26,5,2,1410,5,4,2,4500,48,1,2,114.6236098,1,2
35,1,29,6,1,2910,11,3,1,7000,48,1,2,112.4844007,1,2
35,1,30,6,1,3091,11,2,1,6000,48,1,2,112.4844007,1,2
35,2,27,7,1,3091,11,2,1,5000,48,1,2,105.289351,1,2
35,2,36,4,2,1410,3,6,2,4000,48,1,2,101.3097564,1,2
35,2,34,4,2,3240,5,4,2,6000,48,1,2,101.3097564,1,2
35,2,32,4,2,1410,5,3,2,4500,60,1,2,101.2508553,1,2
35,2,32,4,2,1410,5,3,2,4500,60,1,2,101.2508553,1,2
35,1,30,5,2,1410,5,3,1,4500,60,1,2,108.1699305,1,2
35,2,32,4,2,1410,5,3,1,4200,60,1,2,101.2508553,1,2
35,2,33,4,2,1410,5,3,1,4200,60,1,2,101.2508553,1,2
35,2,33,5,2,3240,5,3,2,6500,60,1,2,101.2508553,1,2
35,2,36,7,2,1410,5,3,1,4200,60,1,2,101.2508553,1,2
35,2,36,5,2,3290,5,3,1,4500,60,1,2,101.2508553,1,2
35,1,39,4,2,3100,3,6,2,4800,48,1,2,111.9218564,1,2
35,1,39,4,6,3100,3,6,2,4600,48,1,2,111.9218564,1,2
35,1,38,4,2,3100,3,6,2,4500,40,1,2,111.9218564,1,2
35,1,38,4,6,3100,3,6,2,5200,48,1,2,111.9218564,1,2
35,1,58,4,2,3100,3,6,2,5200,48,1,2,111.9218564,1,2
35,2,41,4,2,1410,3,6,2,3400,48,1,2,104.7627898,1,2
35,2,17,4,2,1410,3,6,2,3800,54,1,2,127.568008,1,2
35,1,51,4,2,3100,3,6,2,5600,48,1,2,111.9218564,1,2
35,1,51,4,6,3100,3,6,2,6500,48,1,2,111.9218564,1,2
35,2,39,4,2,1410,5,3,2,4800,54,1,2,104.7627898,1,2
35,2,40,4,2,1410,5,3,2,4000,54,1,2,104.7627898,1,2
35,1,23,5,2,3100,3,6,2,3600,48,1,2,140.4288344,1,2
35,2,29,4,2,1410,5,3,1,4500,54,1,2,104.7627898,1,2
35,2,29,4,2,1410,5,3,1,5000,54,1,2,104.7627898,1,2
35,1,33,4,2,3100,3,6,2,4500,40,1,2,111.9218564,1,2
35,2,31,4,2,1410,5,4,2,4000,54,1,2,104.7627898,1,2
35,1,28,4,2,3100,3,6,2,7400,40,1,2,111.9218564,1,2
35,1,29,4,2,3100,3,6,2,5600,48,1,2,111.9218564,1,2
35,2,21,4,3,1410,5,3,1,5500,54,1,2,127.568008,1,2
35,2,21,4,2,1410,5,3,1,4800,60,1,2,127.568008,1,2
35,1,50,4,2,3100,3,6,2,6800,40,1,2,111.9218564,1,2
35,1,51,4,2,3100,3,6,2,6000,54,1,2,111.9218564,1,2
35,1,42,4,2,3100,3,6,2,6400,40,1,2,111.9218564,1,2
35,1,42,4,2,3100,3,6,2,6200,48,1,2,111.9218564,1,2
35,1,41,4,2,3100,3,6,2,6200,40,1,2,111.9218564,1,2
35,1,42,4,2,3100,3,6,2,5500,48,1,2,111.9218564,1,2
35,2,33,4,2,1321,5,6,2,4000,60,1,2,105.6985673,1,2
35,2,33,4,2,1321,5,6,2,4000,60,1,2,105.6985673,1,2
35,2,57,4,2,1321,3,6,2,3000,54,1,2,90.84739282,1,2
35,2,57,4,2,1321,3,6,2,2800,48,1,2,90.84739282,1,2
35,2,54,4,2,1312,3,6,2,3500,48,1,2,105.6985673,1,2
35,2,55,4,2,1321,3,6,2,3200,56,1,2,90.84739282,1,2
35,2,40,4,2,1329,3,6,2,3800,60,1,2,105.6985673,1,2
35,2,40,4,2,1410,3,6,2,3200,54,1,2,105.6985673,1,2
35,1,41,6,2,1321,5,2,1,4000,54,1,2,112.9215812,1,2
35,2,30,4,2,1312,3,6,2,3500,54,1,2,105.6985673,1,2
36,2,42,4,2,1311,10,1,1,4400,60,1,1,48.70629896,1,2
36,1,32,9,1,2100,5,1,1,12600,48,1,1,45.55088047,1,2
36,1,32,9,1,2100,5,1,1,12600,48,1,1,45.55088047,1,2
36,1,34,5,6,2011,5,1,1,10600,56,1,1,45.55088047,1,2
36,2,49,7,3,1410,11,1,2,8500,60,1,1,48.70629896,1,2
36,2,49,4,5,1410,11,3,1,7600,60,1,1,48.70629896,1,2
36,1,27,6,1,1410,3,7,2,3500,54,1,1,45.55088047,1,2
36,2,23,8,1,1410,11,2,1,5730,54,1,1,37.72193902,1,2
36,2,53,5,6,1410,3,6,2,3300,60,1,1,48.70629896,1,2
36,2,54,4,6,1410,3,6,2,3500,54,1,1,48.70629896,1,2
36,1,23,8,1,1410,11,2,1,4300,48,1,1,44.06117374,1,2
36,1,24,8,1,1410,11,2,1,4600,48,1,1,44.06117374,1,2
36,1,40,6,3,1410,3,6,2,4200,40,1,1,45.55088047,1,2
36,2,35,5,3,1410,3,6,2,4800,60,1,1,48.70629896,1,2
36,2,35,5,3,1410,3,6,2,3800,42,1,1,48.70629896,1,2
36,2,41,6,3,1410,5,1,1,5800,58,1,1,48.70629896,1,2
36,1,38,6,2,1410,5,1,1,6500,60,1,1,65.05854015,1,2
36,1,39,6,1,1410,5,1,1,7200,60,1,1,65.05854015,1,2
36,2,29,5,6,2100,5,1,1,5700,48,1,1,69.5653009,1,2
36,2,29,6,1,2100,5,1,1,5800,56,1,1,69.5653009,1,2
36,1,27,5,7,1410,5,1,1,4900,60,1,1,65.05854015,1,2
36,2,25,5,7,1410,5,1,1,4860,60,1,1,69.5653009,1,2
36,2,34,8,1,1410,11,1,1,6000,56,1,1,69.5653009,1,2
36,2,25,5,3,1410,3,6,2,4500,48,1,1,69.5653009,1,2
36,2,25,5,4,1410,3,6,2,4600,48,1,1,69.5653009,1,2
36,1,24,5,7,3240,5,3,1,4000,60,1,1,54.43460786,1,2
36,1,32,7,1,1410,5,1,1,17900,60,1,1,56.27504003,1,2
36,2,28,5,2,1410,5,1,1,18600,60,1,1,60.1733467,1,2
36,2,48,4,3,1410,3,6,2,6350,52,1,1,76.67408381,1,2
36,1,34,4,3,2511,5,3,1,5870,65,1,1,71.70678335,1,2
36,1,32,4,3,1410,5,3,1,4980,58,1,1,71.70678335,1,2
36,1,54,5,5,3312,10,3,1,4670,56,1,1,71.70678335,1,2
36,1,54,5,3,2513,10,4,2,4730,56,1,1,71.70678335,1,2
36,1,37,5,3,1103,5,1,1,2500,62,1,1,71.70678335,1,2
36,2,49,5,3,1410,3,6,2,5570,50,1,1,76.67408381,1,2
36,1,56,4,3,3100,5,4,2,3720,48,1,1,71.70678335,1,2
36,1,26,5,3,1410,11,1,1,5730,56,1,1,71.70678335,1,2
36,1,26,5,3,1410,11,2,1,4920,52,1,1,71.70678335,1,2
36,2,26,5,3,1410,5,2,1,5230,56,1,1,76.67408381,1,2
36,2,26,5,3,1410,5,2,1,5230,52,1,1,76.67408381,1,2
36,1,30,5,3,1410,5,2,1,8270,62,1,1,71.70678335,1,2
36,1,30,5,3,1410,5,2,1,7630,56,1,1,71.70678335,1,2
36,2,39,5,2,1410,5,1,1,5600,60,1,1,90.96334489,1,2
36,2,45,4,2,161,10,1,1,4600,48,1,1,90.96334489,1,2
36,2,46,4,2,161,10,1,1,4760,48,1,1,90.96334489,1,2
36,2,30,5,2,1410,11,1,1,10600,60,1,1,90.96334489,1,2
36,1,51,4,2,1321,10,1,1,9200,60,1,1,85.07032025,1,2
36,2,34,5,2,1410,5,1,1,5600,60,1,1,90.96334489,1,2
36,1,36,5,2,1410,5,1,1,5260,60,1,1,85.07032025,1,2
36,2,29,5,2,1410,11,2,1,4700,60,1,1,90.96334489,1,2
36,1,31,5,6,1410,5,1,1,5700,60,1,1,85.07032025,1,2
36,1,31,5,2,1410,5,1,1,5700,60,1,1,85.07032025,1,2
36,2,30,5,2,1410,5,1,1,5800,60,1,1,90.96334489,1,2
36,1,42,5,2,1410,11,1,1,5400,60,1,1,85.07032025,1,2
36,2,40,5,2,1410,5,1,1,5700,60,1,1,90.96334489,1,2
36,2,44,5,2,1410,5,1,1,9700,60,1,1,90.96334489,1,2
36,2,40,5,2,1410,11,1,1,6200,60,1,1,74.51252719,1,2
36,2,26,5,3,1410,11,1,1,4650,52,1,1,64.55463186,1,2
36,2,26,5,3,1410,11,1,1,4750,58,1,1,64.55463186,1,2
36,2,33,5,3,1313,11,2,1,4250,58,1,1,64.55463186,1,2
36,2,33,5,3,1312,11,3,1,6350,62,1,1,64.55463186,1,2
36,2,35,5,3,1410,5,4,2,4360,56,1,1,64.55463186,1,2
36,2,35,5,3,1410,3,6,2,3960,56,1,1,64.55463186,1,2
36,2,19,5,3,1410,11,1,1,4250,52,1,1,49.99611834,1,2
36,2,19,5,3,1410,11,2,1,3560,56,1,1,49.99611834,1,2
36,2,27,5,3,1410,3,6,2,4650,62,1,1,64.55463186,1,2
36,2,27,5,3,1410,5,4,1,4250,56,1,1,64.55463186,1,2
36,2,39,5,5,1410,5,1,1,4820,52,1,1,64.55463186,1,2
36,2,39,5,3,1410,5,3,1,5170,52,1,1,64.55463186,1,2
36,1,43,5,6,1321,10,1,1,4720,52,1,1,60.37248534,1,2
36,1,44,5,3,1312,10,1,1,4750,52,1,1,60.37248534,1,2
36,2,38,5,3,1410,10,1,1,4630,52,1,1,64.55463186,1,2
36,2,38,5,3,1410,10,1,1,5230,52,1,1,64.55463186,1,2
36,1,30,5,3,1410,11,1,1,4780,52,1,1,60.37248534,1,2
36,1,31,5,3,1410,11,1,1,5230,52,1,1,60.37248534,1,2
36,2,28,5,3,1410,11,1,1,4230,52,1,1,64.55463186,1,2
36,2,28,5,3,1410,11,1,1,5760,52,1,1,64.55463186,1,2
36,2,19,5,5,1410,5,1,1,4250,52,1,1,49.99611834,1,2
36,2,20,5,3,1410,5,2,1,4230,52,1,1,49.99611834,1,2
36,2,37,4,3,1410,11,1,1,5230,56,1,1,84.72076239,1,2
36,2,37,5,3,1410,11,1,1,4930,52,1,1,84.72076239,1,2
36,1,37,5,3,2511,3,6,2,7250,60,1,1,79.23216102,1,2
36,1,37,5,3,2511,3,6,2,6250,56,1,1,79.23216102,1,2
36,1,24,5,7,1520,5,4,2,3250,52,1,1,76.64093375,1,2
36,2,30,5,3,1410,5,3,1,4750,52,1,1,84.72076239,1,2
36,2,31,5,3,1410,5,2,1,4870,52,1,1,84.72076239,1,2
36,1,38,5,3,3011,5,3,1,4780,56,1,1,79.23216102,1,2
36,1,38,5,3,3011,5,2,1,4260,52,1,1,79.23216102,1,2
36,2,35,5,3,1410,10,2,1,4790,56,1,1,84.72076239,1,2
36,1,39,5,3,1020,5,2,1,4760,52,1,1,79.23216102,1,2
36,1,39,5,3,1313,5,2,1,5130,56,1,1,79.23216102,1,2
36,1,39,5,3,1811,5,2,1,4780,52,1,1,79.23216102,1,2
36,2,38,5,3,1313,5,2,1,4780,56,1,1,84.72076239,1,2
36,2,38,5,3,1811,5,2,1,4970,52,1,1,84.72076239,1,2
36,2,46,5,3,1312,10,1,1,5730,62,1,1,84.72076239,1,2
36,2,48,5,3,1321,10,2,1,5670,52,1,1,84.72076239,1,2
36,2,32,4,3,1410,5,2,1,4350,52,1,1,84.72076239,1,2
36,2,32,4,3,1410,11,1,1,4750,56,1,1,84.72076239,1,2
36,2,36,8,1,1811,5,3,1,5670,52,1,1,84.72076239,1,2
36,2,36,8,1,1811,5,3,1,5760,56,1,1,84.72076239,1,2
36,2,41,5,3,1410,5,1,1,7630,62,1,1,84.72076239,1,2
36,2,39,7,3,2610,11,1,1,8500,52,1,1,84.72076239,1,2
36,2,41,4,3,1410,5,1,1,6930,56,1,1,84.72076239,1,2
36,2,31,5,7,1410,11,1,1,5720,52,1,1,84.72076239,1,2
36,2,33,5,7,1410,11,1,1,5320,52,1,1,84.72076239,1,2
36,1,38,4,3,2599,5,2,1,4750,56,1,1,79.23216102,1,2
36,1,25,4,3,2599,5,3,1,4620,54,1,1,79.23216102,1,2
36,2,32,5,5,1410,5,2,1,4530,52,1,1,84.72076239,1,2
36,2,25,5,3,1410,5,3,1,5720,52,1,1,84.72076239,1,2
36,1,45,4,3,3100,3,6,2,5100,56,1,1,50.02562858,1,2
36,1,45,4,3,3100,3,6,2,4700,56,1,1,50.02562858,1,2
36,2,28,5,2,1410,11,1,1,5200,60,1,1,53.49102357,1,2
36,1,27,5,2,1312,5,2,1,3500,60,1,1,50.02562858,1,2
36,2,23,8,1,1410,11,3,1,4200,60,1,1,41.4276012,1,2
36,2,36,5,2,1410,5,1,1,6790,60,1,1,53.49102357,1,2
36,1,26,5,3,2720,5,3,1,4530,56,1,1,30.69469889,1,2
36,1,26,6,3,2720,5,3,1,4670,52,1,1,30.69469889,1,2
36,1,24,5,3,1410,11,3,1,4370,52,1,1,29.69085222,1,2
36,1,24,5,3,1410,11,3,1,5160,56,1,1,29.69085222,1,2
36,2,28,5,3,1061,5,2,1,4570,56,1,1,32.82099412,1,2
36,2,34,5,3,1410,5,1,1,7250,62,1,1,32.82099412,1,2
36,2,21,5,3,1410,11,2,1,4250,52,1,1,25.41912577,1,2
36,2,21,5,3,1410,11,1,1,4230,48,1,1,25.41912577,1,2
36,1,40,4,3,2511,3,6,2,3650,52,1,1,30.69469889,1,2
36,1,41,4,3,2511,5,3,1,5230,52,1,1,30.69469889,1,2
36,1,31,5,5,3100,5,2,1,3950,52,1,1,30.69469889,1,2
36,1,32,5,3,2511,3,3,1,5360,52,1,1,30.69469889,1,2
36,2,27,8,1,1410,5,2,1,5230,56,1,1,32.82099412,1,2
36,2,28,5,3,1410,5,2,1,7230,56,1,1,32.82099412,1,2
36,2,27,5,7,1410,5,2,1,6250,62,1,1,32.82099412,1,2
36,2,28,5,7,1410,5,2,1,7230,62,1,1,32.82099412,1,2
36,1,26,5,3,1410,5,2,1,3960,52,1,1,30.69469889,1,2
36,1,27,5,3,1410,5,2,1,5260,52,1,1,30.69469889,1,2
36,1,33,8,1,2012,5,2,1,13650,60,1,1,516.8044007,1,2
36,2,29,8,1,1410,11,3,1,5370,46,1,1,552.6046781,1,2
36,2,35,4,3,1410,11,1,1,4230,56,1,1,552.6046781,1,2
36,2,35,4,3,1410,5,4,2,4230,56,1,1,552.6046781,1,2
36,1,33,4,3,2511,3,6,2,3790,52,1,1,516.8044007,1,2
36,1,33,4,3,2599,5,4,2,4250,52,1,1,516.8044007,1,2
36,2,39,4,3,1410,5,2,1,5830,58,1,1,552.6046781,1,2
36,2,39,4,3,1410,5,1,1,4350,52,1,1,552.6046781,1,2
36,2,19,5,3,1410,5,2,1,4230,52,1,1,427.9799619,1,2
36,2,19,5,3,1410,10,3,1,3760,58,1,1,427.9799619,1,2
36,1,40,5,3,1410,5,2,1,5630,52,1,1,516.8044007,1,2
36,1,41,5,3,1410,5,2,1,6230,52,1,1,516.8044007,1,2
36,2,42,5,3,1410,5,2,1,5970,52,1,1,552.6046781,1,2
36,2,41,5,3,1410,5,2,1,5760,52,1,1,552.6046781,1,2
36,2,31,5,3,1410,5,2,1,4260,56,1,1,552.6046781,1,2
36,2,32,5,3,1410,5,2,1,5730,52,1,1,552.6046781,1,2
36,2,34,4,3,1410,5,1,1,7250,62,1,1,552.6046781,1,2
36,2,35,4,3,1410,5,2,1,7350,52,1,1,552.6046781,1,2
36,2,27,7,1,3290,5,4,2,3250,52,1,1,552.6046781,1,2
36,2,28,7,1,2511,5,3,1,5730,52,1,1,552.6046781,1,2
36,2,41,5,3,1410,3,6,2,7230,62,1,1,552.6046781,1,2
36,1,31,8,1,1322,5,1,1,5230,56,1,1,516.8044007,1,2
36,1,32,8,1,1322,10,1,1,6230,52,1,1,516.8044007,1,2
36,2,31,5,3,1410,10,3,1,6230,52,1,2,62.42620194,1,2
36,2,32,5,3,1410,10,2,1,4520,52,1,2,62.42620194,1,2
36,2,26,7,1,2022,5,2,1,5230,62,1,2,62.42620194,1,2
36,2,26,5,7,2022,5,2,1,5260,56,1,2,62.42620194,1,2
36,1,31,5,3,1321,11,2,1,4230,46,1,2,64.88053835,1,2
36,1,31,5,3,1321,11,2,1,4960,62,1,2,64.88053835,1,2
36,2,36,5,3,1410,11,2,1,4870,60,1,2,62.42620194,1,2
36,2,29,5,3,1410,10,2,1,5130,58,1,2,62.42620194,1,2
36,2,34,8,1,1410,11,1,1,5800,48,1,1,81.18877493,1,2
36,1,35,4,3,3100,5,1,1,4600,48,1,1,75.92899198,1,2
36,2,35,4,3,1410,11,1,1,4800,54,1,1,81.18877493,1,2
36,1,34,5,2,2511,3,6,2,4700,54,1,1,75.92899198,1,2
36,2,34,5,3,1410,5,1,1,4200,48,1,1,81.18877493,1,2
36,1,31,4,3,3100,3,6,2,4800,48,1,1,75.92899198,1,2
36,2,29,4,3,1410,11,1,1,5100,56,1,1,81.18877493,1,2
36,2,29,5,1,1410,11,1,1,4300,56,1,1,81.18877493,1,2
36,1,24,4,3,1410,3,1,1,4100,48,1,1,73.44579233,1,2
36,2,33,5,3,1410,11,1,1,4800,56,1,1,81.18877493,1,2
36,1,29,4,3,3100,3,6,2,5200,56,1,1,75.92899198,1,2
36,2,24,4,3,1410,11,1,1,3800,48,1,1,62.87889006,1,2
36,2,50,4,2,1410,3,6,2,3900,48,1,2,371.9736149,1,2
36,2,50,4,2,1410,3,6,2,4800,48,1,2,371.9736149,1,2
36,2,22,6,2,1410,3,6,2,3800,48,1,2,396.513879,1,2
36,2,22,6,2,1410,3,6,2,5600,54,1,2,396.513879,1,2
36,1,31,5,2,2511,3,6,2,4800,48,1,2,386.5980572,1,2
36,1,41,5,2,2511,3,6,2,5700,48,1,2,386.5980572,1,2
36,2,30,5,2,1410,5,1,1,5800,48,1,2,371.9736149,1,2
36,2,30,5,2,1410,5,1,1,6300,48,1,2,371.9736149,1,2
36,2,25,7,2,1410,11,1,1,4800,48,1,2,371.9736149,1,2
36,2,25,7,2,1410,11,1,1,6300,48,1,2,371.9736149,1,2
36,2,37,7,3,1410,3,6,2,5200,48,1,2,371.9736149,1,2
36,2,24,4,3,1410,3,6,2,5200,54,1,2,396.513879,1,2
36,2,49,4,3,1410,3,6,2,4300,48,1,2,371.9736149,1,2
36,2,24,5,3,1410,3,6,2,4200,48,1,2,396.513879,1,2
36,2,32,4,3,1410,5,1,1,6300,54,1,2,371.9736149,1,2
36,2,23,5,7,1410,5,1,1,8100,56,1,2,381.1285921,1,2
36,2,24,7,1,1410,5,1,1,8700,48,1,2,381.1285921,1,2
36,2,26,5,3,1410,5,1,1,5100,54,1,2,357.5405241,1,2
36,1,37,8,1,1321,5,1,1,6100,48,1,2,371.5975179,1,2
36,2,32,4,3,1410,5,1,1,4500,56,1,2,357.5405241,1,2
36,1,34,4,4,1410,5,1,1,5100,48,1,2,371.5975179,1,2
36,2,29,3,3,1410,11,1,1,4800,48,1,2,357.5405241,1,2
36,2,27,4,3,1410,5,1,1,4200,54,1,2,357.5405241,1,2
36,2,37,4,2,1410,11,2,1,5800,48,1,1,74.4491662,1,2
36,2,38,4,1,1410,11,3,1,5800,48,1,1,74.4491662,1,2
36,1,28,5,2,1311,11,4,2,4700,48,1,1,69.62600616,1,2
36,1,28,5,2,1311,11,3,1,4900,48,1,1,69.62600616,1,2
36,2,39,4,2,3100,5,2,1,4500,48,1,1,74.4491662,1,2
36,2,23,5,2,2732,11,2,1,4700,48,1,1,57.65921386,1,2
36,2,24,5,2,2733,11,3,1,4600,48,1,1,57.65921386,1,2
36,2,17,5,2,1410,11,3,1,3700,48,1,1,57.65921386,1,2
36,1,25,4,2,1311,11,2,1,5800,48,1,1,69.62600616,1,2
36,1,26,4,2,1312,11,3,1,5700,48,1,1,69.62600616,1,2
36,2,24,5,2,1410,11,3,1,4600,48,1,1,57.65921386,1,2
36,2,30,5,2,1410,11,3,1,4900,48,1,1,74.4491662,1,2
36,2,30,5,2,1410,11,3,1,4800,48,1,1,74.4491662,1,2
36,2,30,4,2,1410,5,2,1,4700,48,1,1,74.4491662,1,2
36,2,31,4,2,1410,5,3,1,4900,48,1,1,74.4491662,1,2
36,1,45,3,2,3100,3,6,2,7200,48,1,1,69.62600616,1,2
36,1,45,3,2,3100,3,6,2,6800,48,1,1,69.62600616,1,2
36,2,34,4,2,2732,11,2,1,5700,48,1,1,74.4491662,1,2
36,2,35,4,2,2733,11,3,1,5600,48,1,1,74.4491662,1,2
36,2,37,4,2,1311,11,4,2,5100,48,1,1,74.4491662,1,2
36,2,37,4,2,1311,11,3,1,5300,48,1,1,74.4491662,1,2
36,1,30,5,2,1621,5,3,1,5500,48,1,1,69.62600616,1,2
36,1,30,7,2,3100,5,3,1,5400,48,1,1,69.62600616,1,2
36,2,27,4,2,1410,11,3,1,4600,48,1,1,74.4491662,1,2
36,2,28,4,2,1410,11,3,1,4900,48,1,1,74.4491662,1,2
36,1,32,5,2,3100,3,6,2,6200,48,1,1,69.62600616,1,2
36,1,32,5,2,3100,3,6,2,6400,48,1,1,69.62600616,1,2
36,1,28,5,2,3100,3,6,2,5200,48,1,1,69.62600616,1,2
36,1,28,5,6,3100,3,6,2,5100,48,1,1,69.62600616,1,2
36,1,26,5,7,1410,11,3,1,6100,48,1,1,69.62600616,1,2
36,1,27,5,7,1410,11,3,1,6300,48,1,1,69.62600616,1,2
36,2,24,5,2,2732,11,3,1,5400,48,1,1,57.65921386,1,2
36,2,24,5,2,2733,11,3,1,5500,48,1,1,57.65921386,1,2
36,1,28,4,2,1520,5,4,2,2800,48,1,2,345.4069797,1,2
36,1,21,4,2,1410,5,4,2,3800,48,1,2,310.3986873,1,2
36,2,32,4,2,1410,11,3,1,4800,48,1,2,332.340736,1,2
36,2,34,4,1,1410,11,3,1,4400,48,1,2,332.340736,1,2
36,2,18,4,1,1410,11,3,1,3800,48,1,2,354.266295,1,2
36,1,19,4,3,1410,11,3,1,5400,48,1,2,310.3986873,1,2
36,1,34,4,2,3100,3,6,2,4400,48,1,2,390.2184694,1,2
36,2,30,4,2,1410,11,3,1,6200,48,1,2,375.4570722,1,2
36,2,18,4,3,1410,11,3,1,4900,48,1,2,400.2271509,1,2
36,2,18,4,2,1410,11,3,1,5200,48,1,2,400.2271509,1,2
36,2,46,4,2,1410,5,3,1,4300,48,1,2,375.4570722,1,2
36,2,18,4,3,1410,11,3,1,4500,48,1,2,400.2271509,1,2
36,1,18,5,2,1410,11,3,1,4600,48,1,2,350.6683644,1,2
36,1,18,4,3,1410,11,3,1,4800,48,1,2,350.6683644,1,2
36,2,18,5,2,1410,11,3,1,4500,48,1,2,400.2271509,1,2
36,1,29,5,7,1811,5,5,2,6100,48,1,2,390.2184694,1,2
36,2,45,4,2,1410,11,3,1,4200,48,1,2,375.4570722,1,2
36,2,34,5,2,1410,11,2,1,6200,48,1,2,375.4570722,1,2
36,2,34,5,2,1410,11,3,1,6300,48,1,2,375.4570722,1,2
36,2,20,4,2,1410,5,3,1,4200,48,1,2,400.2271509,1,2
36,2,18,4,2,1410,11,3,1,4000,48,1,2,400.2271509,1,2
36,2,34,4,2,1410,5,3,1,3600,48,1,2,375.4570722,1,2
36,1,22,4,2,1410,11,2,1,4900,48,1,2,350.6683644,1,2
36,1,22,4,2,1410,11,3,1,5300,48,1,2,350.6683644,1,2
36,2,22,5,2,2733,11,3,1,5100,48,1,2,400.2271509,1,2
36,1,24,4,2,1410,11,2,1,4200,48,1,2,333.1723081,1,2
36,1,24,4,2,1410,11,3,1,4500,48,1,2,333.1723081,1,2
36,2,20,4,2,1410,11,2,1,4500,48,1,2,380.2584355,1,2
36,2,20,4,2,1410,11,3,1,4600,48,1,2,380.2584355,1,2
36,1,35,5,2,1410,11,3,1,4800,48,1,2,370.7491217,1,2
36,2,30,4,2,1410,11,3,1,5300,48,1,2,356.7242216,1,2
36,1,24,5,2,2733,11,3,1,4300,48,1,2,333.1723081,1,2
36,2,24,4,2,2733,11,3,1,5100,48,1,2,380.2584355,1,2
36,1,18,5,2,1410,11,3,1,3200,48,1,2,333.1723081,1,2
36,1,19,4,2,1410,11,2,1,3700,48,1,2,333.1723081,1,2
36,2,34,5,2,1311,11,3,1,5100,48,1,2,356.7242216,1,2
36,2,25,4,2,1410,11,3,1,4100,48,1,2,356.7242216,1,2
36,1,21,5,2,1410,11,2,1,4200,48,1,2,333.1723081,1,2
36,1,22,5,2,1410,11,3,1,4500,48,1,2,333.1723081,1,2
36,2,20,5,2,1410,11,2,1,4400,48,1,2,380.2584355,1,2
36,2,20,5,2,1410,11,3,1,4600,48,1,2,380.2584355,1,2
36,2,40,4,2,2732,11,2,1,4500,48,1,2,356.7242216,1,2
36,2,40,4,2,2732,11,3,1,4500,48,1,2,356.7242216,1,2
36,1,21,5,2,2732,11,2,1,4200,48,1,2,333.1723081,1,2
36,1,21,5,2,2732,11,3,1,4300,48,1,2,333.1723081,1,2
36,1,22,4,2,1410,11,3,1,7000,48,1,2,333.1723081,1,2
36,2,22,4,2,1410,11,3,1,4000,48,1,2,380.2584355,1,2
36,1,21,4,2,1410,11,2,1,4200,48,1,2,333.1723081,1,2
36,2,21,4,2,1410,11,2,1,3700,48,1,2,380.2584355,1,2
36,1,41,4,2,1410,11,3,1,5500,54,1,2,370.7491217,1,2
36,2,38,4,2,1410,11,3,1,4900,48,1,2,356.7242216,1,2
36,2,17,4,2,1410,11,4,2,3700,48,1,2,380.2584355,1,2
36,2,17,4,2,1410,11,3,1,3500,48,1,2,380.2584355,1,2
36,1,33,4,2,2733,11,3,1,5200,48,1,2,370.7491217,1,2
36,2,42,4,2,141,11,3,1,5000,48,1,2,358.7053629,1,2
36,1,23,5,2,1311,11,3,1,5000,48,1,2,333.1723081,1,2
36,2,45,5,2,1410,11,2,1,6100,48,1,2,356.7242216,1,2
36,2,45,5,2,1410,11,3,1,6200,48,1,2,356.7242216,1,2
36,2,33,4,2,1410,11,3,1,5600,48,1,2,356.7242216,1,2
36,1,35,4,2,2394,5,2,1,3000,48,1,2,392.2418244,1,2
36,1,36,4,4,2394,5,2,1,4800,42,1,2,392.2418244,1,2
36,2,28,4,2,1410,11,2,1,3500,48,1,2,377.4038866,1,2
36,2,28,4,2,3240,11,2,1,6000,48,1,2,377.4038866,1,2
36,2,42,4,2,3240,11,2,1,5400,40,1,2,377.4038866,1,2
36,2,39,4,2,1410,11,2,1,3500,40,1,2,377.4038866,1,2
36,2,39,4,2,1410,11,2,1,4000,40,1,2,377.4038866,1,2
36,1,18,5,2,1410,11,2,1,4000,40,1,2,352.4866449,1,2
36,1,26,4,5,1410,11,2,1,3700,48,1,2,392.2418244,1,2
36,1,26,4,2,1410,11,2,1,4500,48,1,2,392.2418244,1,2
36,2,24,1,2,1410,5,2,1,3000,48,1,2,402.3024028,1,2
36,2,24,4,1,1410,11,2,1,4200,48,1,2,402.3024028,1,2
36,2,43,4,2,1410,11,2,1,3500,40,1,2,377.4038866,1,2
36,2,43,4,2,1410,11,2,1,3500,48,1,2,377.4038866,1,2
36,2,34,4,2,2610,11,3,1,3000,40,1,2,263.422847,1,2
36,1,25,8,1,2394,5,1,1,8500,48,1,2,373.5636423,1,2
36,1,25,8,1,2394,5,1,1,8000,45,1,2,373.5636423,1,2
36,2,25,8,2,2733,11,2,1,2000,40,1,2,359.432273,1,2
36,1,33,3,2,2220,5,2,1,5700,48,1,2,364.1063349,1,2
36,1,42,3,2,1410,5,1,1,5500,48,1,2,364.1063349,1,2
36,2,27,4,2,1410,5,2,1,5500,48,1,2,350.3327217,1,2
36,2,38,3,2,1410,3,6,2,3100,45,1,2,350.3327217,1,2
36,2,20,5,2,1410,5,1,1,4500,48,1,2,373.4452684,1,2
36,1,33,5,2,1410,5,1,1,5500,48,1,2,364.1063349,1,2
36,2,25,4,2,1410,5,1,1,5200,48,1,2,350.3327217,1,2
36,1,31,3,2,1410,5,1,1,5500,48,1,2,364.1063349,1,2
36,2,27,4,2,1410,3,6,2,4500,42,1,2,350.3327217,1,2
36,1,22,4,2,1410,5,1,1,5000,48,1,2,327.2027927,1,2
36,1,33,4,2,1410,5,1,1,5500,48,1,2,364.1063349,1,2
36,2,27,4,2,1410,5,1,1,4800,48,1,2,350.3327217,1,2
36,1,48,2,2,1410,5,1,1,5000,48,1,2,364.1063349,1,2
36,2,49,3,2,1410,5,1,1,5000,48,1,2,350.3327217,1,2
36,1,54,3,2,1410,3,6,2,3000,45,1,2,364.1063349,1,2
36,2,52,3,2,1410,3,6,2,3000,45,1,2,350.3327217,1,2
36,1,16,3,2,1410,5,1,1,4200,48,1,2,327.2027927,1,2
36,2,37,3,2,1410,3,6,2,3100,40,1,2,350.3327217,1,2
36,1,41,3,2,1410,5,1,1,5000,48,1,2,364.1063349,1,2
36,2,37,3,2,1410,5,1,1,5000,48,1,2,350.3327217,1,2
36,1,37,3,2,1410,5,1,1,5000,48,1,2,364.1063349,1,2
36,2,32,4,2,1410,3,6,1,2000,45,1,2,350.3327217,1,2
36,1,45,4,2,1410,5,2,1,7000,48,1,2,364.1063349,1,2
36,2,42,4,2,1410,5,2,1,6500,48,1,2,350.3327217,1,2
36,1,19,4,2,1410,5,2,1,4500,40,1,2,327.2027927,1,2
36,2,38,4,2,1410,3,6,2,3200,40,1,2,350.3327217,1,2
36,1,68,4,2,2599,3,6,2,1850,40,1,2,312.9475836,1,2
36,1,58,3,2,2220,5,1,1,15000,40,1,2,364.1063349,1,2
36,1,36,8,2,2220,5,1,1,18000,50,1,2,364.1063349,1,2
36,2,33,8,1,2220,5,1,1,9000,40,1,2,350.3327217,1,2
36,2,34,8,1,1410,5,1,1,9000,48,1,2,350.3327217,1,2
36,1,40,4,2,1410,5,2,1,6500,48,1,2,364.1063349,1,2
36,1,40,3,1,1410,5,1,1,7000,48,1,2,364.1063349,1,2
36,2,30,5,2,1410,3,6,2,6000,48,1,2,350.3327217,1,2
36,2,35,3,2,2220,5,2,1,7000,48,1,2,350.3327217,1,2
36,1,55,2,2,1410,5,2,1,5600,48,1,2,364.1063349,1,2
36,1,27,4,2,1410,5,2,1,7000,48,1,2,364.1063349,1,2
36,1,41,4,2,1410,5,2,1,7000,48,1,2,364.1063349,1,2
36,2,35,4,2,1410,5,2,1,6000,48,1,2,350.3327217,1,2
36,1,26,5,3,1410,5,2,1,4500,48,1,1,72.66423188,1,2
36,1,32,5,3,1410,5,2,1,7000,58,1,1,72.66423188,1,2
36,2,29,5,3,1410,5,2,1,6500,58,1,1,77.69785709,1,2
36,1,57,5,3,1520,5,2,1,6300,65,1,1,72.66423188,1,2
36,1,58,5,3,1520,5,2,1,8500,72,1,1,72.66423188,1,2
36,2,53,5,3,1520,5,2,1,6600,65,1,1,77.69785709,1,2
36,2,53,5,3,1520,5,2,1,7800,72,1,1,77.69785709,1,2
36,1,26,5,3,1520,5,2,1,6200,65,1,1,72.66423188,1,2
36,1,26,5,3,1520,5,2,1,7300,72,1,1,72.66423188,1,2
36,2,35,5,3,1410,5,2,1,6000,54,1,1,77.69785709,1,2
36,1,23,5,3,1410,5,2,1,4700,56,1,1,70.28780372,1,2
36,1,23,5,3,1410,5,2,1,6700,56,1,1,70.28780372,1,2
36,2,25,5,3,1410,5,2,1,4800,56,1,1,77.69785709,1,2
36,2,25,7,3,1410,5,2,1,5500,56,1,1,77.69785709,1,2
36,1,22,5,3,1410,5,2,1,4700,48,1,1,70.28780372,1,2
36,1,22,5,3,1410,5,2,1,5500,48,1,1,70.28780372,1,2
36,1,38,8,1,161,10,1,1,4150,48,1,1,72.66423188,1,2
36,1,38,8,1,161,10,1,1,4150,48,1,1,72.66423188,1,2
36,1,47,5,3,1629,3,6,2,6300,56,1,1,75.77411387,1,2
36,2,48,7,1,161,10,1,1,5900,48,1,1,81.02316805,1,2
36,2,48,8,1,111,10,1,1,5200,40,1,1,81.02316805,1,2
36,2,27,5,3,1410,5,2,1,5500,48,1,2,355.203658,1,2
36,2,27,5,3,1410,5,2,1,6700,53,1,2,355.203658,1,2
36,2,18,5,3,1410,5,2,1,5500,50,1,2,378.6375556,1,2
36,1,26,5,5,2511,3,6,2,6300,65,1,2,369.1687759,1,2
36,1,36,5,3,1520,5,2,1,5200,54,1,2,369.1687759,1,2
36,1,36,5,3,1074,5,2,1,6500,48,1,2,369.1687759,1,2
36,2,27,5,3,1520,5,2,1,5200,54,1,2,355.203658,1,2
36,2,27,5,3,1410,5,2,1,5500,48,1,2,355.203658,1,2
36,2,34,4,2,1410,5,2,1,5600,60,1,2,355.203658,1,2
36,2,20,4,2,1410,5,2,1,4700,60,1,2,378.6375556,1,2
36,1,22,4,2,2511,3,6,2,5000,56,1,2,295.9147142,1,2
36,1,28,5,2,2511,3,6,2,4500,56,1,2,329.2894328,1,2
36,2,21,4,3,1520,5,2,1,7600,73,1,2,337.7353505,1,2
36,2,50,4,3,1410,3,6,2,1800,48,1,2,344.3593067,1,2
36,1,28,4,4,3100,3,6,2,4700,48,1,2,357.8980702,1,2
36,1,28,4,2,3100,3,7,2,6500,56,1,2,357.8980702,1,2
36,2,28,5,3,1410,3,6,2,3500,48,1,2,344.3593067,1,2
36,2,17,4,3,1520,11,2,1,5000,48,1,1,54.26107321,1,2
36,2,18,4,3,1520,11,2,1,4600,48,1,1,54.26107321,1,2
36,2,31,5,3,1410,11,2,1,5000,48,1,1,70.0615112,1,2
36,2,32,5,3,1410,11,2,1,4100,48,1,1,70.0615112,1,2
36,1,44,5,2,2593,3,6,2,5500,45,1,1,65.52260367,1,2
36,1,45,5,2,2593,3,6,2,4500,40,1,1,65.52260367,1,2
36,2,36,4,3,1410,5,2,1,4800,48,1,1,70.0615112,1,2
36,2,37,4,3,1410,11,2,1,4000,48,1,1,70.0615112,1,2
36,2,19,4,3,1410,5,2,1,5000,48,1,1,54.26107321,1,2
36,2,20,4,3,1410,11,2,1,4600,48,1,1,54.26107321,1,2
36,1,44,4,5,118,1,6,2,6000,40,1,2,384.8002147,1,2
36,2,21,7,2,1410,5,3,1,3700,48,1,2,392.4901491,1,2
36,2,21,5,7,1410,5,3,1,3700,48,1,2,392.4901491,1,2
36,1,27,5,3,1410,5,2,1,4300,48,1,2,382.6749507,1,2
36,1,24,5,3,1410,11,2,1,4500,48,1,2,343.8894096,1,2
36,1,26,5,3,1410,5,2,1,4600,48,1,2,382.6749507,1,2
36,1,26,5,3,1410,5,2,1,4600,48,1,2,382.6749507,1,2
36,1,22,5,3,1410,5,2,1,4600,48,1,2,343.8894096,1,2
36,1,22,5,3,1410,5,2,1,4600,48,1,2,343.8894096,1,2
36,2,32,4,3,1410,11,2,1,5000,48,1,2,368.1989138,1,2
36,2,32,4,3,1410,11,2,1,4500,48,1,2,368.1989138,1,2
36,2,33,4,3,1410,11,2,1,5000,48,1,2,364.2079465,1,2
36,2,36,5,3,1520,11,3,1,4000,48,1,2,364.2079465,1,2
36,2,37,5,3,1520,11,2,1,4500,48,1,2,364.2079465,1,2
36,1,21,5,3,1520,11,2,1,4500,48,1,2,340.161937,1,2
36,1,21,5,3,1520,11,2,1,4300,48,1,2,340.161937,1,2
36,2,23,5,3,1520,11,2,1,4200,48,1,2,388.2358852,1,2
36,2,23,4,3,1512,11,2,1,4800,48,1,2,388.2358852,1,2
36,2,29,5,3,1410,5,2,1,4200,48,1,2,364.2079465,1,2
36,2,29,5,3,1410,5,2,1,4300,48,1,2,364.2079465,1,2
36,1,34,3,2,3092,3,6,2,4000,40,1,2,378.5270753,1,2
36,2,19,4,3,1520,11,2,1,4500,48,1,2,388.2358852,1,2
36,2,29,4,2,1512,11,2,1,4800,48,1,2,364.2079465,1,2
36,2,18,5,3,1520,11,2,1,4300,48,1,2,388.2358852,1,2
36,2,19,5,3,1512,11,2,1,4300,48,1,2,388.2358852,1,2
36,2,34,3,3,1410,3,6,2,4000,42,1,2,364.2079465,1,2
36,2,41,4,3,1410,11,2,1,4200,48,1,2,256.3498098,1,2
36,2,41,4,3,1410,11,2,1,4500,48,1,2,256.3498098,1,2
36,1,61,4,3,2511,3,6,2,6000,45,1,2,228.9938922,1,2
36,2,37,4,3,1410,11,2,1,4300,48,1,2,256.3498098,1,2
36,2,37,4,3,1410,11,2,1,4500,48,1,2,256.3498098,1,2
36,1,43,9,1,161,10,1,1,24600,40,1,1,61.46295716,1,2
36,1,39,5,6,2392,5,2,1,6600,48,1,2,389.1038898,1,2
36,2,30,5,5,1410,5,2,1,3000,48,1,2,318.9328619,1,2
36,2,31,5,6,1410,5,2,1,4500,48,1,2,318.9328619,1,2
36,1,26,5,7,1410,5,2,1,5800,48,1,2,331.4719643,1,2
36,1,25,5,7,1410,5,2,1,3700,48,1,2,331.4719643,1,2
36,1,20,4,4,1410,3,6,2,4200,50,1,2,331.0516462,1,2
36,1,28,5,2,1410,5,2,1,4800,48,1,2,338.9744162,1,2
36,2,33,4,2,1410,3,6,2,3000,48,1,2,326.1515069,1,2
36,1,35,4,6,2511,3,6,2,3500,40,1,2,338.9744162,1,2
36,2,33,5,4,1520,5,2,1,3800,48,1,2,326.1515069,1,2
36,1,40,4,2,2511,3,6,2,4500,45,1,2,338.9744162,1,2
36,2,34,5,2,1520,3,6,2,3800,48,1,2,326.1515069,1,2
36,1,34,4,2,2511,3,6,2,3500,45,1,2,338.9744162,1,2
36,1,45,4,4,3011,5,2,1,8000,50,1,1,62.38490152,1,2
36,2,41,4,2,1410,3,6,2,3600,56,1,1,84.13426494,1,2
36,1,21,3,2,2511,3,6,2,3300,56,1,1,76.11037063,1,2
36,2,17,4,2,1410,3,5,2,3700,56,1,1,65.16010618,1,2
36,1,44,4,3,3012,3,6,2,5000,56,1,1,78.68365957,1,2
36,1,44,4,3,3011,3,6,2,5000,56,1,1,78.68365957,1,2
36,2,42,3,3,3012,3,6,2,3000,56,1,1,84.13426494,1,2
36,2,42,3,3,3011,3,6,2,3000,56,1,1,84.13426494,1,2
36,1,30,8,1,2022,5,2,1,12000,44,1,1,78.68365957,1,2
36,1,44,3,2,2395,3,6,2,3500,56,1,2,322.1309669,1,2
36,2,41,3,2,2395,3,6,2,4200,56,1,2,309.9452209,1,2
36,1,44,4,2,3100,3,6,2,5500,55,1,2,322.1309669,1,2
36,2,40,4,2,1410,3,6,2,3700,56,1,2,309.9452209,1,2
36,2,26,4,2,1410,3,6,2,4000,48,1,2,309.9452209,1,2
36,2,29,4,3,1410,3,6,2,1600,35,1,2,309.9452209,1,2
36,2,35,3,2,1410,5,2,1,3700,60,1,2,293.9777643,1,2
36,1,38,4,1,3100,3,6,2,5500,56,1,2,305.5357369,1,2
36,2,30,4,1,1410,3,6,2,3800,56,1,2,293.9777643,1,2
36,1,33,8,1,3100,10,2,1,8100,60,1,1,77.15154044,1,2
36,1,34,8,1,3011,5,2,1,8200,60,1,1,77.15154044,1,2
36,2,32,7,1,1410,5,2,1,6200,64,1,1,82.49601225,1,2
36,2,32,7,1,1410,5,2,1,4100,60,1,1,82.49601225,1,2
37,1,26,8,1,2620,11,2,1,8600,52,1,1,36.89805637,1,2
37,1,26,8,1,2620,11,2,1,8500,52,1,1,36.89805637,1,2
37,1,27,5,6,2511,3,6,2,6000,56,1,1,42.6607421,1,2
37,1,25,5,7,2910,5,2,1,4500,56,1,1,37.9672284,1,2
37,1,25,5,7,2910,5,2,1,4900,56,1,1,37.9672284,1,2
37,2,29,8,1,3320,5,2,2,4000,48,1,1,37.21774515,1,2
37,2,29,8,1,3320,5,2,2,4000,48,1,1,37.21774515,1,2
37,2,34,6,1,1410,5,1,1,5000,48,1,1,41.79554629,1,2
37,2,32,6,1,1410,5,1,1,5400,48,1,1,41.79554629,1,2
37,1,46,8,1,2391,5,1,1,8000,48,1,1,42.63721635,1,2
37,1,54,5,7,2599,3,6,2,5000,56,1,1,42.63721635,1,2
37,1,55,5,7,2599,3,6,2,5500,56,1,1,42.63721635,1,2
37,2,24,7,1,1410,11,6,2,3500,48,1,1,31.01807885,1,2
37,1,41,5,5,2511,5,2,2,5900,55,1,1,30.82893431,1,2
37,2,26,8,1,2640,5,2,1,5900,48,1,1,30.22036289,1,2
37,2,26,8,1,2750,5,2,1,5900,48,1,1,30.22036289,1,2
37,1,51,5,6,2012,5,1,1,5900,48,1,1,30.82893431,1,2
37,1,51,5,6,2012,5,1,1,5900,48,1,1,30.82893431,1,2
37,2,44,6,1,2012,5,1,1,5200,48,1,1,30.22036289,1,2
37,2,44,6,1,2012,5,1,1,5200,48,1,1,30.22036289,1,2
37,2,35,8,1,1410,11,1,1,12000,48,1,2,139.4256226,1,2
37,2,36,8,1,1410,11,1,1,11000,48,1,2,139.4256226,1,2
37,1,30,5,6,2395,5,1,1,9000,56,1,1,36.42899614,1,2
37,1,31,5,6,2395,5,1,1,9000,56,1,1,36.42899614,1,2
37,1,32,8,1,2012,5,1,1,9000,48,1,1,36.42899614,1,2
37,1,33,8,1,2012,5,1,1,9200,48,1,1,36.42899614,1,2
37,1,34,5,6,3011,5,1,1,6000,48,1,1,36.42899614,1,2
37,1,35,5,6,3011,5,1,1,9000,48,1,1,36.42899614,1,2
37,2,30,5,6,2816,5,1,1,5000,48,1,1,35.70987802,1,2
37,2,31,5,6,2816,5,1,1,5000,48,1,1,35.70987802,1,2
37,1,26,5,7,1311,5,1,1,5000,48,1,1,36.42899614,1,2
37,1,26,5,7,1311,5,1,1,5200,48,1,1,36.42899614,1,2
37,1,28,5,7,3100,3,6,2,5800,58,1,1,37.83011138,1,2
37,1,29,5,7,3100,3,6,2,6000,56,1,1,37.83011138,1,2
37,2,34,6,1,161,4,1,1,2100,40,1,1,37.08333486,1,2
37,2,34,6,1,161,4,1,1,3100,40,1,1,37.08333486,1,2
37,1,53,4,6,2394,10,2,2,5200,48,1,1,40.35593137,1,2
37,1,54,4,6,2394,10,2,2,5500,48,1,1,40.35593137,1,2
37,1,42,5,6,2592,3,6,2,4200,56,1,1,40.35593137,1,2
37,1,43,5,6,2592,3,6,2,4500,56,1,1,40.35593137,1,2
37,2,28,6,1,1520,11,2,1,7100,55,1,1,39.55929448,1,2
37,2,28,6,1,1520,11,2,1,7800,58,1,1,39.55929448,1,2
37,1,27,5,7,2720,5,2,1,7300,56,1,1,40.35593137,1,2
37,1,27,5,7,2720,5,2,1,7600,64,1,1,40.35593137,1,2
37,2,23,8,1,1030,5,1,1,4800,48,1,1,38.57710648,1,2
37,1,31,5,5,2394,5,2,2,5200,52,1,1,38.30948454,1,2
37,1,31,5,5,2394,5,3,2,4700,55,1,1,38.30948454,1,2
37,2,30,6,1,1520,11,2,1,4100,48,1,1,37.55324507,1,2
37,2,30,6,1,1520,11,2,1,4100,48,1,1,37.55324507,1,2
37,1,23,5,6,2410,11,1,1,4700,48,1,1,37.2213856,1,2
37,1,23,5,6,2410,11,1,1,5200,48,1,1,37.2213856,1,2
37,1,25,4,7,1520,11,2,1,5700,52,1,1,38.30948454,1,2
37,1,25,5,7,1520,11,2,1,6300,54,1,1,38.30948454,1,2
37,1,25,4,7,1030,5,1,1,5680,48,1,1,38.30948454,1,2
37,1,25,4,7,1030,5,1,1,5800,48,1,1,38.30948454,1,2
37,2,33,8,1,1410,11,1,1,5500,48,1,1,37.55324507,1,2
37,2,33,8,1,1410,11,1,1,5800,48,1,1,37.55324507,1,2
37,2,45,4,2,1520,11,2,1,5100,48,1,1,37.55324507,1,2
37,1,26,5,7,1030,5,1,1,5400,56,1,1,43.42521909,1,2
37,1,26,5,7,1030,5,1,1,5600,56,1,1,43.42521909,1,2
37,1,42,5,6,2394,5,1,1,14000,48,1,1,43.42521909,1,2
37,1,43,3,7,2394,5,1,1,8600,56,1,1,43.42521909,1,2
37,1,43,4,7,2394,5,1,1,8200,56,1,1,43.42521909,1,2
37,1,33,4,6,2431,11,1,1,4700,56,1,1,43.42521909,1,2
37,2,36,6,1,1410,11,2,1,11500,65,1,1,42.56799365,1,2
37,1,42,5,6,2394,5,1,1,12000,48,1,1,43.42521909,1,2
37,1,24,5,7,2592,3,6,2,7500,48,1,1,143.5200959,1,2
37,1,25,5,7,2511,3,6,2,7600,48,1,1,147.7156427,1,2
37,1,25,7,1,2394,5,2,1,8140,48,1,1,147.7156427,1,2
37,1,25,7,1,2394,5,1,1,8200,48,1,1,147.7156427,1,2
37,2,23,8,1,2394,5,2,1,7200,48,1,1,148.7475528,1,2
37,2,23,8,1,2394,5,1,1,7500,48,1,1,148.7475528,1,2
37,1,32,5,6,2220,5,2,2,4500,48,1,2,42.88220488,1,2
37,1,33,5,6,2220,5,2,2,4500,48,1,2,42.88220488,1,2
37,2,27,5,3,1520,11,2,1,4950,48,1,2,41.63507012,1,2
37,2,28,7,1,1520,11,1,1,6600,48,1,2,41.63507012,1,2
37,2,28,7,1,1520,11,2,1,6600,48,1,2,41.63507012,1,2
37,1,30,8,1,2394,5,1,1,6600,48,1,2,42.88220488,1,2
37,1,31,8,1,2394,5,1,1,8700,48,1,2,42.88220488,1,2
37,1,25,4,6,2399,3,6,2,4000,48,1,2,154.4267678,1,2
37,1,26,4,6,2599,3,6,2,4000,48,1,2,154.4267678,1,2
37,2,32,3,3,1410,3,4,2,3500,49,1,2,149.9356044,1,2
37,2,33,3,2,1410,3,2,2,3500,48,1,2,149.9356044,1,2
37,2,41,4,2,1410,5,2,1,4000,48,1,2,149.9356044,1,2
37,2,34,6,3,2630,5,2,1,5000,54,1,2,128.661695,1,2
37,2,43,5,2,2652,5,3,1,5250,59,1,2,131.3825848,1,2
37,2,32,5,3,1520,5,3,1,10900,60,1,2,131.3825848,1,2
37,2,20,4,3,1520,5,2,1,4500,55,1,2,159.029845,1,2
37,2,21,4,3,1520,11,3,1,4550,54,1,2,159.029845,1,2
37,2,18,4,3,1520,5,2,1,4000,55,1,2,159.029845,1,2
37,2,18,4,3,1520,11,3,1,4000,54,1,2,159.029845,1,2
37,2,37,5,4,1410,5,2,1,8000,60,1,2,40.7462376,1,2
37,2,37,5,4,1410,11,2,1,8300,56,1,2,40.7462376,1,2
37,2,28,7,1,2610,11,2,1,5000,56,1,2,136.3605185,1,2
37,1,28,5,6,3314,3,6,2,3700,55,1,2,140.4450545,1,2
37,1,28,5,6,2710,3,6,2,3200,50,1,2,140.4450545,1,2
37,1,25,5,7,2910,5,1,1,4850,48,1,2,145.1999341,1,2
37,1,25,5,7,2910,5,1,1,5800,48,1,2,145.1999341,1,2
37,1,35,5,5,2599,5,2,1,4850,48,1,2,145.1999341,1,2
37,1,36,5,5,2599,5,2,1,4300,48,1,2,145.1999341,1,2
37,1,25,8,1,2910,5,2,1,4500,48,1,2,145.1999341,1,2
37,1,25,8,1,2910,5,2,1,4200,48,1,2,145.1999341,1,2
37,2,21,5,7,1410,11,2,2,3500,56,1,2,164.4725892,1,2
37,2,21,5,7,1410,5,2,2,3500,56,1,2,164.4725892,1,2
37,1,29,5,6,2599,3,6,2,5000,56,1,2,146.7980807,1,2
37,1,29,5,6,2599,3,6,2,6500,56,1,2,146.7980807,1,2
37,1,57,6,1,161,10,1,1,4500,48,1,2,147.613354,1,2
37,1,57,6,1,161,10,1,1,7000,48,1,2,147.613354,1,2
37,1,39,5,4,2910,5,2,2,5800,48,1,2,146.7980807,1,2
37,1,40,5,5,2910,5,2,1,5800,56,1,2,146.7980807,1,2
37,2,30,5,2,1410,11,2,1,3800,63,1,2,121.2790354,1,2
37,2,31,5,2,1410,11,2,2,3850,56,1,2,121.2790354,1,2
37,1,30,5,6,1050,5,2,1,8200,40,1,2,124.9118214,1,2
37,1,36,8,1,1062,11,2,1,8000,48,1,2,128.3434648,1,2
37,1,36,8,1,1079,11,2,1,8500,48,1,2,128.3434648,1,2
37,1,44,5,6,2599,3,6,2,6000,56,1,2,128.3434648,1,2
37,1,45,5,6,2599,3,6,2,6000,56,1,2,128.3434648,1,2
37,2,48,6,1,161,4,1,1,1400,20,1,2,125.3029292,1,2
37,2,48,6,1,161,4,1,1,1400,20,1,2,125.3029292,1,2
37,1,29,8,1,2910,5,2,1,6000,60,1,2,135.0542342,1,2
37,1,29,8,1,2910,5,2,1,6000,60,1,2,135.0542342,1,2
37,2,29,8,2,1410,5,2,1,6000,60,1,2,131.1264784,1,2
37,2,29,8,1,1410,5,2,1,6000,56,1,2,131.1264784,1,2
37,2,21,7,1,1410,10,2,1,3100,56,1,2,151.3147821,1,2
37,1,29,8,2,2910,5,2,1,6050,56,1,2,135.0542342,1,2
37,1,30,8,2,2910,5,2,1,6450,56,1,2,135.0542342,1,2
37,2,29,8,2,1410,5,2,1,5500,56,1,2,131.1264784,1,2
37,2,29,8,2,1410,5,2,1,5520,56,1,2,131.1264784,1,2
37,2,52,4,7,3100,3,6,2,3000,48,1,2,142.4996934,1,2
37,1,22,5,6,2394,5,2,1,5000,48,1,2,132.7818564,1,2
37,1,23,7,1,2394,11,2,1,5000,48,1,2,132.7818564,1,2
37,1,23,5,7,2394,5,2,1,6000,48,1,2,132.7818564,1,2
37,1,23,5,7,2394,5,2,1,6000,48,1,2,132.7818564,1,2
37,1,40,5,5,2394,11,1,1,6500,48,1,2,146.7681219,1,2
37,1,40,5,5,2394,11,1,1,6500,48,1,2,146.7681219,1,2
37,2,33,6,1,2394,11,2,1,4000,48,1,2,146.176222,1,2
37,2,33,6,1,2394,11,2,1,4200,48,1,2,146.176222,1,2
37,2,27,6,1,1410,11,2,1,3200,48,1,2,146.176222,1,2
37,2,28,6,1,1410,11,2,1,4500,48,1,2,146.176222,1,2
37,1,45,4,5,2394,11,2,1,5650,56,1,2,150.554777,1,2
37,1,45,4,5,2394,11,2,1,5950,56,1,2,150.554777,1,2
37,1,26,5,7,2394,11,2,1,5280,56,1,2,150.554777,1,2
37,1,26,5,7,2394,11,2,1,5280,56,1,2,150.554777,1,2
37,2,23,8,1,1030,5,1,1,7000,48,1,2,47.11922319,1,2
37,2,24,8,1,1030,5,1,1,7000,48,1,2,47.11922319,1,2
37,1,20,5,6,2394,11,2,1,7000,56,1,2,38.04801197,1,2
37,1,20,4,6,2394,10,1,1,7000,56,1,2,38.04801197,1,2
37,1,24,5,7,2310,5,2,1,5000,48,1,2,126.8836375,1,2
37,1,24,5,7,2740,5,2,1,5000,48,1,2,126.8836375,1,2
37,2,44,4,2,1520,11,2,2,4800,56,1,2,134.9922355,1,2
37,2,29,4,2,1410,11,2,2,5600,56,1,2,134.9922355,1,2
37,1,27,4,6,1410,5,6,2,3500,34,1,2,147.8296348,1,2
37,2,26,4,4,1410,3,6,2,800,24,1,2,126.7555958,1,2
37,2,25,5,7,1410,5,2,1,8000,48,1,2,126.7555958,1,2
37,2,25,7,1,1410,5,2,1,8000,48,1,2,126.7555958,1,2
37,1,32,4,2,2392,6,2,2,4000,48,1,2,130.5524264,1,2
37,2,33,4,2,2392,5,2,2,4000,48,1,2,126.7555958,1,2
37,2,22,5,7,1410,5,2,1,3500,48,1,2,146.270956,1,2
37,2,23,5,7,1410,5,2,1,3500,48,1,2,146.270956,1,2
37,2,36,5,7,1520,11,2,1,7000,48,1,2,147.5172882,1,2
37,2,36,5,7,1520,11,2,1,7000,48,1,2,147.5172882,1,2
37,2,28,4,5,3240,11,2,1,6200,50,1,2,142.4304852,1,2
37,2,28,4,5,3240,11,2,1,6200,56,1,2,142.4304852,1,2
37,2,35,5,7,1410,11,2,1,5800,48,1,2,115.5983428,1,2
37,2,35,5,7,1410,11,2,1,5800,48,1,2,115.5983428,1,2
37,1,27,7,1,2511,3,6,2,6000,56,1,2,108.2462586,1,2
37,1,24,5,6,2012,10,1,1,5500,56,1,2,148.7242636,1,2
37,1,24,5,7,2012,5,1,1,5500,56,1,2,148.7242636,1,2
37,1,23,4,5,2599,3,6,2,5000,56,1,2,121.7478712,1,2
37,1,33,8,1,1410,5,1,1,8200,54,1,2,136.1504537,1,2
37,1,33,8,1,1410,5,1,1,8000,70,1,2,136.1504537,1,2
37,1,31,7,1,3313,5,2,1,7000,48,1,2,136.1504537,1,2
37,1,45,8,1,2720,5,2,1,8600,48,1,2,150.6698801,1,2
37,1,22,5,5,1410,11,2,2,2300,48,1,2,130.1370641,1,2
37,1,50,5,5,161,5,1,1,3200,54,1,2,144.6436179,1,2
37,1,50,4,5,161,5,1,1,3200,72,1,2,144.6436179,1,2
